[final]     0.17s  grid 5400x5400 cells of 9.98 layout units | clearance 19 cells for a rule of 18.53 | stub 11 cells | band 209 cells | bend 27000 | wire price 14 | obstacle price 4 over 11 cells | resonators 601 cells long
[final]     0.17s  inner routing: 11 of 11 wires start on the way the Detail stage drew
[final]     0.17s  inner routing: 11 wires, up to 4 rounds, 8 relaxations each way
[final]     0.20s    wire i0 · round 0 forward · normal: found 49 cells
[final]     0.22s    wire i1 · round 0 forward · normal: found 48 cells
[final]     0.24s    wire i2 · round 0 forward · normal: found 183 cells
[final]     0.26s    wire i3 · round 0 forward · normal: found 131 cells
[final]     0.27s    wire i4 · round 0 forward · normal: found 140 cells
[final]     0.29s    wire i5 · round 0 forward · normal: found 67 cells
[final]     0.31s    wire i6 · round 0 forward · normal: found 144 cells
[final]     0.32s    wire i7 · round 0 forward · normal: found 50 cells
[final]     0.34s    wire i8 · round 0 forward · normal: found 45 cells
[final]     0.36s    wire i9 · round 0 forward · normal: found 135 cells
[final]     0.38s    wire i10 · round 0 forward · normal: found 158 cells
[final]     0.38s  inner routing round 0 forward : tried 11, routed 11, unrouted 0, open 0, short 0 | Fails: 0
[final]     0.38s  inner routing: 11 of 11 drawn, 0 unrouted, 0 open, 0 short | Fails: 0
[final]     0.38s  inner routing round 0 forward : 11 found a way in phase 1, 0 after relaxation, 0 failed
[final]     0.38s  outer routing settings: length-point clearance k 40 cells (default), band ±10% of the target length (default), report yes (default); hard — a wire that cannot be routed with it fails, recovered without it at the end yes (default); relaxation priced by the lane polygon and the passing penalty (default), the released wires at one clearance more per level (default)
[final]     0.43s  outer routing: 230 of 230 wires start on the way the Detail stage drew
[final]     0.43s  outer routing: 230 wires, up to 5 rounds, 8 relaxations each way
[final]     0.51s    wire 0 · round 0 forward · normal: found 1159 cells · long enough: 1537 of 590 cells
[final]     0.59s    wire 1 · round 0 forward · normal: found 1032 cells
[final]     0.63s    wire 2 · round 0 forward · normal: no way, relaxing
[final]     0.66s    wire 2 · relax 1: let go of 3, fence 3, 1 · found 1034 cells
[final]     0.70s    wire 3 · round 0 forward · normal: found 1064 cells · long enough: 1465 of 591 cells
[final]     0.76s    wire 4 · round 0 forward · normal: no way, relaxing
[final]     0.82s    wire 4 · relax 1: let go of 5, fence 5, 3 · no way
[final]     0.88s    wire 4 · relax 2: let go of 6, fence 6, 3 · found 1039 cells
[final]     0.91s    wire 5 · round 0 forward · normal: no way, relaxing
[final]     0.94s    wire 5 · relax 1: let go of 6, fence 6, 4 · no way
[final]     1.00s    wire 5 · relax 2: let go of 7, fence 7, 4 · found 1204 cells
[final]     1.03s    wire 6 · round 0 forward · normal: no way, relaxing
[final]     1.05s    wire 6 · relax 1: let go of 7, fence 7, 5 · no way
[final]     1.12s    wire 6 · relax 2: let go of 8, fence 8, 5 · found 1275 cells
[final]     1.15s    wire 7 · round 0 forward · normal: no way, relaxing
[final]     1.18s    wire 7 · relax 1: let go of 8, fence 8, 6 · no way
[final]     1.27s    wire 7 · relax 2: let go of 9, fence 9, 6 · found 1286 cells
[final]     1.29s    wire 8 · round 0 forward · normal: no way, relaxing
[final]     1.32s    wire 8 · relax 1: let go of 9, fence 9, 7 · no way
[final]     1.41s    wire 8 · relax 2: let go of 10, fence 10, 7 · found 1294 cells
[final]     1.43s    wire 9 · round 0 forward · normal: no way, relaxing
[final]     1.46s    wire 9 · relax 1: let go of 10, fence 10, 8 · no way
[final]     1.48s    wire 9 · relax 2: let go of 11, fence 11, 8 · no way
[final]     1.58s    wire 9 · relax 3: let go of 12, fence 12, 8 · found 1478 cells · long enough: 1731 of 590 cells
[final]     1.61s    wire 10 · round 0 forward · normal: no way, relaxing
[final]     1.63s    wire 10 · relax 1: let go of 11, fence 11, 9 · no way
[final]     1.66s    wire 10 · relax 2: let go of 12, fence 12, 9 · no way
[final]     1.69s    wire 10 · relax 3: let go of 13, fence 13, 9 · no way
[final]     1.78s    wire 10 · relax 4: let go of 14, fence 14, 9 · found 1537 cells
[final]     1.81s    wire 11 · round 0 forward · normal: no way, relaxing
[final]     1.83s    wire 11 · relax 1: let go of 12, fence 12, 10 · no way
[final]     1.86s    wire 11 · relax 2: let go of 13, fence 13, 10 · no way
[final]     1.89s    wire 11 · relax 3: let go of 14, fence 14, 10 · no way
[final]     1.92s    wire 11 · relax 4: let go of 15, fence 15, 10 · no way
[final]     2.05s    wire 11 · relax 5: let go of 16, fence 16, 10 · found 1663 cells · long enough: 1937 of 591 cells
[final]     2.07s    wire 12 · round 0 forward · normal: no way, relaxing
[final]     2.10s    wire 12 · relax 1: let go of 13, fence 13, 11 · no way
[final]     2.13s    wire 12 · relax 2: let go of 14, fence 14, 11 · no way
[final]     2.16s    wire 12 · relax 3: let go of 15, fence 15, 11 · no way
[final]     2.19s    wire 12 · relax 4: let go of 16, fence 16, 11 · no way
[final]     2.21s    wire 12 · relax 5: let go of 17, fence 17, 11 · no way
[final]     2.24s    wire 12 · relax 6: let go of 18, fence 18, 11 · no way
[final]     2.43s    wire 12 · relax 7: let go of 19, fence 19, 11 · found 1644 cells
[final]     2.46s    wire 13 · round 0 forward · normal: no way, relaxing
[final]     2.48s    wire 13 · relax 1: let go of 14, fence 14, 12 · no way
[final]     2.51s    wire 13 · relax 2: let go of 15, fence 15, 12 · no way
[final]     2.54s    wire 13 · relax 3: let go of 16, fence 16, 12 · no way
[final]     2.57s    wire 13 · relax 4: let go of 17, fence 17, 12 · no way
[final]     2.60s    wire 13 · relax 5: let go of 18, fence 18, 12 · no way
[final]     2.62s    wire 13 · relax 6: let go of 19, fence 19, 12 · no way
[final]     2.81s    wire 13 · relax 7: let go of 20, fence 20, 12 · found 1652 cells · long enough: 1946 of 590 cells
[final]     2.83s    wire 14 · round 0 forward · normal: no way, relaxing
[final]     2.86s    wire 14 · relax 1: let go of 15, fence 15, 13 · no way
[final]     2.89s    wire 14 · relax 2: let go of 16, fence 16, 13 · no way
[final]     2.92s    wire 14 · relax 3: let go of 17, fence 17, 13 · no way
[final]     2.95s    wire 14 · relax 4: let go of 18, fence 18, 13 · no way
[final]     2.98s    wire 14 · relax 5: let go of 19, fence 19, 13 · no way
[final]     3.01s    wire 14 · relax 6: let go of 20, fence 20, 13 · no way
[final]     3.17s    wire 14 · relax 7: let go of 21, fence 21, 13 · found 1518 cells
[final]     3.20s    wire 15 · round 0 forward · normal: no way, relaxing
[final]     3.22s    wire 15 · relax 1: let go of 16, fence 16, 14 · no way
[final]     3.25s    wire 15 · relax 2: let go of 17, fence 17, 14 · no way
[final]     3.28s    wire 15 · relax 3: let go of 18, fence 18, 14 · no way
[final]     3.31s    wire 15 · relax 4: let go of 19, fence 19, 14 · no way
[final]     3.35s    wire 15 · relax 5: let go of 20, fence 20, 14 · no way
[final]     3.48s    wire 15 · relax 6: let go of 21, fence 21, 14 · found 1687 cells
[final]     3.51s    wire 16 · round 0 forward · normal: no way, relaxing
[final]     3.54s    wire 16 · relax 1: let go of 17, fence 17, 15 · no way
[final]     3.57s    wire 16 · relax 2: let go of 18, fence 18, 15 · no way
[final]     3.60s    wire 16 · relax 3: let go of 19, fence 19, 15 · no way
[final]     3.63s    wire 16 · relax 4: let go of 20, fence 20, 15 · no way
[final]     3.75s    wire 16 · relax 5: let go of 21, fence 21, 15 · found 1800 cells · long enough: 2088 of 591 cells
[final]     3.78s    wire 17 · round 0 forward · normal: no way, relaxing
[final]     3.81s    wire 17 · relax 1: let go of 18, fence 18, 16 · no way
[final]     3.84s    wire 17 · relax 2: let go of 19, fence 19, 16 · no way
[final]     3.87s    wire 17 · relax 3: let go of 20, fence 20, 16 · no way
[final]     3.90s    wire 17 · relax 4: let go of 21, fence 21, 16 · no way
[final]     4.03s    wire 17 · relax 5: let go of 22, fence 22, 16 · found 1761 cells
[final]     4.05s    wire 18 · round 0 forward · normal: no way, relaxing
[final]     4.08s    wire 18 · relax 1: let go of 19, fence 19, 17 · no way
[final]     4.11s    wire 18 · relax 2: let go of 20, fence 20, 17 · no way
[final]     4.14s    wire 18 · relax 3: let go of 21, fence 21, 17 · no way
[final]     4.25s    wire 18 · relax 4: let go of 22, fence 22, 17 · found 1795 cells · long enough: 2056 of 590 cells
[final]     4.28s    wire 19 · round 0 forward · normal: no way, relaxing
[final]     4.31s    wire 19 · relax 1: let go of 20, fence 20, 18 · no way
[final]     4.34s    wire 19 · relax 2: let go of 21, fence 21, 18 · no way
[final]     4.37s    wire 19 · relax 3: let go of 22, fence 22, 18 · no way
[final]     4.51s    wire 19 · relax 4: let go of 23, fence 23, 18 · found 1752 cells
[final]     4.54s    wire 20 · round 0 forward · normal: no way, relaxing
[final]     4.57s    wire 20 · relax 1: let go of 21, fence 21, 19 · no way
[final]     4.60s    wire 20 · relax 2: let go of 22, fence 22, 19 · no way
[final]     4.77s    wire 20 · relax 3: let go of 23, fence 23, 19 · found 1912 cells
[final]     4.80s    wire 21 · round 0 forward · normal: no way, relaxing
[final]     4.83s    wire 21 · relax 1: let go of 22, fence 22, 20 · no way
[final]     4.86s    wire 21 · relax 2: let go of 23, fence 23, 20 · no way
[final]     4.99s    wire 21 · relax 3: let go of 24, fence 24, 20 · found 2036 cells · long enough: 2146 of 591 cells
[final]     5.01s    wire 22 · round 0 forward · normal: no way, relaxing
[final]     5.04s    wire 22 · relax 1: let go of 23, fence 23, 21 · no way
[final]     5.07s    wire 22 · relax 2: let go of 24, fence 24, 21 · no way
[final]     5.22s    wire 22 · relax 3: let go of 25, fence 25, 21 · found 1989 cells
[final]     5.24s    wire 23 · round 0 forward · normal: no way, relaxing
[final]     5.27s    wire 23 · relax 1: let go of 24, fence 24, 22 · no way
[final]     5.37s    wire 23 · relax 2: let go of 25, fence 25, 22 · found 2011 cells · long enough: 2126 of 591 cells
[final]     5.40s    wire 24 · round 0 forward · normal: no way, relaxing
[final]     5.43s    wire 24 · relax 1: let go of 25, fence 25, 23 · no way
[final]     5.57s    wire 24 · relax 2: let go of 26, fence 26, 23 · found 2114 cells
[final]     5.59s    wire 25 · round 0 forward · normal: no way, relaxing
[final]     5.62s    wire 25 · relax 1: let go of 26, fence 26, 24 · no way
[final]     5.76s    wire 25 · relax 2: let go of 27, fence 27, 24 · found 2124 cells
[final]     5.79s    wire 26 · round 0 forward · normal: no way, relaxing
[final]     5.82s    wire 26 · relax 1: let go of 27, fence 27, 25 · no way
[final]     5.96s    wire 26 · relax 2: let go of 28, fence 28, 25 · found 2219 cells
[final]     6.01s    wire 27 · round 0 forward · normal: found 2202 cells
[final]     6.08s    wire 28 · round 0 forward · normal: found 2179 cells
[final]     6.14s    wire 29 · round 0 forward · normal: found 2232 cells · long enough: 2232 of 591 cells
[final]     6.19s    wire 30 · round 0 forward · normal: found 2227 cells
[final]     6.25s    wire 31 · round 0 forward · normal: found 2205 cells
[final]     6.28s    wire 32 · round 0 forward · normal: no way, relaxing
[final]     6.31s    wire 32 · relax 1: let go of 33, fence 33, 31 · no way
[final]     6.37s    wire 32 · relax 2: let go of 34, fence 34, 31 · found 2234 cells · long enough: 2308 of 590 cells
[final]     6.39s    wire 33 · round 0 forward · normal: no way, relaxing
[final]     6.42s    wire 33 · relax 1: let go of 34, fence 34, 32 · no way
[final]     6.50s    wire 33 · relax 2: let go of 35, fence 35, 32 · found 2180 cells
[final]     6.56s    wire 34 · round 0 forward · normal: found 2135 cells
[final]     6.61s    wire 35 · round 0 forward · normal: found 1984 cells · long enough: 2044 of 591 cells
[final]     6.67s    wire 36 · round 0 forward · normal: found 1953 cells
[final]     6.73s    wire 37 · round 0 forward · normal: found 1982 cells · long enough: 2081 of 590 cells
[final]     6.81s    wire 38 · round 0 forward · normal: found 1936 cells
[final]     6.89s    wire 39 · round 0 forward · normal: found 1895 cells
[final]     6.93s    wire 40 · round 0 forward · normal: found 1740 cells · long enough: 1907 of 591 cells
[final]     6.99s    wire 41 · round 0 forward · normal: found 1709 cells
[final]     7.03s    wire 42 · round 0 forward · normal: found 1738 cells · long enough: 1942 of 590 cells
[final]     7.09s    wire 43 · round 0 forward · normal: found 1688 cells
[final]     7.11s    wire 44 · round 0 forward · normal: no way, relaxing
[final]     7.14s    wire 44 · relax 1: let go of 45, fence 45, 43 · no way
[final]     7.17s    wire 44 · relax 2: let go of 46, fence 46, 43 · no way
[final]     7.21s    wire 44 · relax 3: let go of 47, fence 47, 43 · no way
[final]     7.24s    wire 44 · relax 4: let go of 48, fence 48, 43 · no way
[final]     7.26s    wire 44 · relax 5: let go of 49, fence 49, 43 · no way
[final]     7.29s    wire 44 · relax 6: let go of 50, fence 50, 43 · no way
[final]     7.32s    wire 44 · relax 7: let go of 51, fence 51, 43 · no way
[final]     7.35s    wire 44 · relax 8: let go of 52, fence 52, 43 · no way
[final]     7.35s    wire 44 · round 0 forward: no way after 8 relaxations; 45, 46, 47, 48, 49, 50, 51, 52 back as they were
[final]     7.39s    wire 45 · round 0 forward · normal: found 1496 cells · long enough: 1686 of 591 cells
[final]     7.43s    wire 46 · round 0 forward · normal: found 1465 cells
[final]     7.47s    wire 47 · round 0 forward · normal: found 1494 cells · long enough: 1709 of 590 cells
[final]     7.52s    wire 48 · round 0 forward · normal: found 1444 cells
[final]     7.55s    wire 49 · round 0 forward · normal: found 1362 cells
[final]     7.60s    wire 50 · round 0 forward · normal: found 1256 cells · long enough: 1496 of 591 cells
[final]     7.64s    wire 51 · round 0 forward · normal: found 1217 cells
[final]     7.68s    wire 52 · round 0 forward · normal: found 1201 cells
[final]     7.71s    wire 53 · round 0 forward · normal: found 1128 cells
[final]     7.77s    wire 54 · round 0 forward · normal: no way, relaxing
[final]     7.83s    wire 54 · relax 1: let go of 55, fence 55, 53 · no way
[final]     7.93s    wire 54 · relax 2: let go of 56, fence 56, 53 · no way
[final]     8.13s    wire 54 · relax 3: let go of 57, fence 57, 53 · no way
[final]     8.32s    wire 54 · relax 4: let go of 58, fence 58, 53 · no way
[final]     8.52s    wire 54 · relax 5: let go of 59, fence 59, 53 · no way
[final]     8.71s    wire 54 · relax 6: let go of 60, fence 60, 53 · no way
[final]     8.90s    wire 54 · relax 7: let go of 61, fence 61, 53 · no way
[final]     9.10s    wire 54 · relax 8: let go of 62, fence 62, 53 · no way
[final]     9.10s    wire 54 · round 0 forward: no way after 8 relaxations; 55, 56, 57, 58, 59, 60, 61, 62 back as they were
[final]     9.15s    wire 55 · round 0 forward · normal: found 1021 cells · long enough: 1375 of 590 cells
[final]     9.21s    wire 56 · round 0 forward · normal: found 973 cells
[final]     9.26s    wire 57 · round 0 forward · normal: found 953 cells
[final]     9.32s    wire 58 · round 0 forward · normal: found 1002 cells · long enough: 1293 of 590 cells
[final]     9.34s    wire 59 · round 0 forward · normal: no way, relaxing
[final]     9.37s    wire 59 · relax 1: let go of 60, fence 60, 58 · found 990 cells
[final]     9.39s    wire 60 · round 0 forward · normal: no way, relaxing
[final]     9.43s    wire 60 · relax 1: let go of 61, fence 61, 59 · found 1019 cells · long enough: 1332 of 590 cells
[final]     9.45s    wire 61 · round 0 forward · normal: no way, relaxing
[final]     9.48s    wire 61 · relax 1: let go of 62, fence 62, 60 · no way
[final]     9.54s    wire 61 · relax 2: let go of 63, fence 63, 60 · found 1007 cells
[final]     9.56s    wire 62 · round 0 forward · normal: no way, relaxing
[final]     9.58s    wire 62 · relax 1: let go of 63, fence 63, 61 · no way
[final]     9.64s    wire 62 · relax 2: let go of 64, fence 64, 61 · found 1132 cells
[final]     9.68s    wire 63 · round 0 forward · normal: found 1246 cells · long enough: 1561 of 590 cells
[final]     9.70s    wire 64 · round 0 forward · normal: no way, relaxing
[final]     9.73s    wire 64 · relax 1: let go of 65, fence 65, 63 · found 1234 cells
[final]     9.76s    wire 65 · round 0 forward · normal: no way, relaxing
[final]     9.79s    wire 65 · relax 1: let go of 66, fence 66, 64 · found 1263 cells · long enough: 1554 of 590 cells
[final]     9.85s    wire 66 · round 0 forward · normal: no way, relaxing
[final]     9.90s    wire 66 · relax 1: let go of 67, fence 67, 65 · no way
[final]     9.97s    wire 66 · relax 2: let go of 68, fence 68, 65 · found 1250 cells
[final]     9.99s    wire 67 · round 0 forward · normal: no way, relaxing
[final]    10.02s    wire 67 · relax 1: let go of 68, fence 68, 66 · no way
[final]    10.09s    wire 67 · relax 2: let go of 69, fence 69, 66 · found 1376 cells
[final]    10.12s    wire 68 · round 0 forward · normal: no way, relaxing
[final]    10.14s    wire 68 · relax 1: let go of 69, fence 69, 67 · no way
[final]    10.22s    wire 68 · relax 2: let go of 70, fence 70, 67 · found 1472 cells
[final]    10.29s    wire 69 · round 0 forward · normal: found 1486 cells
[final]    10.35s    wire 70 · round 0 forward · normal: found 1450 cells
[final]    10.43s    wire 71 · round 0 forward · normal: found 1500 cells · long enough: 1716 of 591 cells
[final]    10.49s    wire 72 · round 0 forward · normal: found 1624 cells
[final]    10.54s    wire 73 · round 0 forward · normal: found 1724 cells
[final]    10.61s    wire 74 · round 0 forward · normal: found 1730 cells
[final]    10.66s    wire 75 · round 0 forward · normal: found 1694 cells
[final]    10.72s    wire 76 · round 0 forward · normal: found 1744 cells · long enough: 1812 of 591 cells
[final]    10.76s    wire 77 · round 0 forward · normal: found 1868 cells
[final]    10.79s    wire 78 · round 0 forward · normal: found 1956 cells
[final]    10.92s    wire 79 · round 0 forward · normal: no way, relaxing
[final]    11.09s    wire 79 · relax 1: let go of 80, fence 80, 78 · no way
[final]    11.20s    wire 79 · relax 2: let go of 81, fence 81, 78 · no way
[final]    11.34s    wire 79 · relax 3: let go of 82, fence 82, 78 · no way
[final]    11.50s    wire 79 · relax 4: let go of 83, fence 83, 78 · no way
[final]    11.66s    wire 79 · relax 5: let go of 84, fence 84, 78 · no way
[final]    11.82s    wire 79 · relax 6: let go of 85, fence 85, 78 · no way
[final]    11.98s    wire 79 · relax 7: let go of 86, fence 86, 78 · no way
[final]    12.14s    wire 79 · relax 8: let go of 87, fence 87, 78 · no way
[final]    12.14s    wire 79 · round 0 forward: no way after 8 relaxations; 80, 81, 82, 83, 84, 85, 86, 87 back as they were
[final]    12.18s    wire 80 · round 0 forward · normal: found 1935 cells
[final]    12.23s    wire 81 · round 0 forward · normal: found 1984 cells · long enough: 1990 of 591 cells
[final]    12.28s    wire 82 · round 0 forward · normal: found 2104 cells
[final]    12.33s    wire 83 · round 0 forward · normal: found 2214 cells
[final]    12.43s    wire 84 · round 0 forward · normal: found 2197 cells
[final]    12.52s    wire 85 · round 0 forward · normal: found 2191 cells
[final]    12.54s    wire 86 · round 0 forward · normal: no way, relaxing
[final]    12.57s    wire 86 · relax 1: let go of 87, fence 87, 85 · no way
[final]    12.64s    wire 86 · relax 2: let go of 88, fence 88, 85 · found 2236 cells · long enough: 2284 of 591 cells
[final]    12.66s    wire 87 · round 0 forward · normal: no way, relaxing
[final]    12.69s    wire 87 · relax 1: let go of 88, fence 88, 86 · no way
[final]    12.79s    wire 87 · relax 2: let go of 89, fence 89, 86 · found 2249 cells
[final]    12.81s    wire 88 · round 0 forward · normal: no way, relaxing
[final]    12.84s    wire 88 · relax 1: let go of 89, fence 89, 87 · no way
[final]    12.93s    wire 88 · relax 2: let go of 90, fence 90, 87 · found 2214 cells
[final]    12.96s    wire 89 · round 0 forward · normal: no way, relaxing
[final]    12.98s    wire 89 · relax 1: let go of 90, fence 90, 88 · no way
[final]    13.01s    wire 89 · relax 2: let go of 91, fence 91, 88 · no way
[final]    13.11s    wire 89 · relax 3: let go of 92, fence 92, 88 · found 2260 cells · long enough: 2398 of 591 cells
[final]    13.13s    wire 90 · round 0 forward · normal: no way, relaxing
[final]    13.16s    wire 90 · relax 1: let go of 91, fence 91, 89 · no way
[final]    13.19s    wire 90 · relax 2: let go of 92, fence 92, 89 · no way
[final]    13.21s    wire 90 · relax 3: let go of 93, fence 93, 89 · no way
[final]    13.37s    wire 90 · relax 4: let go of 94, fence 94, 89 · found 2214 cells
[final]    13.39s    wire 91 · round 0 forward · normal: no way, relaxing
[final]    13.42s    wire 91 · relax 1: let go of 92, fence 92, 90 · no way
[final]    13.45s    wire 91 · relax 2: let go of 93, fence 93, 90 · no way
[final]    13.47s    wire 91 · relax 3: let go of 94, fence 94, 90 · no way
[final]    13.63s    wire 91 · relax 4: let go of 95, fence 95, 90 · found 2109 cells · long enough: 2250 of 590 cells
[final]    13.65s    wire 92 · round 0 forward · normal: no way, relaxing
[final]    13.68s    wire 92 · relax 1: let go of 93, fence 93, 91 · no way
[final]    13.71s    wire 92 · relax 2: let go of 94, fence 94, 91 · no way
[final]    13.73s    wire 92 · relax 3: let go of 95, fence 95, 91 · no way
[final]    13.76s    wire 92 · relax 4: let go of 96, fence 96, 91 · no way
[final]    13.91s    wire 92 · relax 5: let go of 97, fence 97, 91 · found 2016 cells
[final]    13.93s    wire 93 · round 0 forward · normal: no way, relaxing
[final]    13.96s    wire 93 · relax 1: let go of 94, fence 94, 92 · no way
[final]    13.98s    wire 93 · relax 2: let go of 95, fence 95, 92 · no way
[final]    14.01s    wire 93 · relax 3: let go of 96, fence 96, 92 · no way
[final]    14.03s    wire 93 · relax 4: let go of 97, fence 97, 92 · no way
[final]    14.06s    wire 93 · relax 5: let go of 98, fence 98, 92 · no way
[final]    14.09s    wire 93 · relax 6: let go of 99, fence 99, 92 · no way
[final]    14.11s    wire 93 · relax 7: let go of 100, fence 100, 92 · no way
[final]    14.14s    wire 93 · relax 8: let go of 101, fence 101, 92 · no way
[final]    14.14s    wire 93 · round 0 forward: no way after 8 relaxations; 94, 95, 96, 97, 98, 99, 100, 101 back as they were
[final]    14.17s    wire 94 · round 0 forward · normal: no way, relaxing
[final]    14.19s    wire 94 · relax 1: let go of 95, fence 95, 93 · no way
[final]    14.22s    wire 94 · relax 2: let go of 96, fence 96, 93 · no way
[final]    14.33s    wire 94 · relax 3: let go of 97, fence 97, 93 · found 2063 cells · long enough: 2199 of 591 cells
[final]    14.36s    wire 95 · round 0 forward · normal: no way, relaxing
[final]    14.38s    wire 95 · relax 1: let go of 96, fence 96, 94 · no way
[final]    14.41s    wire 95 · relax 2: let go of 97, fence 97, 94 · no way
[final]    14.43s    wire 95 · relax 3: let go of 98, fence 98, 94 · no way
[final]    14.59s    wire 95 · relax 4: let go of 99, fence 99, 94 · found 1999 cells
[final]    14.62s    wire 96 · round 0 forward · normal: no way, relaxing
[final]    14.64s    wire 96 · relax 1: let go of 97, fence 97, 95 · no way
[final]    14.67s    wire 96 · relax 2: let go of 98, fence 98, 95 · no way
[final]    14.70s    wire 96 · relax 3: let go of 99, fence 99, 95 · no way
[final]    14.85s    wire 96 · relax 4: let go of 100, fence 100, 95 · found 1904 cells · long enough: 2152 of 590 cells
[final]    14.88s    wire 97 · round 0 forward · normal: no way, relaxing
[final]    14.91s    wire 97 · relax 1: let go of 98, fence 98, 96 · no way
[final]    14.93s    wire 97 · relax 2: let go of 99, fence 99, 96 · no way
[final]    14.96s    wire 97 · relax 3: let go of 100, fence 100, 96 · no way
[final]    14.99s    wire 97 · relax 4: let go of 101, fence 101, 96 · no way
[final]    15.13s    wire 97 · relax 5: let go of 102, fence 102, 96 · found 1792 cells
[final]    15.16s    wire 98 · round 0 forward · normal: no way, relaxing
[final]    15.18s    wire 98 · relax 1: let go of 99, fence 99, 97 · no way
[final]    15.21s    wire 98 · relax 2: let go of 100, fence 100, 97 · no way
[final]    15.24s    wire 98 · relax 3: let go of 101, fence 101, 97 · no way
[final]    15.27s    wire 98 · relax 4: let go of 102, fence 102, 97 · no way
[final]    15.29s    wire 98 · relax 5: let go of 103, fence 103, 97 · no way
[final]    15.32s    wire 98 · relax 6: let go of 104, fence 104, 97 · no way
[final]    15.35s    wire 98 · relax 7: let go of 105, fence 105, 97 · no way
[final]    15.38s    wire 98 · relax 8: let go of 106, fence 106, 97 · no way
[final]    15.38s    wire 98 · round 0 forward: no way after 8 relaxations; 99, 100, 101, 102, 103, 104, 105, 106 back as they were
[final]    15.41s    wire 99 · round 0 forward · normal: no way, relaxing
[final]    15.43s    wire 99 · relax 1: let go of 100, fence 100, 98 · no way
[final]    15.46s    wire 99 · relax 2: let go of 101, fence 101, 98 · no way
[final]    15.54s    wire 99 · relax 3: let go of 102, fence 102, 98 · found 1858 cells · long enough: 2099 of 591 cells
[final]    15.56s    wire 100 · round 0 forward · normal: no way, relaxing
[final]    15.59s    wire 100 · relax 1: let go of 101, fence 101, 99 · no way
[final]    15.61s    wire 100 · relax 2: let go of 102, fence 102, 99 · no way
[final]    15.64s    wire 100 · relax 3: let go of 103, fence 103, 99 · no way
[final]    15.77s    wire 100 · relax 4: let go of 104, fence 104, 99 · found 1809 cells
[final]    15.79s    wire 101 · round 0 forward · normal: no way, relaxing
[final]    15.82s    wire 101 · relax 1: let go of 102, fence 102, 100 · no way
[final]    15.84s    wire 101 · relax 2: let go of 103, fence 103, 100 · no way
[final]    15.87s    wire 101 · relax 3: let go of 104, fence 104, 100 · no way
[final]    15.90s    wire 101 · relax 4: let go of 105, fence 105, 100 · no way
[final]    15.92s    wire 101 · relax 5: let go of 106, fence 106, 100 · no way
[final]    15.95s    wire 101 · relax 6: let go of 107, fence 107, 100 · no way
[final]    15.98s    wire 101 · relax 7: let go of 108, fence 108, 100 · no way
[final]    16.01s    wire 101 · relax 8: let go of 109, fence 109, 100 · no way
[final]    16.01s    wire 101 · round 0 forward: no way after 8 relaxations; 102, 103, 104, 105, 106, 107, 108, 109 back as they were
[final]    16.03s    wire 102 · round 0 forward · normal: no way, relaxing
[final]    16.06s    wire 102 · relax 1: let go of 103, fence 103, 101 · no way
[final]    16.08s    wire 102 · relax 2: let go of 104, fence 104, 101 · no way
[final]    16.11s    wire 102 · relax 3: let go of 105, fence 105, 101 · no way
[final]    16.14s    wire 102 · relax 4: let go of 106, fence 106, 101 · no way
[final]    16.17s    wire 102 · relax 5: let go of 107, fence 107, 101 · no way
[final]    16.19s    wire 102 · relax 6: let go of 108, fence 108, 101 · no way
[final]    16.22s    wire 102 · relax 7: let go of 109, fence 109, 101 · no way
[final]    16.25s    wire 102 · relax 8: let go of 110, fence 110, 101 · no way
[final]    16.25s    wire 102 · round 0 forward: no way after 8 relaxations; 103, 104, 105, 106, 107, 108, 109, 110 back as they were
[final]    16.27s    wire 103 · round 0 forward · normal: no way, relaxing
[final]    16.30s    wire 103 · relax 1: let go of 104, fence 104, 102 · no way
[final]    16.38s    wire 103 · relax 2: let go of 105, fence 105, 102 · found 1540 cells
[final]    16.40s    wire 104 · round 0 forward · normal: no way, relaxing
[final]    16.43s    wire 104 · relax 1: let go of 105, fence 105, 103 · no way
[final]    16.49s    wire 104 · relax 2: let go of 106, fence 106, 103 · found 1529 cells
[final]    16.52s    wire 105 · round 0 forward · normal: no way, relaxing
[final]    16.54s    wire 105 · relax 1: let go of 106, fence 106, 104 · no way
[final]    16.60s    wire 105 · relax 2: let go of 107, fence 107, 104 · found 1433 cells
[final]    16.63s    wire 106 · round 0 forward · normal: no way, relaxing
[final]    16.65s    wire 106 · relax 1: let go of 107, fence 107, 105 · no way
[final]    16.68s    wire 106 · relax 2: let go of 108, fence 108, 105 · no way
[final]    16.70s    wire 106 · relax 3: let go of 109, fence 109, 105 · no way
[final]    16.73s    wire 106 · relax 4: let go of 110, fence 110, 105 · no way
[final]    16.76s    wire 106 · relax 5: let go of 111, fence 111, 105 · no way
[final]    16.78s    wire 106 · relax 6: let go of 112, fence 112, 105 · no way
[final]    16.81s    wire 106 · relax 7: let go of 113, fence 113, 105 · no way
[final]    16.84s    wire 106 · relax 8: let go of 114, fence 114, 105 · no way
[final]    16.84s    wire 106 · round 0 forward: no way after 8 relaxations; 107, 108, 109, 110, 111, 112, 113, 114 back as they were
[final]    16.87s    wire 107 · round 0 forward · normal: no way, relaxing
[final]    16.89s    wire 107 · relax 1: let go of 108, fence 108, 106 · no way
[final]    16.96s    wire 107 · relax 2: let go of 109, fence 109, 106 · no way
[final]    17.05s    wire 107 · relax 3: let go of 110, fence 110, 106 · no way
[final]    17.16s    wire 107 · relax 4: let go of 111, fence 111, 106 · no way
[final]    17.29s    wire 107 · relax 5: let go of 112, fence 112, 106 · no way
[final]    17.52s    wire 107 · relax 6: let go of 113, fence 113, 106 · no way
[final]    17.78s    wire 107 · relax 7: let go of 114, fence 114, 106 · no way
[final]    18.05s    wire 107 · relax 8: let go of 115, fence 115, 106 · no way
[final]    18.05s    wire 107 · round 0 forward: no way after 8 relaxations; 108, 109, 110, 111, 112, 113, 114, 115 back as they were
[final]    18.07s    wire 108 · round 0 forward · normal: no way, relaxing
[final]    18.10s    wire 108 · relax 1: let go of 109, fence 109, 107 · no way
[final]    18.14s    wire 108 · relax 2: let go of 110, fence 110, 107 · found 1279 cells
[final]    18.16s    wire 109 · round 0 forward · normal: no way, relaxing
[final]    18.19s    wire 109 · relax 1: let go of 110, fence 110, 108 · no way
[final]    18.23s    wire 109 · relax 2: let go of 111, fence 111, 108 · found 1345 cells · long enough: 1706 of 590 cells
[final]    18.26s    wire 110 · round 0 forward · normal: no way, relaxing
[final]    18.28s    wire 110 · relax 1: let go of 111, fence 111, 109 · no way
[final]    18.31s    wire 110 · relax 2: let go of 112, fence 112, 109 · no way
[final]    18.49s    wire 110 · relax 3: let go of 113, fence 113, 109 · found 1308 cells
[final]    18.51s    wire 111 · round 0 forward · normal: no way, relaxing
[final]    18.54s    wire 111 · relax 1: let go of 112, fence 112, 110 · no way
[final]    18.56s    wire 111 · relax 2: let go of 113, fence 113, 110 · no way
[final]    18.59s    wire 111 · relax 3: let go of 114, fence 114, 110 · no way
[final]    18.61s    wire 111 · relax 4: let go of 115, fence 115, 110 · no way
[final]    18.64s    wire 111 · relax 5: let go of 116, fence 116, 110 · no way
[final]    18.67s    wire 111 · relax 6: let go of 117, fence 117, 110 · no way
[final]    18.70s    wire 111 · relax 7: let go of 118, fence 118, 110 · no way
[final]    18.72s    wire 111 · relax 8: let go of 119, fence 119, 110 · no way
[final]    18.72s    wire 111 · round 0 forward: no way after 8 relaxations; 112, 113, 114, 115, 116, 117, 118, 119 back as they were
[final]    18.75s    wire 112 · round 0 forward · normal: no way, relaxing
[final]    18.77s    wire 112 · relax 1: let go of 113, fence 113, 111 · no way
[final]    18.80s    wire 112 · relax 2: let go of 114, fence 114, 111 · no way
[final]    18.83s    wire 112 · relax 3: let go of 115, fence 115, 111 · no way
[final]    18.85s    wire 112 · relax 4: let go of 116, fence 116, 111 · no way
[final]    18.88s    wire 112 · relax 5: let go of 117, fence 117, 111 · no way
[final]    18.91s    wire 112 · relax 6: let go of 118, fence 118, 111 · no way
[final]    18.94s    wire 112 · relax 7: let go of 119, fence 119, 111 · no way
[final]    18.97s    wire 112 · relax 8: let go of 120, fence 120, 111 · no way
[final]    18.97s    wire 112 · round 0 forward: no way after 8 relaxations; 113, 114, 115, 116, 117, 118, 119, 120 back as they were
[final]    19.02s    wire 113 · round 0 forward · normal: found 1034 cells
[final]    19.06s    wire 114 · round 0 forward · normal: found 1020 cells
[final]    19.11s    wire 115 · round 0 forward · normal: found 1159 cells · long enough: 1578 of 590 cells
[final]    19.15s    wire 116 · round 0 forward · normal: found 1186 cells
[final]    19.18s    wire 117 · round 0 forward · normal: no way, relaxing
[final]    19.20s    wire 117 · relax 1: let go of 118, fence 118, 116 · no way
[final]    19.46s    wire 117 · relax 2: let go of 119, fence 119, 116 · found 1368 cells
[final]    19.49s    wire 118 · round 0 forward · normal: no way, relaxing
[final]    19.52s    wire 118 · relax 1: let go of 119, fence 119, 117 · no way
[final]    19.72s    wire 118 · relax 2: let go of 120, fence 120, 117 · found 1509 cells · long enough: 1940 of 590 cells
[final]    19.75s    wire 119 · round 0 forward · normal: no way, relaxing
[final]    19.78s    wire 119 · relax 1: let go of 120, fence 120, 118 · no way
[final]    19.89s    wire 119 · relax 2: let go of 121, fence 121, 118 · found 1533 cells
[final]    19.93s    wire 120 · round 0 forward · normal: found 1584 cells
[final]    19.99s    wire 121 · round 0 forward · normal: found 1595 cells
[final]    20.10s    wire 122 · round 0 forward · normal: no way, relaxing
[final]    20.21s    wire 122 · relax 1: let go of 123, fence 123, 121 · no way
[final]    20.34s    wire 122 · relax 2: let go of 124, fence 124, 121 · found 1604 cells
[final]    20.36s    wire 123 · round 0 forward · normal: no way, relaxing
[final]    20.39s    wire 123 · relax 1: let go of 124, fence 124, 122 · no way
[final]    20.53s    wire 123 · relax 2: let go of 125, fence 125, 122 · found 1748 cells · long enough: 2121 of 590 cells
[final]    20.56s    wire 124 · round 0 forward · normal: no way, relaxing
[final]    20.59s    wire 124 · relax 1: let go of 125, fence 125, 123 · no way
[final]    20.67s    wire 124 · relax 2: let go of 126, fence 126, 123 · found 1757 cells
[final]    20.69s    wire 125 · round 0 forward · normal: no way, relaxing
[final]    20.72s    wire 125 · relax 1: let go of 126, fence 126, 124 · no way
[final]    20.83s    wire 125 · relax 2: let go of 127, fence 127, 124 · found 1878 cells · long enough: 2245 of 590 cells
[final]    20.87s    wire 126 · round 0 forward · normal: found 1832 cells
[final]    20.92s    wire 127 · round 0 forward · normal: found 1857 cells · long enough: 2189 of 590 cells
[final]    20.99s    wire 128 · round 0 forward · normal: no way, relaxing
[final]    21.05s    wire 128 · relax 1: let go of 129, fence 129, 127 · no way
[final]    21.14s    wire 128 · relax 2: let go of 130, fence 130, 127 · found 1824 cells
[final]    21.17s    wire 129 · round 0 forward · normal: no way, relaxing
[final]    21.20s    wire 129 · relax 1: let go of 130, fence 130, 128 · no way
[final]    21.32s    wire 129 · relax 2: let go of 131, fence 131, 128 · found 1982 cells
[final]    21.38s    wire 130 · round 0 forward · normal: found 2069 cells
[final]    21.44s    wire 131 · round 0 forward · normal: found 2060 cells
[final]    21.52s    wire 132 · round 0 forward · normal: found 2089 cells · long enough: 2353 of 590 cells
[final]    21.54s    wire 133 · round 0 forward · normal: no way, relaxing
[final]    21.58s    wire 133 · relax 1: let go of 134, fence 134, 132 · no way
[final]    21.69s    wire 133 · relax 2: let go of 135, fence 135, 132 · found 2045 cells
[final]    21.72s    wire 134 · round 0 forward · normal: no way, relaxing
[final]    21.76s    wire 134 · relax 1: let go of 135, fence 135, 133 · no way
[final]    21.89s    wire 134 · relax 2: let go of 136, fence 136, 133 · found 2219 cells
[final]    21.95s    wire 135 · round 0 forward · normal: found 2302 cells
[final]    22.00s    wire 136 · round 0 forward · normal: found 2293 cells
[final]    22.08s    wire 137 · round 0 forward · normal: found 2323 cells · long enough: 2434 of 591 cells
[final]    22.11s    wire 138 · round 0 forward · normal: no way, relaxing
[final]    22.14s    wire 138 · relax 1: let go of 139, fence 139, 137 · no way
[final]    22.23s    wire 138 · relax 2: let go of 140, fence 140, 137 · found 2288 cells
[final]    22.27s    wire 139 · round 0 forward · normal: no way, relaxing
[final]    22.33s    wire 139 · relax 1: let go of 140, fence 140, 138 · no way
[final]    22.42s    wire 139 · relax 2: let go of 141, fence 141, 138 · found 2447 cells
[final]    22.48s    wire 140 · round 0 forward · normal: found 2535 cells
[final]    22.51s    wire 141 · round 0 forward · normal: found 2526 cells
[final]    22.54s    wire 142 · round 0 forward · normal: no way, relaxing
[final]    22.58s    wire 142 · relax 1: let go of 143, fence 143, 141 · found 2560 cells
[final]    22.67s    wire 143 · round 0 forward · normal: found 2560 cells · long enough: 2566 of 591 cells
[final]    22.74s    wire 144 · round 0 forward · normal: found 2510 cells
[final]    22.80s    wire 145 · round 0 forward · normal: found 2520 cells
[final]    22.85s    wire 146 · round 0 forward · normal: found 2549 cells · long enough: 2573 of 590 cells
[final]    22.92s    wire 147 · round 0 forward · normal: found 2436 cells
[final]    22.98s    wire 148 · round 0 forward · normal: found 2312 cells · long enough: 2329 of 591 cells
[final]    23.03s    wire 149 · round 0 forward · normal: found 2263 cells
[final]    23.14s    wire 150 · round 0 forward · normal: found 2280 cells
[final]    23.22s    wire 151 · round 0 forward · normal: found 2272 cells
[final]    23.31s    wire 152 · round 0 forward · normal: found 2192 cells
[final]    23.34s    wire 153 · round 0 forward · normal: no way, relaxing
[final]    23.41s    wire 153 · relax 1: let go of 154, fence 154, 152 · found 2172 cells · long enough: 2265 of 591 cells
[final]    23.44s    wire 154 · round 0 forward · normal: no way, relaxing
[final]    23.47s    wire 154 · relax 1: let go of 155, fence 155, 153 · no way
[final]    23.61s    wire 154 · relax 2: let go of 156, fence 156, 153 · found 2056 cells
[final]    23.64s    wire 155 · round 0 forward · normal: no way, relaxing
[final]    23.68s    wire 155 · relax 1: let go of 156, fence 156, 154 · no way
[final]    23.86s    wire 155 · relax 2: let go of 157, fence 157, 154 · found 2071 cells
[final]    23.88s    wire 156 · round 0 forward · normal: no way, relaxing
[final]    23.91s    wire 156 · relax 1: let go of 157, fence 157, 155 · no way
[final]    24.05s    wire 156 · relax 2: let go of 158, fence 158, 155 · found 2058 cells
[final]    24.08s    wire 157 · round 0 forward · normal: no way, relaxing
[final]    24.11s    wire 157 · relax 1: let go of 158, fence 158, 156 · no way
[final]    24.28s    wire 157 · relax 2: let go of 159, fence 159, 156 · found 1952 cells
[final]    24.31s    wire 158 · round 0 forward · normal: no way, relaxing
[final]    24.33s    wire 158 · relax 1: let go of 159, fence 159, 157 · no way
[final]    24.36s    wire 158 · relax 2: let go of 160, fence 160, 157 · no way
[final]    24.39s    wire 158 · relax 3: let go of 161, fence 161, 157 · no way
[final]    24.42s    wire 158 · relax 4: let go of 162, fence 162, 157 · no way
[final]    24.46s    wire 158 · relax 5: let go of 163, fence 163, 157 · no way
[final]    24.49s    wire 158 · relax 6: let go of 164, fence 164, 157 · no way
[final]    24.52s    wire 158 · relax 7: let go of 165, fence 165, 157 · no way
[final]    24.55s    wire 158 · relax 8: let go of 166, fence 166, 157 · no way
[final]    24.55s    wire 158 · round 0 forward: no way after 8 relaxations; 159, 160, 161, 162, 163, 164, 165, 166 back as they were
[final]    24.58s    wire 159 · round 0 forward · normal: no way, relaxing
[final]    24.61s    wire 159 · relax 1: let go of 160, fence 160, 158 · no way
[final]    24.78s    wire 159 · relax 2: let go of 161, fence 161, 158 · found 1818 cells
[final]    24.81s    wire 160 · round 0 forward · normal: no way, relaxing
[final]    24.85s    wire 160 · relax 1: let go of 161, fence 161, 159 · no way
[final]    24.97s    wire 160 · relax 2: let go of 162, fence 162, 159 · found 1828 cells
[final]    25.00s    wire 161 · round 0 forward · normal: no way, relaxing
[final]    25.03s    wire 161 · relax 1: let go of 162, fence 162, 160 · no way
[final]    25.06s    wire 161 · relax 2: let go of 163, fence 163, 160 · no way
[final]    25.21s    wire 161 · relax 3: let go of 164, fence 164, 160 · found 1825 cells · long enough: 2087 of 590 cells
[final]    25.23s    wire 162 · round 0 forward · normal: no way, relaxing
[final]    25.26s    wire 162 · relax 1: let go of 163, fence 163, 161 · no way
[final]    25.29s    wire 162 · relax 2: let go of 164, fence 164, 161 · no way
[final]    25.32s    wire 162 · relax 3: let go of 165, fence 165, 161 · no way
[final]    25.35s    wire 162 · relax 4: let go of 166, fence 166, 161 · no way
[final]    25.38s    wire 162 · relax 5: let go of 167, fence 167, 161 · no way
[final]    25.42s    wire 162 · relax 6: let go of 168, fence 168, 161 · no way
[final]    25.45s    wire 162 · relax 7: let go of 169, fence 169, 161 · no way
[final]    25.48s    wire 162 · relax 8: let go of 170, fence 170, 161 · no way
[final]    25.48s    wire 162 · round 0 forward: no way after 8 relaxations; 163, 164, 165, 166, 167, 168, 169, 170 back as they were
[final]    25.50s    wire 163 · round 0 forward · normal: no way, relaxing
[final]    25.53s    wire 163 · relax 1: let go of 164, fence 164, 162 · no way
[final]    25.56s    wire 163 · relax 2: let go of 165, fence 165, 162 · no way
[final]    25.59s    wire 163 · relax 3: let go of 166, fence 166, 162 · no way
[final]    25.62s    wire 163 · relax 4: let go of 167, fence 167, 162 · no way
[final]    25.65s    wire 163 · relax 5: let go of 168, fence 168, 162 · no way
[final]    25.68s    wire 163 · relax 6: let go of 169, fence 169, 162 · no way
[final]    25.71s    wire 163 · relax 7: let go of 170, fence 170, 162 · no way
[final]    25.75s    wire 163 · relax 8: let go of 171, fence 171, 162 · no way
[final]    25.75s    wire 163 · round 0 forward: no way after 8 relaxations; 164, 165, 166, 167, 168, 169, 170, 171 back as they were
[final]    25.77s    wire 164 · round 0 forward · normal: no way, relaxing
[final]    25.80s    wire 164 · relax 1: let go of 165, fence 165, 163 · no way
[final]    25.87s    wire 164 · relax 2: let go of 166, fence 166, 163 · found 1634 cells · long enough: 1872 of 590 cells
[final]    25.89s    wire 165 · round 0 forward · normal: no way, relaxing
[final]    25.92s    wire 165 · relax 1: let go of 166, fence 166, 164 · no way
[final]    25.95s    wire 165 · relax 2: let go of 167, fence 167, 164 · no way
[final]    26.04s    wire 165 · relax 3: let go of 168, fence 168, 164 · found 1627 cells
[final]    26.07s    wire 166 · round 0 forward · normal: no way, relaxing
[final]    26.09s    wire 166 · relax 1: let go of 167, fence 167, 165 · no way
[final]    26.12s    wire 166 · relax 2: let go of 168, fence 168, 165 · no way
[final]    26.22s    wire 166 · relax 3: let go of 169, fence 169, 165 · found 1675 cells · long enough: 1961 of 590 cells
[final]    26.24s    wire 167 · round 0 forward · normal: no way, relaxing
[final]    26.27s    wire 167 · relax 1: let go of 168, fence 168, 166 · no way
[final]    26.30s    wire 167 · relax 2: let go of 169, fence 169, 166 · no way
[final]    26.33s    wire 167 · relax 3: let go of 170, fence 170, 166 · no way
[final]    26.36s    wire 167 · relax 4: let go of 171, fence 171, 166 · no way
[final]    26.39s    wire 167 · relax 5: let go of 172, fence 172, 166 · no way
[final]    26.42s    wire 167 · relax 6: let go of 173, fence 173, 166 · no way
[final]    26.45s    wire 167 · relax 7: let go of 174, fence 174, 166 · no way
[final]    26.48s    wire 167 · relax 8: let go of 175, fence 175, 166 · no way
[final]    26.48s    wire 167 · round 0 forward: no way after 8 relaxations; 168, 169, 170, 171, 172, 173, 174, 175 back as they were
[final]    26.51s    wire 168 · round 0 forward · normal: no way, relaxing
[final]    26.55s    wire 168 · relax 1: let go of 169, fence 169, 167 · found 1370 cells · long enough: 1627 of 591 cells
[final]    26.59s    wire 169 · round 0 forward · normal: found 1307 cells
[final]    26.63s    wire 170 · round 0 forward · normal: found 1300 cells
[final]    26.69s    wire 171 · round 0 forward · normal: found 1329 cells · long enough: 1590 of 590 cells
[final]    26.74s    wire 172 · round 0 forward · normal: found 1282 cells
[final]    26.78s    wire 173 · round 0 forward · normal: found 1300 cells
[final]    26.82s    wire 174 · round 0 forward · normal: found 1309 cells
[final]    26.85s    wire 175 · round 0 forward · normal: no way, relaxing
[final]    26.90s    wire 175 · relax 1: let go of 176, fence 176, 174 · found 1337 cells · long enough: 1734 of 591 cells
[final]    26.93s    wire 176 · round 0 forward · normal: no way, relaxing
[final]    26.97s    wire 176 · relax 1: let go of 177, fence 177, 175 · no way
[final]    27.05s    wire 176 · relax 2: let go of 178, fence 178, 175 · found 1496 cells
[final]    27.08s    wire 177 · round 0 forward · normal: no way, relaxing
[final]    27.10s    wire 177 · relax 1: let go of 178, fence 178, 176 · no way
[final]    27.18s    wire 177 · relax 2: let go of 179, fence 179, 176 · found 1569 cells
[final]    27.21s    wire 178 · round 0 forward · normal: no way, relaxing
[final]    27.24s    wire 178 · relax 1: let go of 179, fence 179, 177 · no way
[final]    27.35s    wire 178 · relax 2: let go of 180, fence 180, 177 · found 1587 cells
[final]    27.38s    wire 179 · round 0 forward · normal: no way, relaxing
[final]    27.41s    wire 179 · relax 1: let go of 180, fence 180, 178 · no way
[final]    27.51s    wire 179 · relax 2: let go of 181, fence 181, 178 · found 1568 cells
[final]    27.53s    wire 180 · round 0 forward · normal: no way, relaxing
[final]    27.56s    wire 180 · relax 1: let go of 181, fence 181, 179 · no way
[final]    27.66s    wire 180 · relax 2: let go of 182, fence 182, 179 · no way
[final]    27.81s    wire 180 · relax 3: let go of 183, fence 183, 179 · found 1733 cells · long enough: 1987 of 591 cells
[final]    27.84s    wire 181 · round 0 forward · normal: no way, relaxing
[final]    27.86s    wire 181 · relax 1: let go of 182, fence 182, 180 · no way
[final]    27.89s    wire 181 · relax 2: let go of 183, fence 183, 180 · no way
[final]    28.01s    wire 181 · relax 3: let go of 184, fence 184, 180 · found 1801 cells
[final]    28.04s    wire 182 · round 0 forward · normal: no way, relaxing
[final]    28.07s    wire 182 · relax 1: let go of 183, fence 183, 181 · no way
[final]    28.09s    wire 182 · relax 2: let go of 184, fence 184, 181 · no way
[final]    28.12s    wire 182 · relax 3: let go of 185, fence 185, 181 · no way
[final]    28.27s    wire 182 · relax 4: let go of 186, fence 186, 181 · found 1856 cells
[final]    28.30s    wire 183 · round 0 forward · normal: no way, relaxing
[final]    28.32s    wire 183 · relax 1: let go of 184, fence 184, 182 · no way
[final]    28.35s    wire 183 · relax 2: let go of 185, fence 185, 182 · no way
[final]    28.38s    wire 183 · relax 3: let go of 186, fence 186, 182 · no way
[final]    28.52s    wire 183 · relax 4: let go of 187, fence 187, 182 · found 1873 cells
[final]    28.55s    wire 184 · round 0 forward · normal: no way, relaxing
[final]    28.58s    wire 184 · relax 1: let go of 185, fence 185, 183 · no way
[final]    28.60s    wire 184 · relax 2: let go of 186, fence 186, 183 · no way
[final]    28.63s    wire 184 · relax 3: let go of 187, fence 187, 183 · no way
[final]    28.75s    wire 184 · relax 4: let go of 188, fence 188, 183 · found 1842 cells · long enough: 2061 of 590 cells
[final]    28.78s    wire 185 · round 0 forward · normal: no way, relaxing
[final]    28.80s    wire 185 · relax 1: let go of 186, fence 186, 184 · no way
[final]    28.83s    wire 185 · relax 2: let go of 187, fence 187, 184 · no way
[final]    28.86s    wire 185 · relax 3: let go of 188, fence 188, 184 · no way
[final]    28.89s    wire 185 · relax 4: let go of 189, fence 189, 184 · no way
[final]    29.03s    wire 185 · relax 5: let go of 190, fence 190, 184 · found 1801 cells
[final]    29.05s    wire 186 · round 0 forward · normal: no way, relaxing
[final]    29.08s    wire 186 · relax 1: let go of 187, fence 187, 185 · no way
[final]    29.12s    wire 186 · relax 2: let go of 188, fence 188, 185 · no way
[final]    29.15s    wire 186 · relax 3: let go of 189, fence 189, 185 · no way
[final]    29.18s    wire 186 · relax 4: let go of 190, fence 190, 185 · no way
[final]    29.34s    wire 186 · relax 5: let go of 191, fence 191, 185 · found 2037 cells
[final]    29.36s    wire 187 · round 0 forward · normal: no way, relaxing
[final]    29.39s    wire 187 · relax 1: let go of 188, fence 188, 186 · no way
[final]    29.42s    wire 187 · relax 2: let go of 189, fence 189, 186 · no way
[final]    29.44s    wire 187 · relax 3: let go of 190, fence 190, 186 · no way
[final]    29.47s    wire 187 · relax 4: let go of 191, fence 191, 186 · no way
[final]    29.62s    wire 187 · relax 5: let go of 192, fence 192, 186 · found 2110 cells · long enough: 2376 of 590 cells
[final]    29.64s    wire 188 · round 0 forward · normal: no way, relaxing
[final]    29.67s    wire 188 · relax 1: let go of 189, fence 189, 187 · no way
[final]    29.69s    wire 188 · relax 2: let go of 190, fence 190, 187 · no way
[final]    29.72s    wire 188 · relax 3: let go of 191, fence 191, 187 · no way
[final]    29.75s    wire 188 · relax 4: let go of 192, fence 192, 187 · no way
[final]    29.89s    wire 188 · relax 5: let go of 193, fence 193, 187 · found 2088 cells
[final]    29.92s    wire 189 · round 0 forward · normal: no way, relaxing
[final]    29.94s    wire 189 · relax 1: let go of 190, fence 190, 188 · no way
[final]    29.97s    wire 189 · relax 2: let go of 191, fence 191, 188 · no way
[final]    30.00s    wire 189 · relax 3: let go of 192, fence 192, 188 · no way
[final]    30.03s    wire 189 · relax 4: let go of 193, fence 193, 188 · no way
[final]    30.06s    wire 189 · relax 5: let go of 194, fence 194, 188 · no way
[final]    30.21s    wire 189 · relax 6: let go of 195, fence 195, 188 · found 2087 cells · long enough: 2320 of 590 cells
[final]    30.24s    wire 190 · round 0 forward · normal: no way, relaxing
[final]    30.26s    wire 190 · relax 1: let go of 191, fence 191, 189 · no way
[final]    30.29s    wire 190 · relax 2: let go of 192, fence 192, 189 · no way
[final]    30.32s    wire 190 · relax 3: let go of 193, fence 193, 189 · no way
[final]    30.35s    wire 190 · relax 4: let go of 194, fence 194, 189 · no way
[final]    30.38s    wire 190 · relax 5: let go of 195, fence 195, 189 · no way
[final]    30.58s    wire 190 · relax 6: let go of 196, fence 196, 189 · found 2193 cells
[final]    30.60s    wire 191 · round 0 forward · normal: no way, relaxing
[final]    30.63s    wire 191 · relax 1: let go of 192, fence 192, 190 · no way
[final]    30.66s    wire 191 · relax 2: let go of 193, fence 193, 190 · no way
[final]    30.69s    wire 191 · relax 3: let go of 194, fence 194, 190 · no way
[final]    30.71s    wire 191 · relax 4: let go of 195, fence 195, 190 · no way
[final]    30.94s    wire 191 · relax 5: let go of 196, fence 196, 190 · found 2273 cells
[final]    30.97s    wire 192 · round 0 forward · normal: no way, relaxing
[final]    31.00s    wire 192 · relax 1: let go of 193, fence 193, 191 · no way
[final]    31.02s    wire 192 · relax 2: let go of 194, fence 194, 191 · no way
[final]    31.05s    wire 192 · relax 3: let go of 195, fence 195, 191 · no way
[final]    31.21s    wire 192 · relax 4: let go of 196, fence 196, 191 · found 2340 cells · long enough: 2583 of 590 cells
[final]    31.24s    wire 193 · round 0 forward · normal: no way, relaxing
[final]    31.26s    wire 193 · relax 1: let go of 194, fence 194, 192 · no way
[final]    31.29s    wire 193 · relax 2: let go of 195, fence 195, 192 · no way
[final]    31.32s    wire 193 · relax 3: let go of 196, fence 196, 192 · no way
[final]    31.49s    wire 193 · relax 4: let go of 197, fence 197, 192 · found 2292 cells
[final]    31.52s    wire 194 · round 0 forward · normal: no way, relaxing
[final]    31.54s    wire 194 · relax 1: let go of 195, fence 195, 193 · no way
[final]    31.57s    wire 194 · relax 2: let go of 196, fence 196, 193 · no way
[final]    31.78s    wire 194 · relax 3: let go of 197, fence 197, 193 · found 2324 cells
[final]    31.80s    wire 195 · round 0 forward · normal: no way, relaxing
[final]    31.83s    wire 195 · relax 1: let go of 196, fence 196, 194 · no way
[final]    31.98s    wire 195 · relax 2: let go of 197, fence 197, 194 · found 2331 cells · long enough: 2490 of 590 cells
[final]    32.01s    wire 196 · round 0 forward · normal: no way, relaxing
[final]    32.03s    wire 196 · relax 1: let go of 197, fence 197, 195 · no way
[final]    32.25s    wire 196 · relax 2: let go of 198, fence 198, 195 · found 2450 cells
[final]    32.27s    wire 197 · round 0 forward · normal: no way, relaxing
[final]    32.30s    wire 197 · relax 1: let go of 198, fence 198, 196 · no way
[final]    32.48s    wire 197 · relax 2: let go of 199, fence 199, 196 · found 2511 cells
[final]    32.51s    wire 198 · round 0 forward · normal: no way, relaxing
[final]    32.53s    wire 198 · relax 1: let go of 199, fence 199, 197 · no way
[final]    32.67s    wire 198 · relax 2: let go of 200, fence 200, 197 · found 2571 cells
[final]    32.72s    wire 199 · round 0 forward · normal: found 2524 cells
[final]    32.78s    wire 200 · round 0 forward · normal: found 2510 cells
[final]    32.81s    wire 201 · round 0 forward · normal: no way, relaxing
[final]    32.87s    wire 201 · relax 1: let go of 202, fence 202, 200 · found 2564 cells · long enough: 2623 of 591 cells
[final]    32.89s    wire 202 · round 0 forward · normal: no way, relaxing
[final]    32.92s    wire 202 · relax 1: let go of 203, fence 203, 201 · no way
[final]    33.01s    wire 202 · relax 2: let go of 204, fence 204, 201 · found 2576 cells
[final]    33.04s    wire 203 · round 0 forward · normal: no way, relaxing
[final]    33.09s    wire 203 · relax 1: let go of 204, fence 204, 202 · found 2542 cells
[final]    33.11s    wire 204 · round 0 forward · normal: no way, relaxing
[final]    33.14s    wire 204 · relax 1: let go of 205, fence 205, 203 · no way
[final]    33.21s    wire 204 · relax 2: let go of 206, fence 206, 203 · found 2580 cells · long enough: 2728 of 580 cells
[final]    33.24s    wire 205 · round 0 forward · normal: no way, relaxing
[final]    33.27s    wire 205 · relax 1: let go of 206, fence 206, 204 · no way
[final]    33.30s    wire 205 · relax 2: let go of 207, fence 207, 204 · no way
[final]    33.40s    wire 205 · relax 3: let go of 208, fence 208, 204 · found 2581 cells · long enough: 2756 of 590 cells
[final]    33.43s    wire 206 · round 0 forward · normal: no way, relaxing
[final]    33.45s    wire 206 · relax 1: let go of 207, fence 207, 205 · no way
[final]    33.48s    wire 206 · relax 2: let go of 208, fence 208, 205 · no way
[final]    33.64s    wire 206 · relax 3: let go of 209, fence 209, 205 · found 2455 cells
[final]    33.67s    wire 207 · round 0 forward · normal: no way, relaxing
[final]    33.71s    wire 207 · relax 1: let go of 208, fence 208, 206 · no way
[final]    33.83s    wire 207 · relax 2: let go of 209, fence 209, 206 · found 2435 cells · long enough: 2616 of 590 cells
[final]    33.86s    wire 208 · round 0 forward · normal: no way, relaxing
[final]    33.89s    wire 208 · relax 1: let go of 209, fence 209, 207 · no way
[final]    34.04s    wire 208 · relax 2: let go of 210, fence 210, 207 · no way
[final]    34.25s    wire 208 · relax 3: let go of 211, fence 211, 207 · no way
[final]    34.48s    wire 208 · relax 4: let go of 212, fence 212, 207 · no way
[final]    34.74s    wire 208 · relax 5: let go of 213, fence 213, 207 · no way
[final]    35.02s    wire 208 · relax 6: let go of 214, fence 214, 207 · no way
[final]    35.28s    wire 208 · relax 7: let go of 215, fence 215, 207 · no way
[final]    35.56s    wire 208 · relax 8: let go of 216, fence 216, 207 · no way
[final]    35.56s    wire 208 · round 0 forward: no way after 8 relaxations; 209, 210, 211, 212, 213, 214, 215, 216 back as they were
[final]    35.62s    wire 209 · round 0 forward · normal: found 2297 cells
[final]    35.67s    wire 210 · round 0 forward · normal: found 2294 cells
[final]    35.71s    wire 211 · round 0 forward · normal: found 2211 cells
[final]    35.79s    wire 212 · round 0 forward · normal: found 2194 cells · long enough: 2397 of 590 cells
[final]    35.93s    wire 213 · round 0 forward · normal: no way, relaxing
[final]    36.04s    wire 213 · relax 1: let go of 214, fence 214, 212 · no way
[final]    36.23s    wire 213 · relax 2: let go of 215, fence 215, 212 · no way
[final]    36.47s    wire 213 · relax 3: let go of 216, fence 216, 212 · no way
[final]    36.76s    wire 213 · relax 4: let go of 217, fence 217, 212 · no way
[final]    37.05s    wire 213 · relax 5: let go of 218, fence 218, 212 · no way
[final]    37.36s    wire 213 · relax 6: let go of 219, fence 219, 212 · no way
[final]    37.66s    wire 213 · relax 7: let go of 220, fence 220, 212 · no way
[final]    37.97s    wire 213 · relax 8: let go of 221, fence 221, 212 · no way
[final]    37.97s    wire 213 · round 0 forward: no way after 8 relaxations; 214, 215, 216, 217, 218, 219, 220, 221 back as they were
[final]    38.01s    wire 214 · round 0 forward · normal: found 2060 cells
[final]    38.05s    wire 215 · round 0 forward · normal: found 2061 cells
[final]    38.08s    wire 216 · round 0 forward · normal: no way, relaxing
[final]    38.11s    wire 216 · relax 1: let go of 217, fence 217, 215 · no way
[final]    38.14s    wire 216 · relax 2: let go of 218, fence 218, 215 · no way
[final]    38.16s    wire 216 · relax 3: let go of 219, fence 219, 215 · no way
[final]    38.19s    wire 216 · relax 4: let go of 220, fence 220, 215 · no way
[final]    38.22s    wire 216 · relax 5: let go of 221, fence 221, 215 · no way
[final]    38.25s    wire 216 · relax 6: let go of 222, fence 222, 215 · no way
[final]    38.28s    wire 216 · relax 7: let go of 223, fence 223, 215 · no way
[final]    38.31s    wire 216 · relax 8: let go of 224, fence 224, 215 · no way
[final]    38.31s    wire 216 · round 0 forward: no way after 8 relaxations; 217, 218, 219, 220, 221, 222, 223, 224 back as they were
[final]    38.34s    wire 217 · round 0 forward · normal: no way, relaxing
[final]    38.37s    wire 217 · relax 1: let go of 218, fence 218, 216 · no way
[final]    38.40s    wire 217 · relax 2: let go of 219, fence 219, 216 · no way
[final]    38.43s    wire 217 · relax 3: let go of 220, fence 220, 216 · no way
[final]    38.45s    wire 217 · relax 4: let go of 221, fence 221, 216 · no way
[final]    38.48s    wire 217 · relax 5: let go of 222, fence 222, 216 · no way
[final]    38.51s    wire 217 · relax 6: let go of 223, fence 223, 216 · no way
[final]    38.55s    wire 217 · relax 7: let go of 224, fence 224, 216 · no way
[final]    38.58s    wire 217 · relax 8: let go of 225, fence 225, 216 · no way
[final]    38.58s    wire 217 · round 0 forward: no way after 8 relaxations; 218, 219, 220, 221, 222, 223, 224, 225 back as they were
[final]    38.62s    wire 218 · round 0 forward · normal: found 1857 cells · long enough: 2189 of 590 cells
[final]    38.66s    wire 219 · round 0 forward · normal: found 1828 cells
[final]    38.70s    wire 220 · round 0 forward · normal: found 1828 cells
[final]    38.76s    wire 221 · round 0 forward · normal: found 1745 cells
[final]    38.79s    wire 222 · round 0 forward · normal: no way, relaxing
[final]    38.84s    wire 222 · relax 1: let go of 223, fence 223, 221 · no way
[final]    38.95s    wire 222 · relax 2: let go of 224, fence 224, 221 · no way
[final]    39.08s    wire 222 · relax 3: let go of 225, fence 225, 221 · no way
[final]    39.25s    wire 222 · relax 4: let go of 226, fence 226, 221 · no way
[final]    39.48s    wire 222 · relax 5: let go of 227, fence 227, 221 · no way
[final]    39.79s    wire 222 · relax 6: let go of 228, fence 228, 221 · no way
[final]    40.11s    wire 222 · relax 7: let go of 229, fence 229, 221 · no way
[final]    40.43s    wire 222 · relax 8: let go of 0, fence 0, 221 · no way
[final]    40.43s    wire 222 · round 0 forward: no way after 8 relaxations; 223, 224, 225, 226, 227, 228, 229, 0 back as they were
[final]    40.46s    wire 223 · round 0 forward · normal: no way, relaxing
[final]    40.49s    wire 223 · relax 1: let go of 224, fence 224, 222 · found 1624 cells · long enough: 2026 of 590 cells
[final]    40.53s    wire 224 · round 0 forward · normal: found 1603 cells
[final]    40.57s    wire 225 · round 0 forward · normal: found 1638 cells · long enough: 2073 of 591 cells
[final]    40.59s    wire 226 · round 0 forward · normal: no way, relaxing
[final]    40.62s    wire 226 · relax 1: let go of 227, fence 227, 225 · no way
[final]    40.65s    wire 226 · relax 2: let go of 228, fence 228, 225 · no way
[final]    40.68s    wire 226 · relax 3: let go of 229, fence 229, 225 · no way
[final]    40.71s    wire 226 · relax 4: let go of 0, fence 0, 225 · no way
[final]    40.74s    wire 226 · relax 5: let go of 1, fence 1, 225 · no way
[final]    40.77s    wire 226 · relax 6: let go of 2, fence 2, 225 · no way
[final]    40.80s    wire 226 · relax 7: let go of 3, fence 3, 225 · no way
[final]    40.83s    wire 226 · relax 8: let go of 4, fence 4, 225 · no way
[final]    40.83s    wire 226 · round 0 forward: no way after 8 relaxations; 227, 228, 229, 0, 1, 2, 3, 4 back as they were
[final]    40.86s    wire 227 · round 0 forward · normal: no way, relaxing
[final]    40.88s    wire 227 · relax 1: let go of 228, fence 228, 226 · no way
[final]    40.91s    wire 227 · relax 2: let go of 229, fence 229, 226 · no way
[final]    40.94s    wire 227 · relax 3: let go of 0, fence 0, 226 · no way
[final]    40.97s    wire 227 · relax 4: let go of 1, fence 1, 226 · no way
[final]    41.00s    wire 227 · relax 5: let go of 2, fence 2, 226 · no way
[final]    41.03s    wire 227 · relax 6: let go of 3, fence 3, 226 · no way
[final]    41.06s    wire 227 · relax 7: let go of 4, fence 4, 226 · no way
[final]    41.09s    wire 227 · relax 8: let go of 5, fence 5, 226 · no way
[final]    41.09s    wire 227 · round 0 forward: no way after 8 relaxations; 228, 229, 0, 1, 2, 3, 4, 5 back as they were
[final]    41.15s    wire 228 · round 0 forward · normal: found 1239 cells · long enough: 1713 of 591 cells
[final]    41.19s    wire 229 · round 0 forward · normal: found 1186 cells
[final]    41.19s  outer routing round 0 forward : tried 230, routed 208, unrouted 22, open 0, short 0 | Fails: 22
[final]    41.22s    wire 227 · round 1 backward · normal: no way, relaxing
[final]    41.25s    wire 227 · relax 1: let go of 226, fence 226, 228 · no way
[final]    41.46s    wire 227 · relax 2: let go of 225, fence 225, 228 · found 1376 cells
[final]    41.49s    wire 226 · round 1 backward · normal: no way, relaxing
[final]    41.51s    wire 226 · relax 1: let go of 225, fence 225, 227 · no way
[final]    41.71s    wire 226 · relax 2: let go of 224, fence 224, 227 · found 1512 cells
[final]    41.74s    wire 225 · round 1 backward · normal: no way, relaxing
[final]    41.77s    wire 225 · relax 1: let go of 224, fence 224, 226 · no way
[final]    41.91s    wire 225 · relax 2: let go of 223, fence 223, 226 · found 1634 cells · long enough: 2069 of 591 cells
[final]    41.93s    wire 224 · round 1 backward · normal: no way, relaxing
[final]    41.97s    wire 224 · relax 1: let go of 223, fence 223, 225 · found 1599 cells
[final]    41.99s    wire 223 · round 1 backward · normal: no way, relaxing
[final]    42.03s    wire 223 · relax 1: let go of 222, fence 222, 224 · found 1624 cells · long enough: 2026 of 590 cells
[final]    42.06s    wire 222 · round 1 backward · normal: no way, relaxing
[final]    42.09s    wire 222 · relax 1: let go of 221, fence 221, 223 · no way
[final]    42.17s    wire 222 · relax 2: let go of 220, fence 220, 223 · found 1625 cells
[final]    42.22s    wire 221 · round 1 backward · normal: found 1745 cells
[final]    42.27s    wire 220 · round 1 backward · normal: found 1828 cells
[final]    42.30s    wire 217 · round 1 backward · normal: no way, relaxing
[final]    42.33s    wire 217 · relax 1: let go of 216, fence 216, 218 · no way
[final]    42.42s    wire 217 · relax 2: let go of 215, fence 215, 218 · found 1832 cells
[final]    42.44s    wire 216 · round 1 backward · normal: no way, relaxing
[final]    42.47s    wire 216 · relax 1: let go of 215, fence 215, 217 · no way
[final]    42.58s    wire 216 · relax 2: let go of 214, fence 214, 217 · found 1986 cells
[final]    42.63s    wire 215 · round 1 backward · normal: found 2061 cells
[final]    42.70s    wire 214 · round 1 backward · normal: found 2060 cells
[final]    42.87s    wire 213 · round 1 backward · normal: no way, relaxing
[final]    43.05s    wire 213 · relax 1: let go of 212, fence 212, 214 · no way
[final]    43.23s    wire 213 · relax 2: let go of 211, fence 211, 214 · found 2045 cells
[final]    43.26s    wire 212 · round 1 backward · normal: no way, relaxing
[final]    43.29s    wire 212 · relax 1: let go of 211, fence 211, 213 · no way
[final]    43.43s    wire 212 · relax 2: let go of 210, fence 210, 213 · found 2195 cells · long enough: 2400 of 590 cells
[final]    43.45s    wire 211 · round 1 backward · normal: no way, relaxing
[final]    43.48s    wire 211 · relax 1: let go of 210, fence 210, 212 · no way
[final]    43.54s    wire 211 · relax 2: let go of 209, fence 209, 212 · found 2227 cells
[final]    43.57s    wire 210 · round 1 backward · normal: no way, relaxing
[final]    43.59s    wire 210 · relax 1: let go of 209, fence 209, 211 · no way
[final]    43.69s    wire 210 · relax 2: let go of 208, fence 208, 211 · found 2310 cells
[final]    43.74s    wire 209 · round 1 backward · normal: found 2301 cells
[final]    43.77s    wire 208 · round 1 backward · normal: no way, relaxing
[final]    43.80s    wire 208 · relax 1: let go of 207, fence 207, 209 · no way
[final]    43.91s    wire 208 · relax 2: let go of 206, fence 206, 209 · found 2290 cells
[final]    43.94s    wire 207 · round 1 backward · normal: no way, relaxing
[final]    43.97s    wire 207 · relax 1: let go of 206, fence 206, 208 · no way
[final]    44.07s    wire 207 · relax 2: let go of 205, fence 205, 208 · found 2443 cells · long enough: 2585 of 590 cells
[final]    44.10s    wire 206 · round 1 backward · normal: no way, relaxing
[final]    44.13s    wire 206 · relax 1: let go of 205, fence 205, 207 · no way
[final]    44.20s    wire 206 · relax 2: let go of 204, fence 204, 207 · found 2451 cells
[final]    44.23s    wire 205 · round 1 backward · normal: no way, relaxing
[final]    44.25s    wire 205 · relax 1: let go of 204, fence 204, 206 · no way
[final]    44.32s    wire 205 · relax 2: let go of 203, fence 203, 206 · found 2573 cells · long enough: 2723 of 590 cells
[final]    44.34s    wire 204 · round 1 backward · normal: no way, relaxing
[final]    44.37s    wire 204 · relax 1: let go of 203, fence 203, 205 · no way
[final]    44.43s    wire 204 · relax 2: let go of 202, fence 202, 205 · found 2576 cells · long enough: 2714 of 580 cells
[final]    44.45s    wire 203 · round 1 backward · normal: no way, relaxing
[final]    44.48s    wire 203 · relax 1: let go of 202, fence 202, 204 · no way
[final]    44.55s    wire 203 · relax 2: let go of 201, fence 201, 204 · found 2546 cells
[final]    44.57s    wire 202 · round 1 backward · normal: no way, relaxing
[final]    44.60s    wire 202 · relax 1: let go of 201, fence 201, 203 · no way
[final]    44.68s    wire 202 · relax 2: let go of 200, fence 200, 203 · found 2576 cells
[final]    44.71s    wire 201 · round 1 backward · normal: no way, relaxing
[final]    44.74s    wire 201 · relax 1: let go of 200, fence 200, 202 · no way
[final]    44.81s    wire 201 · relax 2: let go of 199, fence 199, 202 · found 2564 cells · long enough: 2638 of 591 cells
[final]    44.86s    wire 200 · round 1 backward · normal: found 2510 cells
[final]    44.93s    wire 199 · round 1 backward · normal: found 2524 cells
[final]    44.96s    wire 167 · round 1 backward · normal: no way, relaxing
[final]    44.99s    wire 167 · relax 1: let go of 166, fence 166, 168 · no way
[final]    45.05s    wire 167 · relax 2: let go of 165, fence 165, 168 · found 1496 cells
[final]    45.08s    wire 166 · round 1 backward · normal: no way, relaxing
[final]    45.11s    wire 166 · relax 1: let go of 165, fence 165, 167 · no way
[final]    45.17s    wire 166 · relax 2: let go of 164, fence 164, 167 · found 1577 cells · long enough: 1852 of 590 cells
[final]    45.19s    wire 165 · round 1 backward · normal: no way, relaxing
[final]    45.22s    wire 165 · relax 1: let go of 164, fence 164, 166 · no way
[final]    45.28s    wire 165 · relax 2: let go of 163, fence 163, 166 · found 1586 cells
[final]    45.31s    wire 164 · round 1 backward · normal: no way, relaxing
[final]    45.33s    wire 164 · relax 1: let go of 163, fence 163, 165 · no way
[final]    45.36s    wire 164 · relax 2: let go of 162, fence 162, 165 · no way
[final]    45.47s    wire 164 · relax 3: let go of 161, fence 161, 165 · found 1650 cells · long enough: 1913 of 590 cells
[final]    45.50s    wire 163 · round 1 backward · normal: no way, relaxing
[final]    45.53s    wire 163 · relax 1: let go of 162, fence 162, 164 · no way
[final]    45.56s    wire 163 · relax 2: let go of 161, fence 161, 164 · no way
[final]    45.59s    wire 163 · relax 3: let go of 160, fence 160, 164 · no way
[final]    45.76s    wire 163 · relax 4: let go of 159, fence 159, 164 · found 1694 cells
[final]    45.78s    wire 162 · round 1 backward · normal: no way, relaxing
[final]    45.81s    wire 162 · relax 1: let go of 161, fence 161, 163 · no way
[final]    45.85s    wire 162 · relax 2: let go of 160, fence 160, 163 · no way
[final]    45.88s    wire 162 · relax 3: let go of 159, fence 159, 163 · no way
[final]    46.09s    wire 162 · relax 4: let go of 158, fence 158, 163 · found 1932 cells
[final]    46.11s    wire 161 · round 1 backward · normal: no way, relaxing
[final]    46.14s    wire 161 · relax 1: let go of 160, fence 160, 162 · no way
[final]    46.17s    wire 161 · relax 2: let go of 159, fence 159, 162 · no way
[final]    46.31s    wire 161 · relax 3: let go of 158, fence 158, 162 · found 1884 cells · long enough: 2143 of 590 cells
[final]    46.34s    wire 160 · round 1 backward · normal: no way, relaxing
[final]    46.37s    wire 160 · relax 1: let go of 159, fence 159, 161 · no way
[final]    46.41s    wire 160 · relax 2: let go of 158, fence 158, 161 · no way
[final]    46.57s    wire 160 · relax 3: let go of 157, fence 157, 161 · found 1843 cells
[final]    46.60s    wire 159 · round 1 backward · normal: no way, relaxing
[final]    46.63s    wire 159 · relax 1: let go of 158, fence 158, 160 · no way
[final]    46.66s    wire 159 · relax 2: let go of 157, fence 157, 160 · no way
[final]    46.80s    wire 159 · relax 3: let go of 156, fence 156, 160 · found 1799 cells
[final]    46.83s    wire 158 · round 1 backward · normal: no way, relaxing
[final]    46.86s    wire 158 · relax 1: let go of 157, fence 157, 159 · no way
[final]    46.89s    wire 158 · relax 2: let go of 156, fence 156, 159 · no way
[final]    47.11s    wire 158 · relax 3: let go of 155, fence 155, 159 · found 1961 cells · long enough: 2124 of 591 cells
[final]    47.13s    wire 157 · round 1 backward · normal: no way, relaxing
[final]    47.16s    wire 157 · relax 1: let go of 156, fence 156, 158 · no way
[final]    47.19s    wire 157 · relax 2: let go of 155, fence 155, 158 · no way
[final]    47.36s    wire 157 · relax 3: let go of 154, fence 154, 158 · found 1980 cells
[final]    47.39s    wire 156 · round 1 backward · normal: no way, relaxing
[final]    47.42s    wire 156 · relax 1: let go of 155, fence 155, 157 · no way
[final]    47.45s    wire 156 · relax 2: let go of 154, fence 154, 157 · no way
[final]    47.63s    wire 156 · relax 3: let go of 153, fence 153, 157 · found 2067 cells
[final]    47.66s    wire 155 · round 1 backward · normal: no way, relaxing
[final]    47.70s    wire 155 · relax 1: let go of 154, fence 154, 156 · no way
[final]    47.83s    wire 155 · relax 2: let go of 153, fence 153, 156 · found 2048 cells
[final]    47.85s    wire 154 · round 1 backward · normal: no way, relaxing
[final]    47.91s    wire 154 · relax 1: let go of 153, fence 153, 155 · found 2026 cells
[final]    47.94s    wire 153 · round 1 backward · normal: no way, relaxing
[final]    48.00s    wire 153 · relax 1: let go of 152, fence 152, 154 · found 2176 cells · long enough: 2266 of 591 cells
[final]    48.07s    wire 152 · round 1 backward · normal: found 2192 cells
[final]    48.09s    wire 112 · round 1 backward · normal: no way, relaxing
[final]    48.12s    wire 112 · relax 1: let go of 111, fence 111, 113 · no way
[final]    48.23s    wire 112 · relax 2: let go of 110, fence 110, 113 · found 1155 cells
[final]    48.26s    wire 111 · round 1 backward · normal: no way, relaxing
[final]    48.28s    wire 111 · relax 1: let go of 110, fence 110, 112 · no way
[final]    48.37s    wire 111 · relax 2: let go of 109, fence 109, 112 · found 1294 cells · long enough: 1616 of 590 cells
[final]    48.40s    wire 110 · round 1 backward · normal: no way, relaxing
[final]    48.42s    wire 110 · relax 1: let go of 109, fence 109, 111 · no way
[final]    48.50s    wire 110 · relax 2: let go of 108, fence 108, 111 · found 1226 cells
[final]    48.52s    wire 109 · round 1 backward · normal: no way, relaxing
[final]    48.54s    wire 109 · relax 1: let go of 108, fence 108, 110 · no way
[final]    48.60s    wire 109 · relax 2: let go of 107, fence 107, 110 · found 1320 cells · long enough: 1705 of 590 cells
[final]    48.63s    wire 108 · round 1 backward · normal: no way, relaxing
[final]    48.65s    wire 108 · relax 1: let go of 107, fence 107, 109 · no way
[final]    48.70s    wire 108 · relax 2: let go of 106, fence 106, 109 · found 1320 cells
[final]    48.72s    wire 107 · round 1 backward · normal: no way, relaxing
[final]    48.75s    wire 107 · relax 1: let go of 106, fence 106, 108 · no way
[final]    48.77s    wire 107 · relax 2: let go of 105, fence 105, 108 · no way
[final]    48.86s    wire 107 · relax 3: let go of 104, fence 104, 108 · found 1340 cells
[final]    48.88s    wire 106 · round 1 backward · normal: no way, relaxing
[final]    48.91s    wire 106 · relax 1: let go of 105, fence 105, 107 · no way
[final]    48.94s    wire 106 · relax 2: let go of 104, fence 104, 107 · no way
[final]    49.03s    wire 106 · relax 3: let go of 103, fence 103, 107 · found 1476 cells · long enough: 1813 of 590 cells
[final]    49.05s    wire 105 · round 1 backward · normal: no way, relaxing
[final]    49.08s    wire 105 · relax 1: let go of 104, fence 104, 106 · no way
[final]    49.10s    wire 105 · relax 2: let go of 103, fence 103, 106 · no way
[final]    49.13s    wire 105 · relax 3: let go of 102, fence 102, 106 · no way
[final]    49.25s    wire 105 · relax 4: let go of 101, fence 101, 106 · found 1523 cells
[final]    49.27s    wire 104 · round 1 backward · normal: no way, relaxing
[final]    49.30s    wire 104 · relax 1: let go of 103, fence 103, 105 · no way
[final]    49.32s    wire 104 · relax 2: let go of 102, fence 102, 105 · no way
[final]    49.35s    wire 104 · relax 3: let go of 101, fence 101, 105 · no way
[final]    49.38s    wire 104 · relax 4: let go of 100, fence 100, 105 · no way
[final]    49.52s    wire 104 · relax 5: let go of 99, fence 99, 105 · found 1642 cells
[final]    49.54s    wire 103 · round 1 backward · normal: no way, relaxing
[final]    49.57s    wire 103 · relax 1: let go of 102, fence 102, 104 · no way
[final]    49.59s    wire 103 · relax 2: let go of 101, fence 101, 104 · no way
[final]    49.62s    wire 103 · relax 3: let go of 100, fence 100, 104 · no way
[final]    49.64s    wire 103 · relax 4: let go of 99, fence 99, 104 · no way
[final]    49.77s    wire 103 · relax 5: let go of 98, fence 98, 104 · found 1669 cells
[final]    49.79s    wire 102 · round 1 backward · normal: no way, relaxing
[final]    49.81s    wire 102 · relax 1: let go of 101, fence 101, 103 · no way
[final]    49.84s    wire 102 · relax 2: let go of 100, fence 100, 103 · no way
[final]    49.87s    wire 102 · relax 3: let go of 99, fence 99, 103 · no way
[final]    49.89s    wire 102 · relax 4: let go of 98, fence 98, 103 · no way
[final]    50.03s    wire 102 · relax 5: let go of 97, fence 97, 103 · no way
[final]    50.21s    wire 102 · relax 6: let go of 96, fence 96, 103 · found 1699 cells
[final]    50.23s    wire 101 · round 1 backward · normal: no way, relaxing
[final]    50.26s    wire 101 · relax 1: let go of 100, fence 100, 102 · no way
[final]    50.28s    wire 101 · relax 2: let go of 99, fence 99, 102 · no way
[final]    50.31s    wire 101 · relax 3: let go of 98, fence 98, 102 · no way
[final]    50.34s    wire 101 · relax 4: let go of 97, fence 97, 102 · no way
[final]    50.46s    wire 101 · relax 5: let go of 96, fence 96, 102 · found 1698 cells · long enough: 2003 of 591 cells
[final]    50.48s    wire 100 · round 1 backward · normal: no way, relaxing
[final]    50.51s    wire 100 · relax 1: let go of 99, fence 99, 101 · no way
[final]    50.54s    wire 100 · relax 2: let go of 98, fence 98, 101 · no way
[final]    50.56s    wire 100 · relax 3: let go of 97, fence 97, 101 · no way
[final]    50.59s    wire 100 · relax 4: let go of 96, fence 96, 101 · no way
[final]    50.62s    wire 100 · relax 5: let go of 95, fence 95, 101 · no way
[final]    50.76s    wire 100 · relax 6: let go of 94, fence 94, 101 · found 1750 cells
[final]    50.79s    wire 99 · round 1 backward · normal: no way, relaxing
[final]    50.81s    wire 99 · relax 1: let go of 98, fence 98, 100 · no way
[final]    50.84s    wire 99 · relax 2: let go of 97, fence 97, 100 · no way
[final]    50.86s    wire 99 · relax 3: let go of 96, fence 96, 100 · no way
[final]    50.89s    wire 99 · relax 4: let go of 95, fence 95, 100 · no way
[final]    50.92s    wire 99 · relax 5: let go of 94, fence 94, 100 · no way
[final]    51.07s    wire 99 · relax 6: let go of 93, fence 93, 100 · found 1810 cells · long enough: 2138 of 591 cells
[final]    51.09s    wire 98 · round 1 backward · normal: no way, relaxing
[final]    51.12s    wire 98 · relax 1: let go of 97, fence 97, 99 · no way
[final]    51.15s    wire 98 · relax 2: let go of 96, fence 96, 99 · no way
[final]    51.18s    wire 98 · relax 3: let go of 95, fence 95, 99 · no way
[final]    51.20s    wire 98 · relax 4: let go of 94, fence 94, 99 · no way
[final]    51.23s    wire 98 · relax 5: let go of 93, fence 93, 99 · no way
[final]    51.38s    wire 98 · relax 6: let go of 92, fence 92, 99 · found 1755 cells
[final]    51.40s    wire 97 · round 1 backward · normal: no way, relaxing
[final]    51.43s    wire 97 · relax 1: let go of 96, fence 96, 98 · no way
[final]    51.46s    wire 97 · relax 2: let go of 95, fence 95, 98 · no way
[final]    51.48s    wire 97 · relax 3: let go of 94, fence 94, 98 · no way
[final]    51.51s    wire 97 · relax 4: let go of 93, fence 93, 98 · no way
[final]    51.54s    wire 97 · relax 5: let go of 92, fence 92, 98 · no way
[final]    51.69s    wire 97 · relax 6: let go of 91, fence 91, 98 · found 1785 cells
[final]    51.71s    wire 96 · round 1 backward · normal: no way, relaxing
[final]    51.74s    wire 96 · relax 1: let go of 95, fence 95, 97 · no way
[final]    51.76s    wire 96 · relax 2: let go of 94, fence 94, 97 · no way
[final]    51.79s    wire 96 · relax 3: let go of 93, fence 93, 97 · no way
[final]    51.82s    wire 96 · relax 4: let go of 92, fence 92, 97 · no way
[final]    51.85s    wire 96 · relax 5: let go of 91, fence 91, 97 · no way
[final]    52.01s    wire 96 · relax 6: let go of 90, fence 90, 97 · found 1873 cells · long enough: 2222 of 590 cells
[final]    52.04s    wire 95 · round 1 backward · normal: no way, relaxing
[final]    52.06s    wire 95 · relax 1: let go of 94, fence 94, 96 · no way
[final]    52.09s    wire 95 · relax 2: let go of 93, fence 93, 96 · no way
[final]    52.12s    wire 95 · relax 3: let go of 92, fence 92, 96 · no way
[final]    52.15s    wire 95 · relax 4: let go of 91, fence 91, 96 · no way
[final]    52.18s    wire 95 · relax 5: let go of 90, fence 90, 96 · no way
[final]    52.35s    wire 95 · relax 6: let go of 89, fence 89, 96 · found 1965 cells
[final]    52.37s    wire 94 · round 1 backward · normal: no way, relaxing
[final]    52.40s    wire 94 · relax 1: let go of 93, fence 93, 95 · no way
[final]    52.43s    wire 94 · relax 2: let go of 92, fence 92, 95 · no way
[final]    52.45s    wire 94 · relax 3: let go of 91, fence 91, 95 · no way
[final]    52.48s    wire 94 · relax 4: let go of 90, fence 90, 95 · no way
[final]    52.51s    wire 94 · relax 5: let go of 89, fence 89, 95 · no way
[final]    52.66s    wire 94 · relax 6: let go of 88, fence 88, 95 · found 2027 cells · long enough: 2280 of 591 cells
[final]    52.69s    wire 93 · round 1 backward · normal: no way, relaxing
[final]    52.71s    wire 93 · relax 1: let go of 92, fence 92, 94 · no way
[final]    52.74s    wire 93 · relax 2: let go of 91, fence 91, 94 · no way
[final]    52.76s    wire 93 · relax 3: let go of 90, fence 90, 94 · no way
[final]    52.79s    wire 93 · relax 4: let go of 89, fence 89, 94 · no way
[final]    52.82s    wire 93 · relax 5: let go of 88, fence 88, 94 · no way
[final]    52.97s    wire 93 · relax 6: let go of 87, fence 87, 94 · found 1975 cells
[final]    52.99s    wire 92 · round 1 backward · normal: no way, relaxing
[final]    53.01s    wire 92 · relax 1: let go of 91, fence 91, 93 · no way
[final]    53.04s    wire 92 · relax 2: let go of 90, fence 90, 93 · no way
[final]    53.07s    wire 92 · relax 3: let go of 89, fence 89, 93 · no way
[final]    53.09s    wire 92 · relax 4: let go of 88, fence 88, 93 · no way
[final]    53.23s    wire 92 · relax 5: let go of 87, fence 87, 93 · found 2013 cells
[final]    53.25s    wire 91 · round 1 backward · normal: no way, relaxing
[final]    53.28s    wire 91 · relax 1: let go of 90, fence 90, 92 · no way
[final]    53.31s    wire 91 · relax 2: let go of 89, fence 89, 92 · no way
[final]    53.34s    wire 91 · relax 3: let go of 88, fence 88, 92 · no way
[final]    53.37s    wire 91 · relax 4: let go of 87, fence 87, 92 · no way
[final]    53.50s    wire 91 · relax 5: let go of 86, fence 86, 92 · found 2109 cells · long enough: 2315 of 590 cells
[final]    53.53s    wire 90 · round 1 backward · normal: no way, relaxing
[final]    53.56s    wire 90 · relax 1: let go of 89, fence 89, 91 · no way
[final]    53.58s    wire 90 · relax 2: let go of 88, fence 88, 91 · no way
[final]    53.61s    wire 90 · relax 3: let go of 87, fence 87, 91 · no way
[final]    53.73s    wire 90 · relax 4: let go of 86, fence 86, 91 · found 2194 cells
[final]    53.75s    wire 89 · round 1 backward · normal: no way, relaxing
[final]    53.78s    wire 89 · relax 1: let go of 88, fence 88, 90 · no way
[final]    53.80s    wire 89 · relax 2: let go of 87, fence 87, 90 · no way
[final]    53.83s    wire 89 · relax 3: let go of 86, fence 86, 90 · no way
[final]    53.96s    wire 89 · relax 4: let go of 85, fence 85, 90 · found 2255 cells · long enough: 2436 of 591 cells
[final]    53.99s    wire 88 · round 1 backward · normal: no way, relaxing
[final]    54.01s    wire 88 · relax 1: let go of 87, fence 87, 89 · no way
[final]    54.04s    wire 88 · relax 2: let go of 86, fence 86, 89 · no way
[final]    54.07s    wire 88 · relax 3: let go of 85, fence 85, 89 · no way
[final]    54.20s    wire 88 · relax 4: let go of 84, fence 84, 89 · found 2207 cells
[final]    54.22s    wire 87 · round 1 backward · normal: no way, relaxing
[final]    54.25s    wire 87 · relax 1: let go of 86, fence 86, 88 · no way
[final]    54.27s    wire 87 · relax 2: let go of 85, fence 85, 88 · no way
[final]    54.41s    wire 87 · relax 3: let go of 84, fence 84, 88 · found 2242 cells
[final]    54.44s    wire 86 · round 1 backward · normal: no way, relaxing
[final]    54.47s    wire 86 · relax 1: let go of 85, fence 85, 87 · no way
[final]    54.55s    wire 86 · relax 2: let go of 84, fence 84, 87 · found 2244 cells · long enough: 2370 of 591 cells
[final]    54.58s    wire 85 · round 1 backward · normal: no way, relaxing
[final]    54.60s    wire 85 · relax 1: let go of 84, fence 84, 86 · no way
[final]    54.72s    wire 85 · relax 2: let go of 83, fence 83, 86 · found 2191 cells
[final]    54.80s    wire 84 · round 1 backward · normal: found 2197 cells
[final]    54.85s    wire 83 · round 1 backward · normal: found 2214 cells
[final]    54.99s    wire 79 · round 1 backward · normal: no way, relaxing
[final]    55.14s    wire 79 · relax 1: let go of 78, fence 78, 80 · no way
[final]    55.21s    wire 79 · relax 2: let go of 77, fence 77, 80 · found 1963 cells
[final]    55.24s    wire 78 · round 1 backward · normal: found 1960 cells
[final]    55.28s    wire 77 · round 1 backward · normal: found 1860 cells
[final]    55.34s    wire 54 · round 1 backward · normal: no way, relaxing
[final]    55.40s    wire 54 · relax 1: let go of 53, fence 53, 55 · no way
[final]    55.45s    wire 54 · relax 2: let go of 52, fence 52, 55 · found 983 cells
[final]    55.50s    wire 53 · round 1 backward · normal: found 1128 cells
[final]    55.56s    wire 52 · round 1 backward · normal: found 1201 cells
[final]    55.59s    wire 44 · round 1 backward · normal: no way, relaxing
[final]    55.62s    wire 44 · relax 1: let go of 43, fence 43, 45 · no way
[final]    55.71s    wire 44 · relax 2: let go of 42, fence 42, 45 · found 1624 cells
[final]    55.73s    wire 43 · round 1 backward · normal: no way, relaxing
[final]    55.76s    wire 43 · relax 1: let go of 42, fence 42, 44 · no way
[final]    55.84s    wire 43 · relax 2: let go of 41, fence 41, 44 · found 1692 cells
[final]    55.86s    wire 42 · round 1 backward · normal: no way, relaxing
[final]    55.90s    wire 42 · relax 1: let go of 41, fence 41, 43 · found 1734 cells · long enough: 1942 of 590 cells
[final]    55.94s    wire 41 · round 1 backward · normal: found 1709 cells
[final]    55.94s  outer routing round 1 backward: tried 83, routed 83, unrouted 0, open 0, short 0 | Fails: 0
[final]    56.02s  outer routing: 230 of 230 drawn, 0 unrouted, 0 open, 0 short | Fails: 0
[final]    56.02s  outer routing round 0 forward : 96 found a way in phase 1, 112 after relaxation, 22 failed: 44, 54, 79, 93, 98, 101, 102, 106, 107, 111, 112, 158, 162, 163, 167, 208, 213, 216, 217, 222, 226, 227
[final]    56.02s  outer routing round 1 backward: 15 found a way in phase 1, 68 after relaxation, 0 failed
[final]    56.02s  outer routing: nothing to recover without the length-point clearance
[final]    56.02s  refinement: 230 wires, 10 rounds
[final]    56.25s    wire 0 · round 0 forward · refine: found 1169 cells · long enough: 1550 of 590 cells
[final]    56.37s    wire 1 · round 0 forward · refine: found 1075 cells
[final]    56.47s    wire 2 · round 0 forward · refine: found 1086 cells
[final]    56.57s    wire 3 · round 0 forward · refine: found 1084 cells · long enough: 1475 of 591 cells
[final]    56.68s    wire 4 · round 0 forward · refine: found 1097 cells
[final]    56.77s    wire 5 · round 0 forward · refine: found 1244 cells
[final]    56.85s    wire 6 · round 0 forward · refine: found 1307 cells
[final]    56.94s    wire 7 · round 0 forward · refine: found 1320 cells
[final]    57.06s    wire 8 · round 0 forward · refine: found 1349 cells
[final]    57.11s    wire 9 · round 0 forward · refine: kept its way
[final]    57.18s    wire 10 · round 0 forward · refine: found 1539 cells
[final]    57.23s    wire 11 · round 0 forward · refine: kept its way
[final]    57.31s    wire 12 · round 0 forward · refine: found 1626 cells
[final]    57.43s    wire 13 · round 0 forward · refine: found 1588 cells · long enough: 1836 of 590 cells
[final]    57.54s    wire 14 · round 0 forward · refine: found 1569 cells
[final]    57.64s    wire 15 · round 0 forward · refine: found 1721 cells
[final]    57.70s    wire 16 · round 0 forward · refine: kept its way
[final]    57.77s    wire 17 · round 0 forward · refine: found 1776 cells
[final]    57.89s    wire 18 · round 0 forward · refine: found 1802 cells · long enough: 2027 of 590 cells
[final]    58.01s    wire 19 · round 0 forward · refine: found 1785 cells
[final]    58.17s    wire 20 · round 0 forward · refine: found 1946 cells
[final]    58.23s    wire 21 · round 0 forward · refine: kept its way
[final]    58.33s    wire 22 · round 0 forward · refine: found 1993 cells
[final]    58.42s    wire 23 · round 0 forward · refine: found 2023 cells · long enough: 2107 of 591 cells
[final]    58.57s    wire 24 · round 0 forward · refine: found 2114 cells
[final]    58.73s    wire 25 · round 0 forward · refine: found 2144 cells
[final]    58.88s    wire 26 · round 0 forward · refine: found 2231 cells
[final]    59.08s    wire 27 · round 0 forward · refine: found 2210 cells
[final]    59.23s    wire 28 · round 0 forward · refine: found 2195 cells
[final]    59.36s    wire 29 · round 0 forward · refine: found 2248 cells · long enough: 2250 of 591 cells
[final]    59.50s    wire 30 · round 0 forward · refine: found 2247 cells
[final]    59.60s    wire 31 · round 0 forward · refine: found 2240 cells
[final]    59.68s    wire 32 · round 0 forward · refine: found 2251 cells · long enough: 2316 of 590 cells
[final]    59.78s    wire 33 · round 0 forward · refine: found 2184 cells
[final]    59.87s    wire 34 · round 0 forward · refine: found 2130 cells
[final]    59.95s    wire 35 · round 0 forward · refine: found 1992 cells · long enough: 2053 of 591 cells
[final]    60.04s    wire 36 · round 0 forward · refine: found 2019 cells
[final]    60.16s    wire 37 · round 0 forward · refine: found 2013 cells · long enough: 2100 of 590 cells
[final]    60.28s    wire 38 · round 0 forward · refine: found 1944 cells
[final]    60.41s    wire 39 · round 0 forward · refine: found 1875 cells
[final]    60.52s    wire 40 · round 0 forward · refine: found 1767 cells · long enough: 1936 of 591 cells
[final]    60.61s    wire 41 · round 0 forward · refine: found 1770 cells
[final]    60.71s    wire 42 · round 0 forward · refine: found 1758 cells · long enough: 1964 of 590 cells
[final]    60.80s    wire 43 · round 0 forward · refine: found 1696 cells
[final]    60.92s    wire 44 · round 0 forward · refine: found 1671 cells
[final]    61.00s    wire 45 · round 0 forward · refine: found 1504 cells · long enough: 1693 of 591 cells
[final]    61.09s    wire 46 · round 0 forward · refine: found 1528 cells
[final]    61.18s    wire 47 · round 0 forward · refine: found 1494 cells · long enough: 1718 of 590 cells
[final]    61.26s    wire 48 · round 0 forward · refine: found 1459 cells
[final]    61.34s    wire 49 · round 0 forward · refine: found 1375 cells
[final]    61.48s    wire 50 · round 0 forward · refine: found 1257 cells · long enough: 1506 of 591 cells
[final]    61.60s    wire 51 · round 0 forward · refine: found 1221 cells
[final]    61.71s    wire 52 · round 0 forward · refine: found 1205 cells
[final]    61.81s    wire 53 · round 0 forward · refine: found 1140 cells
[final]    61.90s    wire 54 · round 0 forward · refine: found 1016 cells
[final]    62.00s    wire 55 · round 0 forward · refine: found 1011 cells · long enough: 1370 of 590 cells
[final]    62.16s    wire 56 · round 0 forward · refine: found 1056 cells
[final]    62.33s    wire 57 · round 0 forward · refine: found 957 cells
[final]    62.45s    wire 58 · round 0 forward · refine: found 1006 cells · long enough: 1329 of 590 cells
[final]    62.56s    wire 59 · round 0 forward · refine: found 981 cells
[final]    62.64s    wire 60 · round 0 forward · refine: found 1007 cells · long enough: 1326 of 590 cells
[final]    62.71s    wire 61 · round 0 forward · refine: found 1036 cells
[final]    62.81s    wire 62 · round 0 forward · refine: found 1140 cells
[final]    62.89s    wire 63 · round 0 forward · refine: found 1254 cells · long enough: 1578 of 590 cells
[final]    62.97s    wire 64 · round 0 forward · refine: found 1230 cells
[final]    63.05s    wire 65 · round 0 forward · refine: found 1269 cells · long enough: 1571 of 590 cells
[final]    63.12s    wire 66 · round 0 forward · refine: found 1286 cells
[final]    63.19s    wire 67 · round 0 forward · refine: found 1395 cells
[final]    63.26s    wire 68 · round 0 forward · refine: found 1493 cells
[final]    63.34s    wire 69 · round 0 forward · refine: found 1492 cells
[final]    63.50s    wire 70 · round 0 forward · refine: found 1455 cells
[final]    63.62s    wire 71 · round 0 forward · refine: found 1508 cells · long enough: 1719 of 591 cells
[final]    63.72s    wire 72 · round 0 forward · refine: found 1636 cells
[final]    63.81s    wire 73 · round 0 forward · refine: found 1736 cells
[final]    63.91s    wire 74 · round 0 forward · refine: found 1721 cells
[final]    64.08s    wire 75 · round 0 forward · refine: found 1711 cells
[final]    64.22s    wire 76 · round 0 forward · refine: found 1748 cells · long enough: 1816 of 591 cells
[final]    64.31s    wire 77 · round 0 forward · refine: found 1884 cells
[final]    64.39s    wire 78 · round 0 forward · refine: found 1980 cells
[final]    64.51s    wire 79 · round 0 forward · refine: found 1957 cells
[final]    64.60s    wire 80 · round 0 forward · refine: found 1947 cells
[final]    64.70s    wire 81 · round 0 forward · refine: found 1996 cells · long enough: 2000 of 591 cells
[final]    64.84s    wire 82 · round 0 forward · refine: found 2108 cells
[final]    65.00s    wire 83 · round 0 forward · refine: found 2215 cells
[final]    65.17s    wire 84 · round 0 forward · refine: found 2213 cells
[final]    65.30s    wire 85 · round 0 forward · refine: found 2195 cells
[final]    65.41s    wire 86 · round 0 forward · refine: found 2248 cells · long enough: 2331 of 591 cells
[final]    65.53s    wire 87 · round 0 forward · refine: found 2257 cells
[final]    65.64s    wire 88 · round 0 forward · refine: found 2222 cells
[final]    65.74s    wire 89 · round 0 forward · refine: found 2282 cells · long enough: 2436 of 591 cells
[final]    65.84s    wire 90 · round 0 forward · refine: found 2208 cells
[final]    65.89s    wire 91 · round 0 forward · refine: kept its way
[final]    65.95s    wire 92 · round 0 forward · refine: kept its way
[final]    66.06s    wire 93 · round 0 forward · refine: found 1997 cells
[final]    66.21s    wire 94 · round 0 forward · refine: found 2071 cells · long enough: 2321 of 591 cells
[final]    66.39s    wire 95 · round 0 forward · refine: found 1983 cells
[final]    66.52s    wire 96 · round 0 forward · refine: found 1921 cells · long enough: 2201 of 590 cells
[final]    66.66s    wire 97 · round 0 forward · refine: found 1815 cells
[final]    66.77s    wire 98 · round 0 forward · refine: found 1781 cells
[final]    66.87s    wire 99 · round 0 forward · refine: found 1849 cells · long enough: 2149 of 591 cells
[final]    66.96s    wire 100 · round 0 forward · refine: found 1786 cells
[final]    67.06s    wire 101 · round 0 forward · refine: found 1749 cells · long enough: 2019 of 591 cells
[final]    67.17s    wire 102 · round 0 forward · refine: found 1697 cells
[final]    67.28s    wire 103 · round 0 forward · refine: found 1632 cells
[final]    67.39s    wire 104 · round 0 forward · refine: found 1623 cells
[final]    67.48s    wire 105 · round 0 forward · refine: found 1544 cells
[final]    67.56s    wire 106 · round 0 forward · refine: found 1509 cells · long enough: 1813 of 590 cells
[final]    67.65s    wire 107 · round 0 forward · refine: found 1374 cells
[final]    67.72s    wire 108 · round 0 forward · refine: found 1338 cells
[final]    67.78s    wire 109 · round 0 forward · refine: kept its way
[final]    67.87s    wire 110 · round 0 forward · refine: found 1303 cells
[final]    67.97s    wire 111 · round 0 forward · refine: found 1296 cells · long enough: 1613 of 590 cells
[final]    68.10s    wire 112 · round 0 forward · refine: found 1197 cells
[final]    68.20s    wire 113 · round 0 forward · refine: found 1080 cells
[final]    68.32s    wire 114 · round 0 forward · refine: found 1028 cells
[final]    68.44s    wire 115 · round 0 forward · refine: found 1177 cells · long enough: 1595 of 590 cells
[final]    68.60s    wire 116 · round 0 forward · refine: found 1252 cells
[final]    69.04s    wire 117 · round 0 forward · refine: found 1411 cells
[final]    69.24s    wire 118 · round 0 forward · refine: found 1497 cells · long enough: 1942 of 590 cells
[final]    69.38s    wire 119 · round 0 forward · refine: found 1541 cells
[final]    69.48s    wire 120 · round 0 forward · refine: found 1610 cells
[final]    69.58s    wire 121 · round 0 forward · refine: found 1620 cells
[final]    69.77s    wire 122 · round 0 forward · refine: found 1643 cells
[final]    69.89s    wire 123 · round 0 forward · refine: found 1773 cells · long enough: 2142 of 590 cells
[final]    69.95s    wire 124 · round 0 forward · refine: kept its way
[final]    70.06s    wire 125 · round 0 forward · refine: found 1882 cells · long enough: 2263 of 590 cells
[final]    70.17s    wire 126 · round 0 forward · refine: found 1840 cells
[final]    70.28s    wire 127 · round 0 forward · refine: found 1869 cells · long enough: 2209 of 590 cells
[final]    70.36s    wire 128 · round 0 forward · refine: found 1873 cells
[final]    70.48s    wire 129 · round 0 forward · refine: found 1998 cells
[final]    70.58s    wire 130 · round 0 forward · refine: found 2089 cells
[final]    70.77s    wire 131 · round 0 forward · refine: found 2084 cells
[final]    70.93s    wire 132 · round 0 forward · refine: found 2105 cells · long enough: 2372 of 590 cells
[final]    71.04s    wire 133 · round 0 forward · refine: found 2102 cells
[final]    71.19s    wire 134 · round 0 forward · refine: found 2227 cells
[final]    71.31s    wire 135 · round 0 forward · refine: found 2318 cells
[final]    71.52s    wire 136 · round 0 forward · refine: found 2321 cells
[final]    71.70s    wire 137 · round 0 forward · refine: found 2339 cells · long enough: 2452 of 591 cells
[final]    71.82s    wire 138 · round 0 forward · refine: found 2339 cells
[final]    71.98s    wire 139 · round 0 forward · refine: found 2459 cells
[final]    72.11s    wire 140 · round 0 forward · refine: found 2551 cells
[final]    72.21s    wire 141 · round 0 forward · refine: found 2546 cells
[final]    72.32s    wire 142 · round 0 forward · refine: found 2576 cells
[final]    72.42s    wire 143 · round 0 forward · refine: found 2576 cells · long enough: 2602 of 591 cells
[final]    72.59s    wire 144 · round 0 forward · refine: found 2522 cells
[final]    72.74s    wire 145 · round 0 forward · refine: found 2528 cells
[final]    72.86s    wire 146 · round 0 forward · refine: found 2557 cells · long enough: 2585 of 590 cells
[final]    72.99s    wire 147 · round 0 forward · refine: found 2444 cells
[final]    73.11s    wire 148 · round 0 forward · refine: found 2320 cells · long enough: 2346 of 591 cells
[final]    73.27s    wire 149 · round 0 forward · refine: found 2275 cells
[final]    73.46s    wire 150 · round 0 forward · refine: found 2284 cells
[final]    73.66s    wire 151 · round 0 forward · refine: found 2284 cells
[final]    73.78s    wire 152 · round 0 forward · refine: found 2200 cells
[final]    73.94s    wire 153 · round 0 forward · refine: found 2176 cells · long enough: 2272 of 591 cells
[final]    74.08s    wire 154 · round 0 forward · refine: found 2042 cells
[final]    74.24s    wire 155 · round 0 forward · refine: found 2056 cells
[final]    74.40s    wire 156 · round 0 forward · refine: found 2071 cells
[final]    74.52s    wire 157 · round 0 forward · refine: found 1990 cells
[final]    74.58s    wire 158 · round 0 forward · refine: kept its way
[final]    74.76s    wire 159 · round 0 forward · refine: found 1806 cells
[final]    74.96s    wire 160 · round 0 forward · refine: found 1836 cells
[final]    75.09s    wire 161 · round 0 forward · refine: found 1871 cells · long enough: 2109 of 590 cells
[final]    75.24s    wire 162 · round 0 forward · refine: found 1874 cells
[final]    75.36s    wire 163 · round 0 forward · refine: found 1702 cells
[final]    75.46s    wire 164 · round 0 forward · refine: found 1645 cells · long enough: 1879 of 590 cells
[final]    75.54s    wire 165 · round 0 forward · refine: found 1610 cells
[final]    75.62s    wire 166 · round 0 forward · refine: kept its way
[final]    75.70s    wire 167 · round 0 forward · refine: found 1522 cells
[final]    75.78s    wire 168 · round 0 forward · refine: found 1405 cells · long enough: 1645 of 591 cells
[final]    75.89s    wire 169 · round 0 forward · refine: found 1339 cells
[final]    75.98s    wire 170 · round 0 forward · refine: found 1326 cells
[final]    76.23s    wire 171 · round 0 forward · refine: found 1433 cells · long enough: 1722 of 590 cells
[final]    76.48s    wire 172 · round 0 forward · refine: found 1486 cells
[final]    76.64s    wire 173 · round 0 forward · refine: found 1416 cells
[final]    76.77s    wire 174 · round 0 forward · refine: found 1389 cells
[final]    76.89s    wire 175 · round 0 forward · refine: found 1372 cells · long enough: 1752 of 591 cells
[final]    77.01s    wire 176 · round 0 forward · refine: found 1522 cells
[final]    77.11s    wire 177 · round 0 forward · refine: found 1589 cells
[final]    77.23s    wire 178 · round 0 forward · refine: found 1588 cells
[final]    77.37s    wire 179 · round 0 forward · refine: found 1611 cells
[final]    77.42s    wire 180 · round 0 forward · refine: kept its way
[final]    77.52s    wire 181 · round 0 forward · refine: found 1804 cells
[final]    77.63s    wire 182 · round 0 forward · refine: found 1872 cells
[final]    77.72s    wire 183 · round 0 forward · refine: found 1859 cells
[final]    77.78s    wire 184 · round 0 forward · refine: kept its way
[final]    77.88s    wire 185 · round 0 forward · refine: found 1875 cells
[final]    77.98s    wire 186 · round 0 forward · refine: found 2086 cells
[final]    78.04s    wire 187 · round 0 forward · refine: kept its way
[final]    78.13s    wire 188 · round 0 forward · refine: found 2071 cells
[final]    78.22s    wire 189 · round 0 forward · refine: found 2095 cells · long enough: 2304 of 590 cells
[final]    78.34s    wire 190 · round 0 forward · refine: found 2242 cells
[final]    78.45s    wire 191 · round 0 forward · refine: found 2304 cells
[final]    78.51s    wire 192 · round 0 forward · refine: kept its way
[final]    78.62s    wire 193 · round 0 forward · refine: found 2308 cells
[final]    78.73s    wire 194 · round 0 forward · refine: found 2340 cells
[final]    78.78s    wire 195 · round 0 forward · refine: kept its way
[final]    79.00s    wire 196 · round 0 forward · refine: found 2462 cells
[final]    79.20s    wire 197 · round 0 forward · refine: found 2528 cells
[final]    79.39s    wire 198 · round 0 forward · refine: found 2587 cells
[final]    79.59s    wire 199 · round 0 forward · refine: found 2544 cells
[final]    79.72s    wire 200 · round 0 forward · refine: found 2527 cells
[final]    79.85s    wire 201 · round 0 forward · refine: found 2576 cells · long enough: 2664 of 591 cells
[final]    79.96s    wire 202 · round 0 forward · refine: found 2576 cells
[final]    80.04s    wire 203 · round 0 forward · refine: found 2546 cells
[final]    80.10s    wire 204 · round 0 forward · refine: kept its way
[final]    80.17s    wire 205 · round 0 forward · refine: kept its way
[final]    80.26s    wire 206 · round 0 forward · refine: found 2463 cells
[final]    80.32s    wire 207 · round 0 forward · refine: kept its way
[final]    80.44s    wire 208 · round 0 forward · refine: found 2351 cells
[final]    80.54s    wire 209 · round 0 forward · refine: found 2313 cells
[final]    80.63s    wire 210 · round 0 forward · refine: found 2310 cells
[final]    80.71s    wire 211 · round 0 forward · refine: found 2265 cells
[final]    80.77s    wire 212 · round 0 forward · refine: kept its way
[final]    81.07s    wire 213 · round 0 forward · refine: found 2057 cells
[final]    81.24s    wire 214 · round 0 forward · refine: found 2068 cells
[final]    81.34s    wire 215 · round 0 forward · refine: found 2065 cells
[final]    81.47s    wire 216 · round 0 forward · refine: found 1994 cells
[final]    81.58s    wire 217 · round 0 forward · refine: found 1851 cells
[final]    81.71s    wire 218 · round 0 forward · refine: found 1869 cells · long enough: 2199 of 590 cells
[final]    81.88s    wire 219 · round 0 forward · refine: found 1840 cells
[final]    81.99s    wire 220 · round 0 forward · refine: found 1840 cells
[final]    82.12s    wire 221 · round 0 forward · refine: found 1757 cells
[final]    82.22s    wire 222 · round 0 forward · refine: found 1654 cells
[final]    82.31s    wire 223 · round 0 forward · refine: found 1639 cells · long enough: 2039 of 590 cells
[final]    82.39s    wire 224 · round 0 forward · refine: found 1608 cells
[final]    82.64s    wire 225 · round 0 forward · refine: found 1638 cells · long enough: 2079 of 591 cells
[final]    82.83s    wire 226 · round 0 forward · refine: found 1524 cells
[final]    83.05s    wire 227 · round 0 forward · refine: found 1413 cells
[final]    83.15s    wire 228 · round 0 forward · refine: found 1243 cells · long enough: 1715 of 591 cells
[final]    83.31s    wire 229 · round 0 forward · refine: found 1210 cells
[final]    83.36s  refinement round 0 forward : moved 211 of 230, 0 too close to another
[final]    83.52s    wire 229 · round 1 backward · refine: found 1210 cells
[final]    83.67s    wire 228 · round 1 backward · refine: found 1243 cells · long enough: 1715 of 591 cells
[final]    83.90s    wire 227 · round 1 backward · refine: found 1410 cells
[final]    84.08s    wire 226 · round 1 backward · refine: found 1524 cells
[final]    84.29s    wire 225 · round 1 backward · refine: found 1638 cells · long enough: 2082 of 591 cells
[final]    84.43s    wire 224 · round 1 backward · refine: found 1603 cells
[final]    84.54s    wire 223 · round 1 backward · refine: found 1628 cells · long enough: 2028 of 590 cells
[final]    84.65s    wire 222 · round 1 backward · refine: found 1629 cells
[final]    84.77s    wire 221 · round 1 backward · refine: found 1757 cells
[final]    84.89s    wire 220 · round 1 backward · refine: found 1840 cells
[final]    85.03s    wire 219 · round 1 backward · refine: found 1844 cells
[final]    85.18s    wire 218 · round 1 backward · refine: found 1873 cells · long enough: 2202 of 590 cells
[final]    85.30s    wire 217 · round 1 backward · refine: found 1851 cells
[final]    85.44s    wire 216 · round 1 backward · refine: found 2002 cells
[final]    85.57s    wire 215 · round 1 backward · refine: found 2073 cells
[final]    85.71s    wire 214 · round 1 backward · refine: found 2072 cells
[final]    85.95s    wire 213 · round 1 backward · refine: found 2057 cells
[final]    86.12s    wire 212 · round 1 backward · refine: found 2208 cells · long enough: 2413 of 590 cells
[final]    86.23s    wire 211 · round 1 backward · refine: found 2248 cells
[final]    86.34s    wire 210 · round 1 backward · refine: found 2318 cells
[final]    86.44s    wire 209 · round 1 backward · refine: found 2313 cells
[final]    86.55s    wire 208 · round 1 backward · refine: found 2343 cells
[final]    86.61s    wire 207 · round 1 backward · refine: kept its way
[final]    86.70s    wire 206 · round 1 backward · refine: found 2463 cells
[final]    86.77s    wire 205 · round 1 backward · refine: kept its way
[final]    86.82s    wire 204 · round 1 backward · refine: kept its way
[final]    86.91s    wire 203 · round 1 backward · refine: found 2546 cells
[final]    87.01s    wire 202 · round 1 backward · refine: found 2584 cells
[final]    87.13s    wire 201 · round 1 backward · refine: found 2576 cells · long enough: 2667 of 591 cells
[final]    87.25s    wire 200 · round 1 backward · refine: found 2531 cells
[final]    87.40s    wire 199 · round 1 backward · refine: found 2544 cells
[final]    87.57s    wire 198 · round 1 backward · refine: found 2587 cells
[final]    87.76s    wire 197 · round 1 backward · refine: found 2524 cells
[final]    87.99s    wire 196 · round 1 backward · refine: found 2454 cells
[final]    88.15s    wire 195 · round 1 backward · refine: found 2339 cells · long enough: 2439 of 590 cells
[final]    88.29s    wire 194 · round 1 backward · refine: found 2339 cells
[final]    88.42s    wire 193 · round 1 backward · refine: found 2308 cells
[final]    88.54s    wire 192 · round 1 backward · refine: found 2341 cells · long enough: 2550 of 590 cells
[final]    88.66s    wire 191 · round 1 backward · refine: found 2284 cells
[final]    88.78s    wire 190 · round 1 backward · refine: found 2259 cells
[final]    88.88s    wire 189 · round 1 backward · refine: found 2095 cells · long enough: 2287 of 590 cells
[final]    88.98s    wire 188 · round 1 backward · refine: found 2064 cells
[final]    89.07s    wire 187 · round 1 backward · refine: found 2093 cells · long enough: 2296 of 590 cells
[final]    89.17s    wire 186 · round 1 backward · refine: found 2086 cells
[final]    89.28s    wire 185 · round 1 backward · refine: found 1892 cells
[final]    89.39s    wire 184 · round 1 backward · refine: found 1843 cells · long enough: 2032 of 590 cells
[final]    89.49s    wire 183 · round 1 backward · refine: found 1843 cells
[final]    89.60s    wire 182 · round 1 backward · refine: found 1844 cells
[final]    89.71s    wire 181 · round 1 backward · refine: found 1773 cells
[final]    89.84s    wire 180 · round 1 backward · refine: found 1746 cells · long enough: 2003 of 591 cells
[final]    89.97s    wire 179 · round 1 backward · refine: found 1621 cells
[final]    90.10s    wire 178 · round 1 backward · refine: found 1572 cells
[final]    90.21s    wire 177 · round 1 backward · refine: found 1585 cells
[final]    90.33s    wire 176 · round 1 backward · refine: found 1519 cells
[final]    90.46s    wire 175 · round 1 backward · refine: found 1397 cells · long enough: 1765 of 591 cells
[final]    90.59s    wire 174 · round 1 backward · refine: found 1355 cells
[final]    90.74s    wire 173 · round 1 backward · refine: found 1413 cells
[final]    90.99s    wire 172 · round 1 backward · refine: found 1619 cells
[final]    91.21s    wire 171 · round 1 backward · refine: found 1401 cells · long enough: 1694 of 590 cells
[final]    91.34s    wire 170 · round 1 backward · refine: found 1338 cells
[final]    91.45s    wire 169 · round 1 backward · refine: found 1341 cells
[final]    91.55s    wire 168 · round 1 backward · refine: found 1416 cells · long enough: 1663 of 591 cells
[final]    91.64s    wire 167 · round 1 backward · refine: found 1542 cells
[final]    91.71s    wire 166 · round 1 backward · refine: found 1606 cells · long enough: 1865 of 590 cells
[final]    91.79s    wire 165 · round 1 backward · refine: found 1608 cells
[final]    91.88s    wire 164 · round 1 backward · refine: kept its way
[final]    91.98s    wire 163 · round 1 backward · refine: found 1699 cells
[final]    92.10s    wire 162 · round 1 backward · refine: found 1872 cells
[final]    92.21s    wire 161 · round 1 backward · refine: found 1880 cells · long enough: 2112 of 590 cells
[final]    92.36s    wire 160 · round 1 backward · refine: found 1840 cells
[final]    92.50s    wire 159 · round 1 backward · refine: found 1810 cells
[final]    92.55s    wire 158 · round 1 backward · refine: kept its way
[final]    92.68s    wire 157 · round 1 backward · refine: found 1990 cells
[final]    92.82s    wire 156 · round 1 backward · refine: found 2070 cells
[final]    92.95s    wire 155 · round 1 backward · refine: found 2056 cells
[final]    93.09s    wire 154 · round 1 backward · refine: found 2046 cells
[final]    93.23s    wire 153 · round 1 backward · refine: found 2188 cells · long enough: 2285 of 591 cells
[final]    93.36s    wire 152 · round 1 backward · refine: found 2208 cells
[final]    93.51s    wire 151 · round 1 backward · refine: found 2292 cells
[final]    93.70s    wire 150 · round 1 backward · refine: found 2288 cells
[final]    93.87s    wire 149 · round 1 backward · refine: found 2271 cells
[final]    94.00s    wire 148 · round 1 backward · refine: found 2324 cells · long enough: 2348 of 591 cells
[final]    94.15s    wire 147 · round 1 backward · refine: found 2448 cells
[final]    94.27s    wire 146 · round 1 backward · refine: found 2565 cells · long enough: 2594 of 590 cells
[final]    94.41s    wire 145 · round 1 backward · refine: found 2532 cells
[final]    94.55s    wire 144 · round 1 backward · refine: found 2519 cells
[final]    94.68s    wire 143 · round 1 backward · refine: found 2568 cells · long enough: 2585 of 591 cells
[final]    94.80s    wire 142 · round 1 backward · refine: found 2588 cells
[final]    94.91s    wire 141 · round 1 backward · refine: found 2550 cells
[final]    95.02s    wire 140 · round 1 backward · refine: found 2555 cells
[final]    95.16s    wire 139 · round 1 backward · refine: found 2463 cells
[final]    95.29s    wire 138 · round 1 backward · refine: found 2338 cells
[final]    95.45s    wire 137 · round 1 backward · refine: found 2331 cells · long enough: 2435 of 591 cells
[final]    95.64s    wire 136 · round 1 backward · refine: found 2321 cells
[final]    95.80s    wire 135 · round 1 backward · refine: found 2322 cells
[final]    95.95s    wire 134 · round 1 backward · refine: found 2231 cells
[final]    96.08s    wire 133 · round 1 backward · refine: found 2106 cells
[final]    96.23s    wire 132 · round 1 backward · refine: found 2105 cells · long enough: 2366 of 590 cells
[final]    96.40s    wire 131 · round 1 backward · refine: found 2084 cells
[final]    96.53s    wire 130 · round 1 backward · refine: found 2085 cells
[final]    96.67s    wire 129 · round 1 backward · refine: found 1998 cells
[final]    96.78s    wire 128 · round 1 backward · refine: found 1892 cells
[final]    96.88s    wire 127 · round 1 backward · refine: found 1873 cells · long enough: 2209 of 590 cells
[final]    97.00s    wire 126 · round 1 backward · refine: found 1844 cells
[final]    97.11s    wire 125 · round 1 backward · refine: found 1878 cells · long enough: 2270 of 590 cells
[final]    97.22s    wire 124 · round 1 backward · refine: found 1759 cells
[final]    97.28s    wire 123 · round 1 backward · refine: kept its way
[final]    97.43s    wire 122 · round 1 backward · refine: found 1653 cells
[final]    97.56s    wire 121 · round 1 backward · refine: found 1611 cells
[final]    97.68s    wire 120 · round 1 backward · refine: found 1600 cells
[final]    97.81s    wire 119 · round 1 backward · refine: found 1549 cells
[final]    97.97s    wire 118 · round 1 backward · refine: found 1500 cells · long enough: 1941 of 590 cells
[final]    98.23s    wire 117 · round 1 backward · refine: found 1428 cells
[final]    98.37s    wire 116 · round 1 backward · refine: found 1254 cells
[final]    98.49s    wire 115 · round 1 backward · refine: found 1181 cells · long enough: 1597 of 590 cells
[final]    98.59s    wire 114 · round 1 backward · refine: found 1028 cells
[final]    98.69s    wire 113 · round 1 backward · refine: found 1076 cells
[final]    98.83s    wire 112 · round 1 backward · refine: found 1203 cells
[final]    98.93s    wire 111 · round 1 backward · refine: found 1306 cells · long enough: 1628 of 590 cells
[final]    99.03s    wire 110 · round 1 backward · refine: found 1300 cells
[final]    99.11s    wire 109 · round 1 backward · refine: found 1380 cells · long enough: 1724 of 590 cells
[final]    99.18s    wire 108 · round 1 backward · refine: found 1329 cells
[final]    99.26s    wire 107 · round 1 backward · refine: found 1370 cells
[final]    99.34s    wire 106 · round 1 backward · refine: found 1514 cells · long enough: 1816 of 590 cells
[final]    99.42s    wire 105 · round 1 backward · refine: found 1551 cells
[final]    99.51s    wire 104 · round 1 backward · refine: found 1633 cells
[final]    99.61s    wire 103 · round 1 backward · refine: found 1622 cells
[final]    99.71s    wire 102 · round 1 backward · refine: found 1688 cells
[final]    99.80s    wire 101 · round 1 backward · refine: found 1746 cells · long enough: 1991 of 591 cells
[final]    99.88s    wire 100 · round 1 backward · refine: found 1774 cells
[final]    99.97s    wire 99 · round 1 backward · refine: found 1834 cells · long enough: 2136 of 591 cells
[final]   100.07s    wire 98 · round 1 backward · refine: found 1777 cells
[final]   100.18s    wire 97 · round 1 backward · refine: found 1807 cells
[final]   100.30s    wire 96 · round 1 backward · refine: found 1927 cells · long enough: 2184 of 590 cells
[final]   100.44s    wire 95 · round 1 backward · refine: found 1995 cells
[final]   100.57s    wire 94 · round 1 backward · refine: found 2080 cells · long enough: 2318 of 591 cells
[final]   100.69s    wire 93 · round 1 backward · refine: found 2013 cells
[final]   100.74s    wire 92 · round 1 backward · refine: kept its way
[final]   100.79s    wire 91 · round 1 backward · refine: kept its way
[final]   100.89s    wire 90 · round 1 backward · refine: found 2208 cells
[final]   100.98s    wire 89 · round 1 backward · refine: found 2297 cells · long enough: 2443 of 591 cells
[final]   101.07s    wire 88 · round 1 backward · refine: found 2222 cells
[final]   101.18s    wire 87 · round 1 backward · refine: found 2257 cells
[final]   101.28s    wire 86 · round 1 backward · refine: found 2260 cells · long enough: 2311 of 591 cells
[final]   101.39s    wire 85 · round 1 backward · refine: found 2199 cells
[final]   101.51s    wire 84 · round 1 backward · refine: found 2209 cells
[final]   101.65s    wire 83 · round 1 backward · refine: found 2219 cells
[final]   101.78s    wire 82 · round 1 backward · refine: found 2120 cells
[final]   101.88s    wire 81 · round 1 backward · refine: found 1996 cells · long enough: 2010 of 591 cells
[final]   101.98s    wire 80 · round 1 backward · refine: found 1947 cells
[final]   102.09s    wire 79 · round 1 backward · refine: found 1961 cells
[final]   102.18s    wire 78 · round 1 backward · refine: found 1972 cells
[final]   102.28s    wire 77 · round 1 backward · refine: found 1881 cells
[final]   102.38s    wire 76 · round 1 backward · refine: found 1748 cells · long enough: 1819 of 591 cells
[final]   102.52s    wire 75 · round 1 backward · refine: found 1711 cells
[final]   102.64s    wire 74 · round 1 backward · refine: found 1725 cells
[final]   102.75s    wire 73 · round 1 backward · refine: found 1732 cells
[final]   102.85s    wire 72 · round 1 backward · refine: found 1636 cells
[final]   102.97s    wire 71 · round 1 backward · refine: found 1508 cells · long enough: 1724 of 591 cells
[final]   103.10s    wire 70 · round 1 backward · refine: found 1459 cells
[final]   103.20s    wire 69 · round 1 backward · refine: found 1477 cells
[final]   103.29s    wire 68 · round 1 backward · refine: found 1480 cells
[final]   103.38s    wire 67 · round 1 backward · refine: found 1395 cells
[final]   103.44s    wire 66 · round 1 backward · refine: found 1282 cells
[final]   103.52s    wire 65 · round 1 backward · refine: found 1262 cells · long enough: 1553 of 590 cells
[final]   103.59s    wire 64 · round 1 backward · refine: found 1230 cells
[final]   103.66s    wire 63 · round 1 backward · refine: found 1254 cells · long enough: 1580 of 590 cells
[final]   103.75s    wire 62 · round 1 backward · refine: found 1140 cells
[final]   103.83s    wire 61 · round 1 backward · refine: found 1014 cells
[final]   103.90s    wire 60 · round 1 backward · refine: found 1011 cells · long enough: 1328 of 590 cells
[final]   103.99s    wire 59 · round 1 backward · refine: found 981 cells
[final]   104.08s    wire 58 · round 1 backward · refine: found 1006 cells · long enough: 1306 of 590 cells
[final]   104.20s    wire 57 · round 1 backward · refine: found 961 cells
[final]   104.35s    wire 56 · round 1 backward · refine: found 1006 cells
[final]   104.46s    wire 55 · round 1 backward · refine: found 1007 cells · long enough: 1368 of 590 cells
[final]   104.57s    wire 54 · round 1 backward · refine: found 990 cells
[final]   104.67s    wire 53 · round 1 backward · refine: found 1140 cells
[final]   104.78s    wire 52 · round 1 backward · refine: found 1213 cells
[final]   104.90s    wire 51 · round 1 backward · refine: found 1225 cells
[final]   105.02s    wire 50 · round 1 backward · refine: found 1257 cells · long enough: 1501 of 591 cells
[final]   105.12s    wire 49 · round 1 backward · refine: found 1362 cells
[final]   105.21s    wire 48 · round 1 backward · refine: found 1455 cells
[final]   105.29s    wire 47 · round 1 backward · refine: found 1506 cells · long enough: 1731 of 590 cells
[final]   105.38s    wire 46 · round 1 backward · refine: found 1518 cells
[final]   105.46s    wire 45 · round 1 backward · refine: found 1504 cells · long enough: 1689 of 591 cells
[final]   105.57s    wire 44 · round 1 backward · refine: found 1633 cells
[final]   105.66s    wire 43 · round 1 backward · refine: found 1700 cells
[final]   105.76s    wire 42 · round 1 backward · refine: found 1768 cells · long enough: 1976 of 590 cells
[final]   105.85s    wire 41 · round 1 backward · refine: found 1760 cells
[final]   105.95s    wire 40 · round 1 backward · refine: found 1764 cells · long enough: 1934 of 591 cells
[final]   106.07s    wire 39 · round 1 backward · refine: found 1879 cells
[final]   106.18s    wire 38 · round 1 backward · refine: found 1948 cells
[final]   106.29s    wire 37 · round 1 backward · refine: found 2020 cells · long enough: 2109 of 590 cells
[final]   106.38s    wire 36 · round 1 backward · refine: found 2014 cells
[final]   106.46s    wire 35 · round 1 backward · refine: found 1988 cells · long enough: 2045 of 591 cells
[final]   106.56s    wire 34 · round 1 backward · refine: found 2119 cells
[final]   106.65s    wire 33 · round 1 backward · refine: found 2195 cells
[final]   106.74s    wire 32 · round 1 backward · refine: found 2238 cells · long enough: 2316 of 590 cells
[final]   106.83s    wire 31 · round 1 backward · refine: found 2240 cells
[final]   106.93s    wire 30 · round 1 backward · refine: found 2247 cells
[final]   107.04s    wire 29 · round 1 backward · refine: found 2236 cells · long enough: 2244 of 591 cells
[final]   107.16s    wire 28 · round 1 backward · refine: found 2199 cells
[final]   107.33s    wire 27 · round 1 backward · refine: found 2222 cells
[final]   107.48s    wire 26 · round 1 backward · refine: found 2227 cells
[final]   107.63s    wire 25 · round 1 backward · refine: found 2140 cells
[final]   107.79s    wire 24 · round 1 backward · refine: found 2110 cells
[final]   107.90s    wire 23 · round 1 backward · refine: found 2011 cells · long enough: 2082 of 591 cells
[final]   108.00s    wire 22 · round 1 backward · refine: found 1989 cells
[final]   108.12s    wire 21 · round 1 backward · refine: found 2033 cells · long enough: 2148 of 591 cells
[final]   108.27s    wire 20 · round 1 backward · refine: found 1942 cells
[final]   108.41s    wire 19 · round 1 backward · refine: found 1797 cells
[final]   108.54s    wire 18 · round 1 backward · refine: found 1802 cells · long enough: 2010 of 590 cells
[final]   108.64s    wire 17 · round 1 backward · refine: found 1773 cells
[final]   108.74s    wire 16 · round 1 backward · refine: found 1804 cells · long enough: 2035 of 591 cells
[final]   108.84s    wire 15 · round 1 backward · refine: found 1694 cells
[final]   108.94s    wire 14 · round 1 backward · refine: found 1600 cells
[final]   109.05s    wire 13 · round 1 backward · refine: found 1603 cells · long enough: 1813 of 590 cells
[final]   109.14s    wire 12 · round 1 backward · refine: found 1599 cells
[final]   109.22s    wire 11 · round 1 backward · refine: found 1640 cells · long enough: 1855 of 591 cells
[final]   109.30s    wire 10 · round 1 backward · refine: found 1527 cells
[final]   109.39s    wire 9 · round 1 backward · refine: found 1498 cells · long enough: 1731 of 590 cells
[final]   109.50s    wire 8 · round 1 backward · refine: found 1362 cells
[final]   109.59s    wire 7 · round 1 backward · refine: found 1322 cells
[final]   109.68s    wire 6 · round 1 backward · refine: found 1307 cells
[final]   109.77s    wire 5 · round 1 backward · refine: found 1238 cells
[final]   109.86s    wire 4 · round 1 backward · refine: found 1111 cells
[final]   109.96s    wire 3 · round 1 backward · refine: found 1090 cells · long enough: 1478 of 591 cells
[final]   110.06s    wire 2 · round 1 backward · refine: found 1100 cells
[final]   110.18s    wire 1 · round 1 backward · refine: found 1100 cells
[final]   110.29s    wire 0 · round 1 backward · refine: found 1180 cells · long enough: 1555 of 590 cells
[final]   110.34s  refinement round 1 backward: moved 222 of 230, 0 too close to another
[final]   110.45s    wire 0 · round 2 forward · refine: found 1180 cells · long enough: 1555 of 590 cells
[final]   110.56s    wire 1 · round 2 forward · refine: found 1108 cells
[final]   110.67s    wire 2 · round 2 forward · refine: found 1090 cells
[final]   110.78s    wire 3 · round 2 forward · refine: found 1100 cells · long enough: 1484 of 591 cells
[final]   110.88s    wire 4 · round 2 forward · refine: found 1124 cells
[final]   110.98s    wire 5 · round 2 forward · refine: found 1249 cells
[final]   111.06s    wire 6 · round 2 forward · refine: found 1312 cells
[final]   111.15s    wire 7 · round 2 forward · refine: found 1314 cells
[final]   111.24s    wire 8 · round 2 forward · refine: found 1366 cells
[final]   111.33s    wire 9 · round 2 forward · refine: found 1498 cells · long enough: 1725 of 590 cells
[final]   111.42s    wire 10 · round 2 forward · refine: found 1528 cells
[final]   111.50s    wire 11 · round 2 forward · refine: found 1646 cells · long enough: 1855 of 591 cells
[final]   111.58s    wire 12 · round 2 forward · refine: found 1591 cells
[final]   111.67s    wire 13 · round 2 forward · refine: found 1592 cells · long enough: 1803 of 590 cells
[final]   111.77s    wire 14 · round 2 forward · refine: found 1584 cells
[final]   111.87s    wire 15 · round 2 forward · refine: found 1704 cells
[final]   111.97s    wire 16 · round 2 forward · refine: found 1796 cells · long enough: 2028 of 591 cells
[final]   112.06s    wire 17 · round 2 forward · refine: found 1773 cells
[final]   112.18s    wire 18 · round 2 forward · refine: found 1802 cells · long enough: 1993 of 590 cells
[final]   112.30s    wire 19 · round 2 forward · refine: found 1805 cells
[final]   112.43s    wire 20 · round 2 forward · refine: found 1948 cells
[final]   112.55s    wire 21 · round 2 forward · refine: found 2045 cells · long enough: 2168 of 591 cells
[final]   112.66s    wire 22 · round 2 forward · refine: found 1997 cells
[final]   112.76s    wire 23 · round 2 forward · refine: found 2015 cells · long enough: 2084 of 591 cells
[final]   112.90s    wire 24 · round 2 forward · refine: found 2114 cells
[final]   113.04s    wire 25 · round 2 forward · refine: found 2136 cells
[final]   113.18s    wire 26 · round 2 forward · refine: found 2231 cells
[final]   113.33s    wire 27 · round 2 forward · refine: found 2222 cells
[final]   113.46s    wire 28 · round 2 forward · refine: found 2199 cells
[final]   113.59s    wire 29 · round 2 forward · refine: found 2244 cells · long enough: 2253 of 591 cells
[final]   113.71s    wire 30 · round 2 forward · refine: found 2251 cells
[final]   113.81s    wire 31 · round 2 forward · refine: found 2234 cells
[final]   113.90s    wire 32 · round 2 forward · refine: found 2238 cells · long enough: 2316 of 590 cells
[final]   114.00s    wire 33 · round 2 forward · refine: found 2195 cells
[final]   114.10s    wire 34 · round 2 forward · refine: found 2117 cells
[final]   114.18s    wire 35 · round 2 forward · refine: found 1996 cells · long enough: 2057 of 591 cells
[final]   114.27s    wire 36 · round 2 forward · refine: found 2018 cells
[final]   114.37s    wire 37 · round 2 forward · refine: found 2025 cells · long enough: 2114 of 590 cells
[final]   114.49s    wire 38 · round 2 forward · refine: found 1948 cells
[final]   114.60s    wire 39 · round 2 forward · refine: found 1879 cells
[final]   114.71s    wire 40 · round 2 forward · refine: found 1790 cells · long enough: 1951 of 591 cells
[final]   114.81s    wire 41 · round 2 forward · refine: found 1788 cells
[final]   114.91s    wire 42 · round 2 forward · refine: found 1778 cells · long enough: 1985 of 590 cells
[final]   115.01s    wire 43 · round 2 forward · refine: found 1700 cells
[final]   115.12s    wire 44 · round 2 forward · refine: found 1642 cells
[final]   115.20s    wire 45 · round 2 forward · refine: found 1504 cells · long enough: 1693 of 591 cells
[final]   115.29s    wire 46 · round 2 forward · refine: found 1518 cells
[final]   115.37s    wire 47 · round 2 forward · refine: found 1498 cells · long enough: 1734 of 590 cells
[final]   115.46s    wire 48 · round 2 forward · refine: found 1455 cells
[final]   115.55s    wire 49 · round 2 forward · refine: found 1368 cells
[final]   115.66s    wire 50 · round 2 forward · refine: found 1257 cells · long enough: 1502 of 591 cells
[final]   115.78s    wire 51 · round 2 forward · refine: found 1229 cells
[final]   115.90s    wire 52 · round 2 forward · refine: found 1213 cells
[final]   116.01s    wire 53 · round 2 forward · refine: found 1140 cells
[final]   116.13s    wire 54 · round 2 forward · refine: found 990 cells
[final]   116.22s    wire 55 · round 2 forward · refine: found 1011 cells · long enough: 1370 of 590 cells
[final]   116.38s    wire 56 · round 2 forward · refine: found 1022 cells
[final]   116.49s    wire 57 · round 2 forward · refine: found 961 cells
[final]   116.59s    wire 58 · round 2 forward · refine: found 1006 cells · long enough: 1306 of 590 cells
[final]   116.70s    wire 59 · round 2 forward · refine: found 981 cells
[final]   116.79s    wire 60 · round 2 forward · refine: found 1015 cells · long enough: 1329 of 590 cells
[final]   116.88s    wire 61 · round 2 forward · refine: found 1004 cells
[final]   116.97s    wire 62 · round 2 forward · refine: found 1140 cells
[final]   117.05s    wire 63 · round 2 forward · refine: found 1254 cells · long enough: 1583 of 590 cells
[final]   117.12s    wire 64 · round 2 forward · refine: found 1225 cells
[final]   117.20s    wire 65 · round 2 forward · refine: found 1264 cells · long enough: 1561 of 590 cells
[final]   117.27s    wire 66 · round 2 forward · refine: found 1280 cells
[final]   117.35s    wire 67 · round 2 forward · refine: found 1397 cells
[final]   117.44s    wire 68 · round 2 forward · refine: found 1489 cells
[final]   117.53s    wire 69 · round 2 forward · refine: found 1477 cells
[final]   117.63s    wire 70 · round 2 forward · refine: found 1463 cells
[final]   117.74s    wire 71 · round 2 forward · refine: found 1512 cells · long enough: 1726 of 591 cells
[final]   117.85s    wire 72 · round 2 forward · refine: found 1636 cells
[final]   117.95s    wire 73 · round 2 forward · refine: found 1732 cells
[final]   118.06s    wire 74 · round 2 forward · refine: found 1725 cells
[final]   118.18s    wire 75 · round 2 forward · refine: found 1711 cells
[final]   118.28s    wire 76 · round 2 forward · refine: found 1752 cells · long enough: 1819 of 591 cells
[final]   118.38s    wire 77 · round 2 forward · refine: found 1881 cells
[final]   118.48s    wire 78 · round 2 forward · refine: found 1972 cells
[final]   118.58s    wire 79 · round 2 forward · refine: found 1961 cells
[final]   118.67s    wire 80 · round 2 forward · refine: found 1943 cells
[final]   118.78s    wire 81 · round 2 forward · refine: found 1996 cells · long enough: 2010 of 591 cells
[final]   118.89s    wire 82 · round 2 forward · refine: found 2120 cells
[final]   119.03s    wire 83 · round 2 forward · refine: found 2219 cells
[final]   119.16s    wire 84 · round 2 forward · refine: found 2209 cells
[final]   119.27s    wire 85 · round 2 forward · refine: found 2199 cells
[final]   119.39s    wire 86 · round 2 forward · refine: found 2252 cells · long enough: 2308 of 591 cells
[final]   119.50s    wire 87 · round 2 forward · refine: found 2261 cells
[final]   119.61s    wire 88 · round 2 forward · refine: found 2222 cells
[final]   119.71s    wire 89 · round 2 forward · refine: found 2293 cells · long enough: 2436 of 591 cells
[final]   119.80s    wire 90 · round 2 forward · refine: found 2204 cells
[final]   119.86s    wire 91 · round 2 forward · refine: kept its way
[final]   119.91s    wire 92 · round 2 forward · refine: kept its way
[final]   120.02s    wire 93 · round 2 forward · refine: found 2013 cells
[final]   120.15s    wire 94 · round 2 forward · refine: found 2080 cells · long enough: 2323 of 591 cells
[final]   120.30s    wire 95 · round 2 forward · refine: found 1991 cells
[final]   120.44s    wire 96 · round 2 forward · refine: found 1913 cells · long enough: 2172 of 590 cells
[final]   120.55s    wire 97 · round 2 forward · refine: found 1807 cells
[final]   120.66s    wire 98 · round 2 forward · refine: found 1773 cells
[final]   120.76s    wire 99 · round 2 forward · refine: found 1832 cells · long enough: 2140 of 591 cells
[final]   120.85s    wire 100 · round 2 forward · refine: found 1774 cells
[final]   120.95s    wire 101 · round 2 forward · refine: found 1734 cells · long enough: 1989 of 591 cells
[final]   121.04s    wire 102 · round 2 forward · refine: found 1668 cells
[final]   121.14s    wire 103 · round 2 forward · refine: found 1604 cells
[final]   121.23s    wire 104 · round 2 forward · refine: found 1624 cells
[final]   121.32s    wire 105 · round 2 forward · refine: found 1546 cells
[final]   121.41s    wire 106 · round 2 forward · refine: found 1511 cells · long enough: 1813 of 590 cells
[final]   121.49s    wire 107 · round 2 forward · refine: found 1386 cells
[final]   121.57s    wire 108 · round 2 forward · refine: found 1327 cells
[final]   121.65s    wire 109 · round 2 forward · refine: found 1387 cells · long enough: 1730 of 590 cells
[final]   121.74s    wire 110 · round 2 forward · refine: found 1316 cells
[final]   121.84s    wire 111 · round 2 forward · refine: found 1326 cells · long enough: 1643 of 590 cells
[final]   121.96s    wire 112 · round 2 forward · refine: found 1233 cells
[final]   122.07s    wire 113 · round 2 forward · refine: found 1090 cells
[final]   122.17s    wire 114 · round 2 forward · refine: found 1024 cells
[final]   122.26s    wire 115 · round 2 forward · refine: found 1188 cells · long enough: 1600 of 590 cells
[final]   122.44s    wire 116 · round 2 forward · refine: found 1276 cells
[final]   122.69s    wire 117 · round 2 forward · refine: found 1428 cells
[final]   122.87s    wire 118 · round 2 forward · refine: found 1500 cells · long enough: 1941 of 590 cells
[final]   123.03s    wire 119 · round 2 forward · refine: found 1530 cells
[final]   123.15s    wire 120 · round 2 forward · refine: found 1596 cells
[final]   123.26s    wire 121 · round 2 forward · refine: found 1611 cells
[final]   123.38s    wire 122 · round 2 forward · refine: found 1657 cells
[final]   123.50s    wire 123 · round 2 forward · refine: found 1774 cells · long enough: 2140 of 590 cells
[final]   123.61s    wire 124 · round 2 forward · refine: found 1767 cells
[final]   123.72s    wire 125 · round 2 forward · refine: found 1882 cells · long enough: 2274 of 590 cells
[final]   123.82s    wire 126 · round 2 forward · refine: found 1844 cells
[final]   123.93s    wire 127 · round 2 forward · refine: found 1877 cells · long enough: 2214 of 590 cells
[final]   124.03s    wire 128 · round 2 forward · refine: found 1892 cells
[final]   124.15s    wire 129 · round 2 forward · refine: found 1998 cells
[final]   124.27s    wire 130 · round 2 forward · refine: found 2089 cells
[final]   124.40s    wire 131 · round 2 forward · refine: found 2084 cells
[final]   124.54s    wire 132 · round 2 forward · refine: found 2101 cells · long enough: 2366 of 590 cells
[final]   124.67s    wire 133 · round 2 forward · refine: found 2106 cells
[final]   124.80s    wire 134 · round 2 forward · refine: found 2239 cells
[final]   124.96s    wire 135 · round 2 forward · refine: found 2326 cells
[final]   125.12s    wire 136 · round 2 forward · refine: found 2321 cells
[final]   125.28s    wire 137 · round 2 forward · refine: found 2339 cells · long enough: 2461 of 591 cells
[final]   125.41s    wire 138 · round 2 forward · refine: found 2338 cells
[final]   125.56s    wire 139 · round 2 forward · refine: found 2463 cells
[final]   125.69s    wire 140 · round 2 forward · refine: found 2555 cells
[final]   125.80s    wire 141 · round 2 forward · refine: found 2554 cells
[final]   125.91s    wire 142 · round 2 forward · refine: found 2588 cells
[final]   126.02s    wire 143 · round 2 forward · refine: found 2572 cells · long enough: 2599 of 591 cells
[final]   126.15s    wire 144 · round 2 forward · refine: found 2519 cells
[final]   126.28s    wire 145 · round 2 forward · refine: found 2532 cells
[final]   126.42s    wire 146 · round 2 forward · refine: found 2565 cells · long enough: 2598 of 590 cells
[final]   126.56s    wire 147 · round 2 forward · refine: found 2450 cells
[final]   126.71s    wire 148 · round 2 forward · refine: found 2324 cells · long enough: 2352 of 591 cells
[final]   126.85s    wire 149 · round 2 forward · refine: found 2271 cells
[final]   127.02s    wire 150 · round 2 forward · refine: found 2288 cells
[final]   127.18s    wire 151 · round 2 forward · refine: found 2288 cells
[final]   127.33s    wire 152 · round 2 forward · refine: found 2208 cells
[final]   127.48s    wire 153 · round 2 forward · refine: found 2220 cells · long enough: 2303 of 591 cells
[final]   127.61s    wire 154 · round 2 forward · refine: found 2046 cells
[final]   127.77s    wire 155 · round 2 forward · refine: found 2060 cells
[final]   127.92s    wire 156 · round 2 forward · refine: found 2056 cells
[final]   128.07s    wire 157 · round 2 forward · refine: found 1983 cells
[final]   128.12s    wire 158 · round 2 forward · refine: kept its way
[final]   128.28s    wire 159 · round 2 forward · refine: found 1810 cells
[final]   128.45s    wire 160 · round 2 forward · refine: found 1824 cells
[final]   128.59s    wire 161 · round 2 forward · refine: found 1875 cells · long enough: 2111 of 590 cells
[final]   128.73s    wire 162 · round 2 forward · refine: found 1849 cells
[final]   128.85s    wire 163 · round 2 forward · refine: found 1677 cells
[final]   128.96s    wire 164 · round 2 forward · refine: found 1639 cells · long enough: 1874 of 590 cells
[final]   129.06s    wire 165 · round 2 forward · refine: found 1596 cells
[final]   129.15s    wire 166 · round 2 forward · refine: found 1601 cells · long enough: 1863 of 590 cells
[final]   129.25s    wire 167 · round 2 forward · refine: found 1547 cells
[final]   129.35s    wire 168 · round 2 forward · refine: found 1422 cells · long enough: 1668 of 591 cells
[final]   129.45s    wire 169 · round 2 forward · refine: found 1361 cells
[final]   129.57s    wire 170 · round 2 forward · refine: found 1373 cells
[final]   129.79s    wire 171 · round 2 forward · refine: found 1428 cells · long enough: 1760 of 590 cells
[final]   130.09s    wire 172 · round 2 forward · refine: found 1611 cells
[final]   130.29s    wire 173 · round 2 forward · refine: found 1443 cells
[final]   130.43s    wire 174 · round 2 forward · refine: found 1367 cells
[final]   130.57s    wire 175 · round 2 forward · refine: found 1402 cells · long enough: 1768 of 591 cells
[final]   130.69s    wire 176 · round 2 forward · refine: found 1533 cells
[final]   130.80s    wire 177 · round 2 forward · refine: found 1572 cells
[final]   130.92s    wire 178 · round 2 forward · refine: found 1572 cells
[final]   131.04s    wire 179 · round 2 forward · refine: found 1629 cells
[final]   131.16s    wire 180 · round 2 forward · refine: found 1756 cells · long enough: 2010 of 591 cells
[final]   131.26s    wire 181 · round 2 forward · refine: found 1798 cells
[final]   131.37s    wire 182 · round 2 forward · refine: found 1843 cells
[final]   131.47s    wire 183 · round 2 forward · refine: found 1832 cells
[final]   131.52s    wire 184 · round 2 forward · refine: kept its way
[final]   131.58s    wire 185 · round 2 forward · refine: kept its way
[final]   131.68s    wire 186 · round 2 forward · refine: found 2092 cells
[final]   131.77s    wire 187 · round 2 forward · refine: found 2089 cells · long enough: 2288 of 590 cells
[final]   131.87s    wire 188 · round 2 forward · refine: found 2064 cells
[final]   131.92s    wire 189 · round 2 forward · refine: kept its way
[final]   132.03s    wire 190 · round 2 forward · refine: found 2265 cells
[final]   132.15s    wire 191 · round 2 forward · refine: found 2299 cells
[final]   132.25s    wire 192 · round 2 forward · refine: found 2341 cells · long enough: 2544 of 590 cells
[final]   132.37s    wire 193 · round 2 forward · refine: found 2308 cells
[final]   132.49s    wire 194 · round 2 forward · refine: found 2347 cells
[final]   132.62s    wire 195 · round 2 forward · refine: found 2339 cells · long enough: 2441 of 590 cells
[final]   132.81s    wire 196 · round 2 forward · refine: found 2454 cells
[final]   132.98s    wire 197 · round 2 forward · refine: found 2520 cells
[final]   133.14s    wire 198 · round 2 forward · refine: found 2587 cells
[final]   133.30s    wire 199 · round 2 forward · refine: found 2548 cells
[final]   133.45s    wire 200 · round 2 forward · refine: found 2531 cells
[final]   133.58s    wire 201 · round 2 forward · refine: found 2572 cells · long enough: 2663 of 591 cells
[final]   133.69s    wire 202 · round 2 forward · refine: found 2580 cells
[final]   133.78s    wire 203 · round 2 forward · refine: found 2559 cells
[final]   133.86s    wire 204 · round 2 forward · refine: found 2585 cells · long enough: 2720 of 580 cells
[final]   133.94s    wire 205 · round 2 forward · refine: found 2585 cells · long enough: 2733 of 590 cells
[final]   134.02s    wire 206 · round 2 forward · refine: found 2463 cells
[final]   134.12s    wire 207 · round 2 forward · refine: found 2467 cells · long enough: 2597 of 590 cells
[final]   134.22s    wire 208 · round 2 forward · refine: found 2359 cells
[final]   134.32s    wire 209 · round 2 forward · refine: found 2313 cells
[final]   134.42s    wire 210 · round 2 forward · refine: found 2318 cells
[final]   134.53s    wire 211 · round 2 forward · refine: found 2248 cells
[final]   134.67s    wire 212 · round 2 forward · refine: found 2211 cells · long enough: 2420 of 590 cells
[final]   134.87s    wire 213 · round 2 forward · refine: found 2110 cells
[final]   135.01s    wire 214 · round 2 forward · refine: found 2072 cells
[final]   135.15s    wire 215 · round 2 forward · refine: found 2077 cells
[final]   135.29s    wire 216 · round 2 forward · refine: found 2002 cells
[final]   135.42s    wire 217 · round 2 forward · refine: found 1848 cells
[final]   135.55s    wire 218 · round 2 forward · refine: found 1869 cells · long enough: 2203 of 590 cells
[final]   135.69s    wire 219 · round 2 forward · refine: found 1844 cells
[final]   135.83s    wire 220 · round 2 forward · refine: found 1848 cells
[final]   135.96s    wire 221 · round 2 forward · refine: found 1761 cells
[final]   136.08s    wire 222 · round 2 forward · refine: found 1624 cells
[final]   136.18s    wire 223 · round 2 forward · refine: found 1628 cells · long enough: 2028 of 590 cells
[final]   136.29s    wire 224 · round 2 forward · refine: found 1603 cells
[final]   136.45s    wire 225 · round 2 forward · refine: found 1638 cells · long enough: 2087 of 591 cells
[final]   136.64s    wire 226 · round 2 forward · refine: found 1524 cells
[final]   136.88s    wire 227 · round 2 forward · refine: found 1409 cells
[final]   137.02s    wire 228 · round 2 forward · refine: found 1243 cells · long enough: 1715 of 591 cells
[final]   137.18s    wire 229 · round 2 forward · refine: found 1221 cells
[final]   137.23s  refinement round 2 forward : moved 224 of 230, 0 too close to another
[final]   137.39s    wire 229 · round 3 backward · refine: found 1221 cells
[final]   137.51s    wire 228 · round 3 backward · refine: found 1243 cells · long enough: 1715 of 591 cells
[final]   137.75s    wire 227 · round 3 backward · refine: found 1414 cells
[final]   137.92s    wire 226 · round 3 backward · refine: found 1524 cells
[final]   138.07s    wire 225 · round 3 backward · refine: found 1638 cells · long enough: 2089 of 591 cells
[final]   138.21s    wire 224 · round 3 backward · refine: found 1607 cells
[final]   138.33s    wire 223 · round 3 backward · refine: found 1632 cells · long enough: 2038 of 590 cells
[final]   138.45s    wire 222 · round 3 backward · refine: found 1629 cells
[final]   138.58s    wire 221 · round 3 backward · refine: found 1761 cells
[final]   138.70s    wire 220 · round 3 backward · refine: found 1848 cells
[final]   138.83s    wire 219 · round 3 backward · refine: found 1848 cells
[final]   138.97s    wire 218 · round 3 backward · refine: found 1869 cells · long enough: 2212 of 590 cells
[final]   139.10s    wire 217 · round 3 backward · refine: found 1851 cells
[final]   139.24s    wire 216 · round 3 backward · refine: found 2002 cells
[final]   139.39s    wire 215 · round 3 backward · refine: found 2077 cells
[final]   139.53s    wire 214 · round 3 backward · refine: found 2076 cells
[final]   139.69s    wire 213 · round 3 backward · refine: found 2109 cells
[final]   139.84s    wire 212 · round 3 backward · refine: found 2207 cells · long enough: 2418 of 590 cells
[final]   139.97s    wire 211 · round 3 backward · refine: found 2248 cells
[final]   140.08s    wire 210 · round 3 backward · refine: found 2318 cells
[final]   140.20s    wire 209 · round 3 backward · refine: found 2321 cells
[final]   140.30s    wire 208 · round 3 backward · refine: found 2355 cells
[final]   140.36s    wire 207 · round 3 backward · refine: kept its way
[final]   140.45s    wire 206 · round 3 backward · refine: found 2471 cells
[final]   140.54s    wire 205 · round 3 backward · refine: found 2589 cells · long enough: 2736 of 590 cells
[final]   140.62s    wire 204 · round 3 backward · refine: found 2584 cells · long enough: 2720 of 580 cells
[final]   140.71s    wire 203 · round 3 backward · refine: found 2569 cells
[final]   140.80s    wire 202 · round 3 backward · refine: found 2576 cells
[final]   140.92s    wire 201 · round 3 backward · refine: found 2605 cells · long enough: 2682 of 591 cells
[final]   141.04s    wire 200 · round 3 backward · refine: found 2531 cells
[final]   141.18s    wire 199 · round 3 backward · refine: found 2564 cells
[final]   141.33s    wire 198 · round 3 backward · refine: found 2583 cells
[final]   141.49s    wire 197 · round 3 backward · refine: found 2520 cells
[final]   141.68s    wire 196 · round 3 backward · refine: found 2454 cells
[final]   141.83s    wire 195 · round 3 backward · refine: found 2339 cells · long enough: 2443 of 590 cells
[final]   141.97s    wire 194 · round 3 backward · refine: found 2339 cells
[final]   142.11s    wire 193 · round 3 backward · refine: found 2308 cells
[final]   142.23s    wire 192 · round 3 backward · refine: found 2337 cells · long enough: 2538 of 590 cells
[final]   142.35s    wire 191 · round 3 backward · refine: found 2295 cells
[final]   142.48s    wire 190 · round 3 backward · refine: found 2264 cells
[final]   142.58s    wire 189 · round 3 backward · refine: found 2091 cells · long enough: 2258 of 590 cells
[final]   142.68s    wire 188 · round 3 backward · refine: found 2064 cells
[final]   142.77s    wire 187 · round 3 backward · refine: found 2093 cells · long enough: 2288 of 590 cells
[final]   142.89s    wire 186 · round 3 backward · refine: found 2075 cells
[final]   142.94s    wire 185 · round 3 backward · refine: kept its way
[final]   143.00s    wire 184 · round 3 backward · refine: kept its way
[final]   143.10s    wire 183 · round 3 backward · refine: found 1832 cells
[final]   143.20s    wire 182 · round 3 backward · refine: found 1833 cells
[final]   143.31s    wire 181 · round 3 backward · refine: found 1792 cells
[final]   143.44s    wire 180 · round 3 backward · refine: found 1760 cells · long enough: 2014 of 591 cells
[final]   143.57s    wire 179 · round 3 backward · refine: found 1635 cells
[final]   143.69s    wire 178 · round 3 backward · refine: found 1572 cells
[final]   143.81s    wire 177 · round 3 backward · refine: found 1571 cells
[final]   143.94s    wire 176 · round 3 backward · refine: found 1534 cells
[final]   144.00s    wire 175 · round 3 backward · refine: kept its way
[final]   144.14s    wire 174 · round 3 backward · refine: found 1370 cells
[final]   144.33s    wire 173 · round 3 backward · refine: found 1449 cells
[final]   144.63s    wire 172 · round 3 backward · refine: found 1637 cells
[final]   144.85s    wire 171 · round 3 backward · refine: found 1416 cells · long enough: 1718 of 590 cells
[final]   144.99s    wire 170 · round 3 backward · refine: found 1376 cells
[final]   145.11s    wire 169 · round 3 backward · refine: found 1367 cells
[final]   145.21s    wire 168 · round 3 backward · refine: found 1418 cells · long enough: 1670 of 591 cells
[final]   145.31s    wire 167 · round 3 backward · refine: found 1548 cells
[final]   145.40s    wire 166 · round 3 backward · refine: found 1605 cells · long enough: 1865 of 590 cells
[final]   145.49s    wire 165 · round 3 backward · refine: found 1592 cells
[final]   145.59s    wire 164 · round 3 backward · refine: found 1619 cells · long enough: 1863 of 590 cells
[final]   145.70s    wire 163 · round 3 backward · refine: found 1669 cells
[final]   145.83s    wire 162 · round 3 backward · refine: found 1855 cells
[final]   145.97s    wire 161 · round 3 backward · refine: found 1878 cells · long enough: 2112 of 590 cells
[final]   146.12s    wire 160 · round 3 backward · refine: found 1828 cells
[final]   146.26s    wire 159 · round 3 backward · refine: found 1814 cells
[final]   146.32s    wire 158 · round 3 backward · refine: kept its way
[final]   146.46s    wire 157 · round 3 backward · refine: found 1983 cells
[final]   146.60s    wire 156 · round 3 backward · refine: found 2056 cells
[final]   146.72s    wire 155 · round 3 backward · refine: found 2060 cells
[final]   146.85s    wire 154 · round 3 backward · refine: found 2054 cells
[final]   147.01s    wire 153 · round 3 backward · refine: found 2192 cells · long enough: 2288 of 591 cells
[final]   147.16s    wire 152 · round 3 backward · refine: found 2208 cells
[final]   147.33s    wire 151 · round 3 backward · refine: found 2292 cells
[final]   147.49s    wire 150 · round 3 backward · refine: found 2296 cells
[final]   147.64s    wire 149 · round 3 backward · refine: found 2275 cells
[final]   147.79s    wire 148 · round 3 backward · refine: found 2324 cells · long enough: 2355 of 591 cells
[final]   147.93s    wire 147 · round 3 backward · refine: found 2450 cells
[final]   148.07s    wire 146 · round 3 backward · refine: found 2561 cells · long enough: 2600 of 590 cells
[final]   148.20s    wire 145 · round 3 backward · refine: found 2536 cells
[final]   148.32s    wire 144 · round 3 backward · refine: found 2519 cells
[final]   148.45s    wire 143 · round 3 backward · refine: found 2568 cells · long enough: 2598 of 591 cells
[final]   148.58s    wire 142 · round 3 backward · refine: found 2584 cells
[final]   148.70s    wire 141 · round 3 backward · refine: found 2550 cells
[final]   148.83s    wire 140 · round 3 backward · refine: found 2551 cells
[final]   148.98s    wire 139 · round 3 backward · refine: found 2463 cells
[final]   149.11s    wire 138 · round 3 backward · refine: found 2341 cells
[final]   149.25s    wire 137 · round 3 backward · refine: found 2335 cells · long enough: 2447 of 591 cells
[final]   149.40s    wire 136 · round 3 backward · refine: found 2321 cells
[final]   149.55s    wire 135 · round 3 backward · refine: found 2326 cells
[final]   149.69s    wire 134 · round 3 backward · refine: found 2239 cells
[final]   149.83s    wire 133 · round 3 backward · refine: found 2061 cells
[final]   149.97s    wire 132 · round 3 backward · refine: found 2105 cells · long enough: 2369 of 590 cells
[final]   150.10s    wire 131 · round 3 backward · refine: found 2084 cells
[final]   150.23s    wire 130 · round 3 backward · refine: found 2089 cells
[final]   150.36s    wire 129 · round 3 backward · refine: found 2002 cells
[final]   150.48s    wire 128 · round 3 backward · refine: found 1854 cells
[final]   150.59s    wire 127 · round 3 backward · refine: found 1877 cells · long enough: 2215 of 590 cells
[final]   150.70s    wire 126 · round 3 backward · refine: found 1844 cells
[final]   150.82s    wire 125 · round 3 backward · refine: found 1882 cells · long enough: 2278 of 590 cells
[final]   150.94s    wire 124 · round 3 backward · refine: found 1763 cells
[final]   151.06s    wire 123 · round 3 backward · refine: found 1772 cells · long enough: 2135 of 590 cells
[final]   151.21s    wire 122 · round 3 backward · refine: found 1653 cells
[final]   151.33s    wire 121 · round 3 backward · refine: found 1607 cells
[final]   151.46s    wire 120 · round 3 backward · refine: found 1596 cells
[final]   151.61s    wire 119 · round 3 backward · refine: found 1528 cells
[final]   151.77s    wire 118 · round 3 backward · refine: found 1502 cells · long enough: 1944 of 590 cells
[final]   152.03s    wire 117 · round 3 backward · refine: found 1435 cells
[final]   152.19s    wire 116 · round 3 backward · refine: found 1275 cells
[final]   152.29s    wire 115 · round 3 backward · refine: found 1199 cells · long enough: 1607 of 590 cells
[final]   152.41s    wire 114 · round 3 backward · refine: found 1034 cells
[final]   152.50s    wire 113 · round 3 backward · refine: found 1098 cells
[final]   152.63s    wire 112 · round 3 backward · refine: found 1243 cells
[final]   152.75s    wire 111 · round 3 backward · refine: found 1303 cells · long enough: 1634 of 590 cells
[final]   152.85s    wire 110 · round 3 backward · refine: found 1324 cells
[final]   152.94s    wire 109 · round 3 backward · refine: found 1403 cells · long enough: 1740 of 590 cells
[final]   153.03s    wire 108 · round 3 backward · refine: found 1329 cells
[final]   153.12s    wire 107 · round 3 backward · refine: found 1382 cells
[final]   153.20s    wire 106 · round 3 backward · refine: found 1528 cells · long enough: 1824 of 590 cells
[final]   153.29s    wire 105 · round 3 backward · refine: found 1548 cells
[final]   153.38s    wire 104 · round 3 backward · refine: found 1621 cells
[final]   153.47s    wire 103 · round 3 backward · refine: found 1596 cells
[final]   153.57s    wire 102 · round 3 backward · refine: found 1657 cells
[final]   153.66s    wire 101 · round 3 backward · refine: found 1726 cells · long enough: 1985 of 591 cells
[final]   153.75s    wire 100 · round 3 backward · refine: found 1776 cells
[final]   153.85s    wire 99 · round 3 backward · refine: found 1836 cells · long enough: 2141 of 591 cells
[final]   153.95s    wire 98 · round 3 backward · refine: found 1773 cells
[final]   154.06s    wire 97 · round 3 backward · refine: found 1807 cells
[final]   154.19s    wire 96 · round 3 backward · refine: found 1918 cells · long enough: 2169 of 590 cells
[final]   154.32s    wire 95 · round 3 backward · refine: found 1991 cells
[final]   154.45s    wire 94 · round 3 backward · refine: found 2078 cells · long enough: 2324 of 591 cells
[final]   154.57s    wire 93 · round 3 backward · refine: found 2009 cells
[final]   154.62s    wire 92 · round 3 backward · refine: kept its way
[final]   154.68s    wire 91 · round 3 backward · refine: kept its way
[final]   154.77s    wire 90 · round 3 backward · refine: found 2204 cells
[final]   154.87s    wire 89 · round 3 backward · refine: found 2292 cells · long enough: 2433 of 591 cells
[final]   154.97s    wire 88 · round 3 backward · refine: found 2222 cells
[final]   155.07s    wire 87 · round 3 backward · refine: found 2257 cells
[final]   155.18s    wire 86 · round 3 backward · refine: found 2256 cells · long enough: 2307 of 591 cells
[final]   155.30s    wire 85 · round 3 backward · refine: found 2199 cells
[final]   155.42s    wire 84 · round 3 backward · refine: found 2213 cells
[final]   155.57s    wire 83 · round 3 backward · refine: found 2219 cells
[final]   155.70s    wire 82 · round 3 backward · refine: found 2120 cells
[final]   155.80s    wire 81 · round 3 backward · refine: found 1996 cells · long enough: 2012 of 591 cells
[final]   155.91s    wire 80 · round 3 backward · refine: found 1947 cells
[final]   156.02s    wire 79 · round 3 backward · refine: found 1965 cells
[final]   156.13s    wire 78 · round 3 backward · refine: found 1972 cells
[final]   156.23s    wire 77 · round 3 backward · refine: found 1882 cells
[final]   156.34s    wire 76 · round 3 backward · refine: found 1752 cells · long enough: 1820 of 591 cells
[final]   156.46s    wire 75 · round 3 backward · refine: found 1711 cells
[final]   156.58s    wire 74 · round 3 backward · refine: found 1725 cells
[final]   156.69s    wire 73 · round 3 backward · refine: found 1732 cells
[final]   156.80s    wire 72 · round 3 backward · refine: found 1637 cells
[final]   156.92s    wire 71 · round 3 backward · refine: found 1512 cells · long enough: 1725 of 591 cells
[final]   157.03s    wire 70 · round 3 backward · refine: found 1463 cells
[final]   157.13s    wire 69 · round 3 backward · refine: found 1477 cells
[final]   157.23s    wire 68 · round 3 backward · refine: found 1480 cells
[final]   157.32s    wire 67 · round 3 backward · refine: found 1398 cells
[final]   157.40s    wire 66 · round 3 backward · refine: found 1288 cells
[final]   157.47s    wire 65 · round 3 backward · refine: found 1267 cells · long enough: 1555 of 590 cells
[final]   157.55s    wire 64 · round 3 backward · refine: found 1225 cells
[final]   157.63s    wire 63 · round 3 backward · refine: found 1254 cells · long enough: 1585 of 590 cells
[final]   157.71s    wire 62 · round 3 backward · refine: found 1136 cells
[final]   157.80s    wire 61 · round 3 backward · refine: found 1004 cells
[final]   157.89s    wire 60 · round 3 backward · refine: found 1011 cells · long enough: 1328 of 590 cells
[final]   158.00s    wire 59 · round 3 backward · refine: found 977 cells
[final]   158.09s    wire 58 · round 3 backward · refine: found 1006 cells · long enough: 1303 of 590 cells
[final]   158.22s    wire 57 · round 3 backward · refine: found 961 cells
[final]   158.37s    wire 56 · round 3 backward · refine: found 1016 cells
[final]   158.47s    wire 55 · round 3 backward · refine: found 1011 cells · long enough: 1370 of 590 cells
[final]   158.58s    wire 54 · round 3 backward · refine: found 979 cells
[final]   158.70s    wire 53 · round 3 backward · refine: found 1140 cells
[final]   158.83s    wire 52 · round 3 backward · refine: found 1213 cells
[final]   158.96s    wire 51 · round 3 backward · refine: found 1229 cells
[final]   159.08s    wire 50 · round 3 backward · refine: found 1261 cells · long enough: 1514 of 591 cells
[final]   159.19s    wire 49 · round 3 backward · refine: found 1368 cells
[final]   159.29s    wire 48 · round 3 backward · refine: found 1455 cells
[final]   159.38s    wire 47 · round 3 backward · refine: found 1498 cells · long enough: 1738 of 590 cells
[final]   159.46s    wire 46 · round 3 backward · refine: found 1516 cells
[final]   159.56s    wire 45 · round 3 backward · refine: found 1504 cells · long enough: 1700 of 591 cells
[final]   159.66s    wire 44 · round 3 backward · refine: found 1633 cells
[final]   159.77s    wire 43 · round 3 backward · refine: found 1700 cells
[final]   159.88s    wire 42 · round 3 backward · refine: found 1782 cells · long enough: 1991 of 590 cells
[final]   159.99s    wire 41 · round 3 backward · refine: found 1790 cells
[final]   160.10s    wire 40 · round 3 backward · refine: found 1798 cells · long enough: 1957 of 591 cells
[final]   160.22s    wire 39 · round 3 backward · refine: found 1879 cells
[final]   160.34s    wire 38 · round 3 backward · refine: found 1948 cells
[final]   160.44s    wire 37 · round 3 backward · refine: found 2022 cells · long enough: 2117 of 590 cells
[final]   160.54s    wire 36 · round 3 backward · refine: found 2022 cells
[final]   160.62s    wire 35 · round 3 backward · refine: found 1996 cells · long enough: 2057 of 591 cells
[final]   160.73s    wire 34 · round 3 backward · refine: found 2117 cells
[final]   160.82s    wire 33 · round 3 backward · refine: found 2195 cells
[final]   160.91s    wire 32 · round 3 backward · refine: found 2238 cells · long enough: 2321 of 590 cells
[final]   161.01s    wire 31 · round 3 backward · refine: found 2230 cells
[final]   161.12s    wire 30 · round 3 backward · refine: found 2247 cells
[final]   161.24s    wire 29 · round 3 backward · refine: found 2244 cells · long enough: 2255 of 591 cells
[final]   161.37s    wire 28 · round 3 backward · refine: found 2199 cells
[final]   161.52s    wire 27 · round 3 backward · refine: found 2222 cells
[final]   161.67s    wire 26 · round 3 backward · refine: found 2231 cells
[final]   161.82s    wire 25 · round 3 backward · refine: found 2132 cells
[final]   161.97s    wire 24 · round 3 backward · refine: found 2114 cells
[final]   162.09s    wire 23 · round 3 backward · refine: found 2015 cells · long enough: 2084 of 591 cells
[final]   162.21s    wire 22 · round 3 backward · refine: found 1989 cells
[final]   162.34s    wire 21 · round 3 backward · refine: found 2033 cells · long enough: 2155 of 591 cells
[final]   162.48s    wire 20 · round 3 backward · refine: found 1915 cells
[final]   162.61s    wire 19 · round 3 backward · refine: found 1783 cells
[final]   162.74s    wire 18 · round 3 backward · refine: found 1790 cells · long enough: 1980 of 590 cells
[final]   162.85s    wire 17 · round 3 backward · refine: found 1761 cells
[final]   162.95s    wire 16 · round 3 backward · refine: found 1800 cells · long enough: 2025 of 591 cells
[final]   163.05s    wire 15 · round 3 backward · refine: found 1700 cells
[final]   163.15s    wire 14 · round 3 backward · refine: found 1594 cells
[final]   163.25s    wire 13 · round 3 backward · refine: found 1591 cells · long enough: 1800 of 590 cells
[final]   163.34s    wire 12 · round 3 backward · refine: found 1581 cells
[final]   163.42s    wire 11 · round 3 backward · refine: found 1634 cells · long enough: 1850 of 591 cells
[final]   163.51s    wire 10 · round 3 backward · refine: found 1526 cells
[final]   163.60s    wire 9 · round 3 backward · refine: found 1501 cells · long enough: 1732 of 590 cells
[final]   163.70s    wire 8 · round 3 backward · refine: found 1371 cells
[final]   163.79s    wire 7 · round 3 backward · refine: found 1314 cells
[final]   163.88s    wire 6 · round 3 backward · refine: found 1321 cells
[final]   163.98s    wire 5 · round 3 backward · refine: found 1259 cells
[final]   164.08s    wire 4 · round 3 backward · refine: found 1125 cells
[final]   164.18s    wire 3 · round 3 backward · refine: found 1113 cells · long enough: 1491 of 591 cells
[final]   164.29s    wire 2 · round 3 backward · refine: found 1113 cells
[final]   164.42s    wire 1 · round 3 backward · refine: found 1129 cells
[final]   164.54s    wire 0 · round 3 backward · refine: found 1185 cells · long enough: 1558 of 590 cells
[final]   164.59s  refinement round 3 backward: moved 223 of 230, 0 too close to another
[final]   164.71s    wire 0 · round 4 forward · refine: found 1185 cells · long enough: 1558 of 590 cells
[final]   164.83s    wire 1 · round 4 forward · refine: found 1131 cells
[final]   164.95s    wire 2 · round 4 forward · refine: found 1110 cells
[final]   165.06s    wire 3 · round 4 forward · refine: found 1120 cells · long enough: 1495 of 591 cells
[final]   165.16s    wire 4 · round 4 forward · refine: found 1135 cells
[final]   165.26s    wire 5 · round 4 forward · refine: found 1267 cells
[final]   165.35s    wire 6 · round 4 forward · refine: found 1324 cells
[final]   165.44s    wire 7 · round 4 forward · refine: found 1318 cells
[final]   165.54s    wire 8 · round 4 forward · refine: found 1373 cells
[final]   165.59s    wire 9 · round 4 forward · refine: kept its way
[final]   165.67s    wire 10 · round 4 forward · refine: found 1520 cells
[final]   165.76s    wire 11 · round 4 forward · refine: found 1634 cells · long enough: 1848 of 591 cells
[final]   165.84s    wire 12 · round 4 forward · refine: found 1577 cells
[final]   165.93s    wire 13 · round 4 forward · refine: found 1585 cells · long enough: 1796 of 590 cells
[final]   166.03s    wire 14 · round 4 forward · refine: found 1587 cells
[final]   166.13s    wire 15 · round 4 forward · refine: found 1713 cells
[final]   166.23s    wire 16 · round 4 forward · refine: found 1800 cells · long enough: 2024 of 591 cells
[final]   166.34s    wire 17 · round 4 forward · refine: found 1761 cells
[final]   166.45s    wire 18 · round 4 forward · refine: found 1790 cells · long enough: 1976 of 590 cells
[final]   166.57s    wire 19 · round 4 forward · refine: found 1783 cells
[final]   166.70s    wire 20 · round 4 forward · refine: found 1915 cells
[final]   166.83s    wire 21 · round 4 forward · refine: found 2029 cells · long enough: 2153 of 591 cells
[final]   166.94s    wire 22 · round 4 forward · refine: found 1993 cells
[final]   167.05s    wire 23 · round 4 forward · refine: found 2015 cells · long enough: 2084 of 591 cells
[final]   167.18s    wire 24 · round 4 forward · refine: found 2118 cells
[final]   167.33s    wire 25 · round 4 forward · refine: found 2140 cells
[final]   167.47s    wire 26 · round 4 forward · refine: found 2231 cells
[final]   167.61s    wire 27 · round 4 forward · refine: found 2214 cells
[final]   167.74s    wire 28 · round 4 forward · refine: found 2195 cells
[final]   167.86s    wire 29 · round 4 forward · refine: found 2244 cells · long enough: 2258 of 591 cells
[final]   167.99s    wire 30 · round 4 forward · refine: found 2247 cells
[final]   168.10s    wire 31 · round 4 forward · refine: found 2232 cells
[final]   168.20s    wire 32 · round 4 forward · refine: found 2234 cells · long enough: 2323 of 590 cells
[final]   168.30s    wire 33 · round 4 forward · refine: found 2195 cells
[final]   168.41s    wire 34 · round 4 forward · refine: found 2117 cells
[final]   168.50s    wire 35 · round 4 forward · refine: found 1996 cells · long enough: 2058 of 591 cells
[final]   168.59s    wire 36 · round 4 forward · refine: found 2024 cells
[final]   168.69s    wire 37 · round 4 forward · refine: found 2025 cells · long enough: 2123 of 590 cells
[final]   168.80s    wire 38 · round 4 forward · refine: found 1948 cells
[final]   168.91s    wire 39 · round 4 forward · refine: found 1885 cells
[final]   169.02s    wire 40 · round 4 forward · refine: found 1806 cells · long enough: 1962 of 591 cells
[final]   169.14s    wire 41 · round 4 forward · refine: found 1798 cells
[final]   169.25s    wire 42 · round 4 forward · refine: found 1780 cells · long enough: 1993 of 590 cells
[final]   169.35s    wire 43 · round 4 forward · refine: found 1700 cells
[final]   169.46s    wire 44 · round 4 forward · refine: found 1649 cells
[final]   169.54s    wire 45 · round 4 forward · refine: found 1504 cells · long enough: 1693 of 591 cells
[final]   169.63s    wire 46 · round 4 forward · refine: found 1518 cells
[final]   169.71s    wire 47 · round 4 forward · refine: found 1498 cells · long enough: 1741 of 590 cells
[final]   169.81s    wire 48 · round 4 forward · refine: found 1455 cells
[final]   169.92s    wire 49 · round 4 forward · refine: found 1377 cells
[final]   170.02s    wire 50 · round 4 forward · refine: found 1261 cells · long enough: 1516 of 591 cells
[final]   170.14s    wire 51 · round 4 forward · refine: found 1229 cells
[final]   170.27s    wire 52 · round 4 forward · refine: found 1213 cells
[final]   170.41s    wire 53 · round 4 forward · refine: found 1142 cells
[final]   170.52s    wire 54 · round 4 forward · refine: found 983 cells
[final]   170.63s    wire 55 · round 4 forward · refine: found 1030 cells · long enough: 1380 of 590 cells
[final]   170.78s    wire 56 · round 4 forward · refine: found 1027 cells
[final]   170.90s    wire 57 · round 4 forward · refine: found 961 cells
[final]   171.01s    wire 58 · round 4 forward · refine: found 1010 cells · long enough: 1324 of 590 cells
[final]   171.12s    wire 59 · round 4 forward · refine: found 977 cells
[final]   171.21s    wire 60 · round 4 forward · refine: found 1011 cells · long enough: 1328 of 590 cells
[final]   171.32s    wire 61 · round 4 forward · refine: found 982 cells
[final]   171.41s    wire 62 · round 4 forward · refine: found 1141 cells
[final]   171.49s    wire 63 · round 4 forward · refine: found 1258 cells · long enough: 1590 of 590 cells
[final]   171.57s    wire 64 · round 4 forward · refine: found 1225 cells
[final]   171.65s    wire 65 · round 4 forward · refine: found 1268 cells · long enough: 1564 of 590 cells
[final]   171.72s    wire 66 · round 4 forward · refine: found 1291 cells
[final]   171.82s    wire 67 · round 4 forward · refine: found 1414 cells
[final]   171.91s    wire 68 · round 4 forward · refine: found 1494 cells
[final]   172.01s    wire 69 · round 4 forward · refine: found 1477 cells
[final]   172.12s    wire 70 · round 4 forward · refine: found 1463 cells
[final]   172.23s    wire 71 · round 4 forward · refine: found 1512 cells · long enough: 1726 of 591 cells
[final]   172.35s    wire 72 · round 4 forward · refine: found 1637 cells
[final]   172.46s    wire 73 · round 4 forward · refine: found 1732 cells
[final]   172.57s    wire 74 · round 4 forward · refine: found 1729 cells
[final]   172.68s    wire 75 · round 4 forward · refine: found 1711 cells
[final]   172.78s    wire 76 · round 4 forward · refine: found 1752 cells · long enough: 1822 of 591 cells
[final]   172.88s    wire 77 · round 4 forward · refine: found 1882 cells
[final]   172.99s    wire 78 · round 4 forward · refine: found 1972 cells
[final]   173.09s    wire 79 · round 4 forward · refine: found 1965 cells
[final]   173.20s    wire 80 · round 4 forward · refine: found 1947 cells
[final]   173.30s    wire 81 · round 4 forward · refine: found 1996 cells · long enough: 2014 of 591 cells
[final]   173.42s    wire 82 · round 4 forward · refine: found 2120 cells
[final]   173.55s    wire 83 · round 4 forward · refine: found 2219 cells
[final]   173.68s    wire 84 · round 4 forward · refine: found 2213 cells
[final]   173.81s    wire 85 · round 4 forward · refine: found 2199 cells
[final]   173.93s    wire 86 · round 4 forward · refine: found 2256 cells · long enough: 2313 of 591 cells
[final]   174.05s    wire 87 · round 4 forward · refine: found 2257 cells
[final]   174.15s    wire 88 · round 4 forward · refine: found 2222 cells
[final]   174.27s    wire 89 · round 4 forward · refine: found 2297 cells · long enough: 2433 of 591 cells
[final]   174.37s    wire 90 · round 4 forward · refine: found 2208 cells
[final]   174.42s    wire 91 · round 4 forward · refine: kept its way
[final]   174.48s    wire 92 · round 4 forward · refine: kept its way
[final]   174.59s    wire 93 · round 4 forward · refine: found 2009 cells
[final]   174.73s    wire 94 · round 4 forward · refine: found 2078 cells · long enough: 2326 of 591 cells
[final]   174.87s    wire 95 · round 4 forward · refine: found 1995 cells
[final]   175.01s    wire 96 · round 4 forward · refine: found 1918 cells · long enough: 2172 of 590 cells
[final]   175.13s    wire 97 · round 4 forward · refine: found 1811 cells
[final]   175.24s    wire 98 · round 4 forward · refine: found 1773 cells
[final]   175.34s    wire 99 · round 4 forward · refine: found 1836 cells · long enough: 2139 of 591 cells
[final]   175.44s    wire 100 · round 4 forward · refine: found 1777 cells
[final]   175.54s    wire 101 · round 4 forward · refine: found 1726 cells · long enough: 1984 of 591 cells
[final]   175.64s    wire 102 · round 4 forward · refine: found 1653 cells
[final]   175.74s    wire 103 · round 4 forward · refine: found 1585 cells
[final]   175.83s    wire 104 · round 4 forward · refine: found 1612 cells
[final]   175.92s    wire 105 · round 4 forward · refine: found 1543 cells
[final]   176.01s    wire 106 · round 4 forward · refine: found 1509 cells · long enough: 1808 of 590 cells
[final]   176.10s    wire 107 · round 4 forward · refine: found 1389 cells
[final]   176.19s    wire 108 · round 4 forward · refine: found 1322 cells
[final]   176.28s    wire 109 · round 4 forward · refine: found 1412 cells · long enough: 1746 of 590 cells
[final]   176.38s    wire 110 · round 4 forward · refine: found 1330 cells
[final]   176.49s    wire 111 · round 4 forward · refine: found 1318 cells · long enough: 1645 of 590 cells
[final]   176.63s    wire 112 · round 4 forward · refine: found 1259 cells
[final]   176.73s    wire 113 · round 4 forward · refine: found 1108 cells
[final]   176.85s    wire 114 · round 4 forward · refine: found 1042 cells
[final]   176.95s    wire 115 · round 4 forward · refine: found 1205 cells · long enough: 1610 of 590 cells
[final]   177.12s    wire 116 · round 4 forward · refine: found 1291 cells
[final]   177.37s    wire 117 · round 4 forward · refine: found 1435 cells
[final]   177.55s    wire 118 · round 4 forward · refine: found 1502 cells · long enough: 1944 of 590 cells
[final]   177.79s    wire 119 · round 4 forward · refine: found 1528 cells
[final]   177.96s    wire 120 · round 4 forward · refine: found 1596 cells
[final]   178.09s    wire 121 · round 4 forward · refine: found 1607 cells
[final]   178.21s    wire 122 · round 4 forward · refine: found 1651 cells
[final]   178.33s    wire 123 · round 4 forward · refine: found 1745 cells · long enough: 2120 of 590 cells
[final]   178.47s    wire 124 · round 4 forward · refine: found 1765 cells
[final]   178.59s    wire 125 · round 4 forward · refine: found 1878 cells · long enough: 2278 of 590 cells
[final]   178.69s    wire 126 · round 4 forward · refine: found 1844 cells
[final]   178.81s    wire 127 · round 4 forward · refine: found 1877 cells · long enough: 2216 of 590 cells
[final]   178.92s    wire 128 · round 4 forward · refine: found 1856 cells
[final]   179.04s    wire 129 · round 4 forward · refine: found 2002 cells
[final]   179.16s    wire 130 · round 4 forward · refine: found 2093 cells
[final]   179.30s    wire 131 · round 4 forward · refine: found 2088 cells
[final]   179.44s    wire 132 · round 4 forward · refine: found 2105 cells · long enough: 2371 of 590 cells
[final]   179.58s    wire 133 · round 4 forward · refine: found 2061 cells
[final]   179.72s    wire 134 · round 4 forward · refine: found 2239 cells
[final]   179.86s    wire 135 · round 4 forward · refine: found 2326 cells
[final]   180.00s    wire 136 · round 4 forward · refine: found 2317 cells
[final]   180.13s    wire 137 · round 4 forward · refine: found 2335 cells · long enough: 2452 of 591 cells
[final]   180.26s    wire 138 · round 4 forward · refine: found 2298 cells
[final]   180.39s    wire 139 · round 4 forward · refine: found 2463 cells
[final]   180.53s    wire 140 · round 4 forward · refine: found 2551 cells
[final]   180.65s    wire 141 · round 4 forward · refine: found 2550 cells
[final]   180.77s    wire 142 · round 4 forward · refine: found 2580 cells
[final]   180.89s    wire 143 · round 4 forward · refine: found 2568 cells · long enough: 2593 of 591 cells
[final]   181.01s    wire 144 · round 4 forward · refine: found 2519 cells
[final]   181.14s    wire 145 · round 4 forward · refine: found 2528 cells
[final]   181.26s    wire 146 · round 4 forward · refine: found 2561 cells · long enough: 2600 of 590 cells
[final]   181.39s    wire 147 · round 4 forward · refine: found 2448 cells
[final]   181.52s    wire 148 · round 4 forward · refine: found 2324 cells · long enough: 2357 of 591 cells
[final]   181.66s    wire 149 · round 4 forward · refine: found 2283 cells
[final]   181.81s    wire 150 · round 4 forward · refine: found 2292 cells
[final]   181.96s    wire 151 · round 4 forward · refine: found 2292 cells
[final]   182.10s    wire 152 · round 4 forward · refine: found 2208 cells
[final]   182.26s    wire 153 · round 4 forward · refine: found 2191 cells · long enough: 2282 of 591 cells
[final]   182.40s    wire 154 · round 4 forward · refine: found 2054 cells
[final]   182.54s    wire 155 · round 4 forward · refine: found 2064 cells
[final]   182.67s    wire 156 · round 4 forward · refine: found 2056 cells
[final]   182.80s    wire 157 · round 4 forward · refine: found 1980 cells
[final]   182.86s    wire 158 · round 4 forward · refine: kept its way
[final]   183.00s    wire 159 · round 4 forward · refine: found 1814 cells
[final]   183.15s    wire 160 · round 4 forward · refine: found 1828 cells
[final]   183.29s    wire 161 · round 4 forward · refine: found 1878 cells · long enough: 2112 of 590 cells
[final]   183.44s    wire 162 · round 4 forward · refine: found 1858 cells
[final]   183.57s    wire 163 · round 4 forward · refine: found 1660 cells
[final]   183.67s    wire 164 · round 4 forward · refine: found 1607 cells · long enough: 1856 of 590 cells
[final]   183.77s    wire 165 · round 4 forward · refine: found 1572 cells
[final]   183.86s    wire 166 · round 4 forward · refine: found 1606 cells · long enough: 1865 of 590 cells
[final]   183.96s    wire 167 · round 4 forward · refine: found 1551 cells
[final]   184.06s    wire 168 · round 4 forward · refine: found 1434 cells · long enough: 1681 of 591 cells
[final]   184.17s    wire 169 · round 4 forward · refine: found 1377 cells
[final]   184.29s    wire 170 · round 4 forward · refine: found 1382 cells
[final]   184.49s    wire 171 · round 4 forward · refine: found 1430 cells · long enough: 1760 of 590 cells
[final]   184.79s    wire 172 · round 4 forward · refine: found 1636 cells
[final]   184.98s    wire 173 · round 4 forward · refine: found 1452 cells
[final]   185.13s    wire 174 · round 4 forward · refine: found 1376 cells
[final]   185.27s    wire 175 · round 4 forward · refine: found 1407 cells · long enough: 1773 of 591 cells
[final]   185.41s    wire 176 · round 4 forward · refine: found 1534 cells
[final]   185.52s    wire 177 · round 4 forward · refine: found 1570 cells
[final]   185.64s    wire 178 · round 4 forward · refine: found 1572 cells
[final]   185.77s    wire 179 · round 4 forward · refine: found 1641 cells
[final]   185.89s    wire 180 · round 4 forward · refine: found 1766 cells · long enough: 2018 of 591 cells
[final]   186.00s    wire 181 · round 4 forward · refine: found 1794 cells
[final]   186.10s    wire 182 · round 4 forward · refine: found 1826 cells
[final]   186.19s    wire 183 · round 4 forward · refine: found 1829 cells
[final]   186.25s    wire 184 · round 4 forward · refine: kept its way
[final]   186.30s    wire 185 · round 4 forward · refine: kept its way
[final]   186.41s    wire 186 · round 4 forward · refine: found 2075 cells
[final]   186.51s    wire 187 · round 4 forward · refine: found 2093 cells · long enough: 2291 of 590 cells
[final]   186.61s    wire 188 · round 4 forward · refine: found 2064 cells
[final]   186.66s    wire 189 · round 4 forward · refine: kept its way
[final]   186.78s    wire 190 · round 4 forward · refine: found 2262 cells
[final]   186.90s    wire 191 · round 4 forward · refine: found 2293 cells
[final]   187.01s    wire 192 · round 4 forward · refine: found 2341 cells · long enough: 2531 of 590 cells
[final]   187.14s    wire 193 · round 4 forward · refine: found 2312 cells
[final]   187.27s    wire 194 · round 4 forward · refine: found 2339 cells
[final]   187.41s    wire 195 · round 4 forward · refine: found 2339 cells · long enough: 2436 of 590 cells
[final]   187.57s    wire 196 · round 4 forward · refine: found 2450 cells
[final]   187.72s    wire 197 · round 4 forward · refine: found 2520 cells
[final]   187.86s    wire 198 · round 4 forward · refine: found 2583 cells
[final]   188.00s    wire 199 · round 4 forward · refine: found 2567 cells
[final]   188.13s    wire 200 · round 4 forward · refine: found 2531 cells
[final]   188.26s    wire 201 · round 4 forward · refine: found 2611 cells · long enough: 2691 of 591 cells
[final]   188.36s    wire 202 · round 4 forward · refine: found 2576 cells
[final]   188.46s    wire 203 · round 4 forward · refine: found 2583 cells
[final]   188.55s    wire 204 · round 4 forward · refine: found 2596 cells · long enough: 2732 of 580 cells
[final]   188.64s    wire 205 · round 4 forward · refine: found 2585 cells · long enough: 2738 of 590 cells
[final]   188.73s    wire 206 · round 4 forward · refine: found 2469 cells
[final]   188.83s    wire 207 · round 4 forward · refine: found 2483 cells · long enough: 2605 of 590 cells
[final]   188.93s    wire 208 · round 4 forward · refine: found 2368 cells
[final]   189.04s    wire 209 · round 4 forward · refine: found 2317 cells
[final]   189.14s    wire 210 · round 4 forward · refine: found 2318 cells
[final]   189.26s    wire 211 · round 4 forward · refine: found 2248 cells
[final]   189.41s    wire 212 · round 4 forward · refine: found 2215 cells · long enough: 2433 of 590 cells
[final]   189.57s    wire 213 · round 4 forward · refine: found 2106 cells
[final]   189.72s    wire 214 · round 4 forward · refine: found 2076 cells
[final]   189.87s    wire 215 · round 4 forward · refine: found 2077 cells
[final]   190.03s    wire 216 · round 4 forward · refine: found 2002 cells
[final]   190.17s    wire 217 · round 4 forward · refine: found 1848 cells
[final]   190.31s    wire 218 · round 4 forward · refine: found 1869 cells · long enough: 2215 of 590 cells
[final]   190.43s    wire 219 · round 4 forward · refine: found 1844 cells
[final]   190.56s    wire 220 · round 4 forward · refine: found 1848 cells
[final]   190.69s    wire 221 · round 4 forward · refine: found 1765 cells
[final]   190.81s    wire 222 · round 4 forward · refine: found 1627 cells
[final]   190.93s    wire 223 · round 4 forward · refine: found 1632 cells · long enough: 2039 of 590 cells
[final]   191.05s    wire 224 · round 4 forward · refine: found 1603 cells
[final]   191.20s    wire 225 · round 4 forward · refine: found 1642 cells · long enough: 2104 of 591 cells
[final]   191.36s    wire 226 · round 4 forward · refine: found 1524 cells
[final]   191.58s    wire 227 · round 4 forward · refine: found 1407 cells
[final]   191.70s    wire 228 · round 4 forward · refine: found 1243 cells · long enough: 1715 of 591 cells
[final]   191.84s    wire 229 · round 4 forward · refine: found 1225 cells
[final]   191.89s  refinement round 4 forward : moved 223 of 230, 0 too close to another
[final]   192.04s    wire 229 · round 5 backward · refine: found 1225 cells
[final]   192.16s    wire 228 · round 5 backward · refine: found 1243 cells · long enough: 1715 of 591 cells
[final]   192.39s    wire 227 · round 5 backward · refine: found 1408 cells
[final]   192.56s    wire 226 · round 5 backward · refine: found 1524 cells
[final]   192.71s    wire 225 · round 5 backward · refine: found 1642 cells · long enough: 2107 of 591 cells
[final]   192.84s    wire 224 · round 5 backward · refine: found 1603 cells
[final]   192.96s    wire 223 · round 5 backward · refine: found 1632 cells · long enough: 2047 of 590 cells
[final]   193.08s    wire 222 · round 5 backward · refine: found 1603 cells
[final]   193.22s    wire 221 · round 5 backward · refine: found 1761 cells
[final]   193.34s    wire 220 · round 5 backward · refine: found 1848 cells
[final]   193.46s    wire 219 · round 5 backward · refine: found 1844 cells
[final]   193.58s    wire 218 · round 5 backward · refine: found 1869 cells · long enough: 2218 of 590 cells
[final]   193.71s    wire 217 · round 5 backward · refine: found 1848 cells
[final]   193.85s    wire 216 · round 5 backward · refine: found 1998 cells
[final]   193.98s    wire 215 · round 5 backward · refine: found 2077 cells
[final]   194.11s    wire 214 · round 5 backward · refine: found 2076 cells
[final]   194.26s    wire 213 · round 5 backward · refine: found 2108 cells
[final]   194.41s    wire 212 · round 5 backward · refine: found 2211 cells · long enough: 2432 of 590 cells
[final]   194.54s    wire 211 · round 5 backward · refine: found 2248 cells
[final]   194.66s    wire 210 · round 5 backward · refine: found 2314 cells
[final]   194.78s    wire 209 · round 5 backward · refine: found 2317 cells
[final]   194.88s    wire 208 · round 5 backward · refine: found 2364 cells
[final]   194.94s    wire 207 · round 5 backward · refine: kept its way
[final]   195.03s    wire 206 · round 5 backward · refine: found 2472 cells
[final]   195.12s    wire 205 · round 5 backward · refine: found 2585 cells · long enough: 2739 of 590 cells
[final]   195.21s    wire 204 · round 5 backward · refine: found 2584 cells · long enough: 2724 of 580 cells
[final]   195.30s    wire 203 · round 5 backward · refine: found 2587 cells
[final]   195.40s    wire 202 · round 5 backward · refine: found 2600 cells
[final]   195.52s    wire 201 · round 5 backward · refine: found 2623 cells · long enough: 2701 of 591 cells
[final]   195.63s    wire 200 · round 5 backward · refine: found 2531 cells
[final]   195.77s    wire 199 · round 5 backward · refine: found 2569 cells
[final]   195.92s    wire 198 · round 5 backward · refine: found 2583 cells
[final]   196.08s    wire 197 · round 5 backward · refine: found 2520 cells
[final]   196.24s    wire 196 · round 5 backward · refine: found 2454 cells
[final]   196.38s    wire 195 · round 5 backward · refine: found 2339 cells · long enough: 2439 of 590 cells
[final]   196.52s    wire 194 · round 5 backward · refine: found 2339 cells
[final]   196.67s    wire 193 · round 5 backward · refine: found 2345 cells
[final]   196.79s    wire 192 · round 5 backward · refine: found 2333 cells · long enough: 2525 of 590 cells
[final]   196.93s    wire 191 · round 5 backward · refine: found 2301 cells
[final]   197.06s    wire 190 · round 5 backward · refine: found 2261 cells
[final]   197.16s    wire 189 · round 5 backward · refine: found 2091 cells · long enough: 2258 of 590 cells
[final]   197.27s    wire 188 · round 5 backward · refine: found 2064 cells
[final]   197.37s    wire 187 · round 5 backward · refine: found 2089 cells · long enough: 2290 of 590 cells
[final]   197.48s    wire 186 · round 5 backward · refine: found 2069 cells
[final]   197.54s    wire 185 · round 5 backward · refine: kept its way
[final]   197.59s    wire 184 · round 5 backward · refine: kept its way
[final]   197.69s    wire 183 · round 5 backward · refine: found 1829 cells
[final]   197.78s    wire 182 · round 5 backward · refine: found 1824 cells
[final]   197.89s    wire 181 · round 5 backward · refine: found 1792 cells
[final]   198.02s    wire 180 · round 5 backward · refine: found 1765 cells · long enough: 2016 of 591 cells
[final]   198.14s    wire 179 · round 5 backward · refine: found 1644 cells
[final]   198.27s    wire 178 · round 5 backward · refine: found 1572 cells
[final]   198.39s    wire 177 · round 5 backward · refine: found 1570 cells
[final]   198.53s    wire 176 · round 5 backward · refine: found 1536 cells
[final]   198.66s    wire 175 · round 5 backward · refine: found 1421 cells · long enough: 1778 of 591 cells
[final]   198.80s    wire 174 · round 5 backward · refine: found 1380 cells
[final]   198.99s    wire 173 · round 5 backward · refine: found 1450 cells
[final]   199.30s    wire 172 · round 5 backward · refine: found 1645 cells
[final]   199.51s    wire 171 · round 5 backward · refine: found 1424 cells · long enough: 1758 of 590 cells
[final]   199.64s    wire 170 · round 5 backward · refine: found 1384 cells
[final]   199.75s    wire 169 · round 5 backward · refine: found 1383 cells
[final]   199.86s    wire 168 · round 5 backward · refine: found 1442 cells · long enough: 1689 of 591 cells
[final]   199.96s    wire 167 · round 5 backward · refine: found 1549 cells
[final]   200.06s    wire 166 · round 5 backward · refine: found 1610 cells · long enough: 1868 of 590 cells
[final]   200.15s    wire 165 · round 5 backward · refine: found 1572 cells
[final]   200.25s    wire 164 · round 5 backward · refine: found 1611 cells · long enough: 1858 of 590 cells
[final]   200.37s    wire 163 · round 5 backward · refine: found 1660 cells
[final]   200.51s    wire 162 · round 5 backward · refine: found 1858 cells
[final]   200.67s    wire 161 · round 5 backward · refine: found 1872 cells · long enough: 2108 of 590 cells
[final]   200.81s    wire 160 · round 5 backward · refine: found 1828 cells
[final]   200.94s    wire 159 · round 5 backward · refine: found 1814 cells
[final]   201.00s    wire 158 · round 5 backward · refine: kept its way
[final]   201.14s    wire 157 · round 5 backward · refine: found 1980 cells
[final]   201.27s    wire 156 · round 5 backward · refine: found 2056 cells
[final]   201.42s    wire 155 · round 5 backward · refine: found 2064 cells
[final]   201.55s    wire 154 · round 5 backward · refine: found 2047 cells
[final]   201.70s    wire 153 · round 5 backward · refine: found 2191 cells · long enough: 2282 of 591 cells
[final]   201.83s    wire 152 · round 5 backward · refine: found 2209 cells
[final]   201.97s    wire 151 · round 5 backward · refine: found 2292 cells
[final]   202.12s    wire 150 · round 5 backward · refine: found 2296 cells
[final]   202.26s    wire 149 · round 5 backward · refine: found 2283 cells
[final]   202.40s    wire 148 · round 5 backward · refine: found 2324 cells · long enough: 2358 of 591 cells
[final]   202.53s    wire 147 · round 5 backward · refine: found 2452 cells
[final]   202.67s    wire 146 · round 5 backward · refine: found 2569 cells · long enough: 2604 of 590 cells
[final]   202.78s    wire 145 · round 5 backward · refine: found 2528 cells
[final]   202.89s    wire 144 · round 5 backward · refine: found 2519 cells
[final]   203.01s    wire 143 · round 5 backward · refine: found 2568 cells · long enough: 2593 of 591 cells
[final]   203.13s    wire 142 · round 5 backward · refine: found 2580 cells
[final]   203.25s    wire 141 · round 5 backward · refine: found 2546 cells
[final]   203.38s    wire 140 · round 5 backward · refine: found 2555 cells
[final]   203.51s    wire 139 · round 5 backward · refine: found 2463 cells
[final]   203.64s    wire 138 · round 5 backward · refine: found 2298 cells
[final]   203.78s    wire 137 · round 5 backward · refine: found 2335 cells · long enough: 2453 of 591 cells
[final]   203.92s    wire 136 · round 5 backward · refine: found 2321 cells
[final]   204.05s    wire 135 · round 5 backward · refine: found 2326 cells
[final]   204.20s    wire 134 · round 5 backward · refine: found 2239 cells
[final]   204.34s    wire 133 · round 5 backward · refine: found 2061 cells
[final]   204.50s    wire 132 · round 5 backward · refine: found 2105 cells · long enough: 2372 of 590 cells
[final]   204.65s    wire 131 · round 5 backward · refine: found 2084 cells
[final]   204.79s    wire 130 · round 5 backward · refine: found 2093 cells
[final]   204.92s    wire 129 · round 5 backward · refine: found 2002 cells
[final]   205.04s    wire 128 · round 5 backward · refine: found 1856 cells
[final]   205.17s    wire 127 · round 5 backward · refine: found 1877 cells · long enough: 2218 of 590 cells
[final]   205.28s    wire 126 · round 5 backward · refine: found 1844 cells
[final]   205.40s    wire 125 · round 5 backward · refine: found 1878 cells · long enough: 2281 of 590 cells
[final]   205.51s    wire 124 · round 5 backward · refine: found 1763 cells
[final]   205.64s    wire 123 · round 5 backward · refine: found 1747 cells · long enough: 2125 of 590 cells
[final]   205.76s    wire 122 · round 5 backward · refine: found 1644 cells
[final]   205.88s    wire 121 · round 5 backward · refine: found 1607 cells
[final]   206.01s    wire 120 · round 5 backward · refine: found 1596 cells
[final]   206.16s    wire 119 · round 5 backward · refine: found 1532 cells
[final]   206.34s    wire 118 · round 5 backward · refine: found 1536 cells · long enough: 1969 of 590 cells
[final]   206.58s    wire 117 · round 5 backward · refine: found 1451 cells
[final]   206.73s    wire 116 · round 5 backward · refine: found 1290 cells
[final]   206.83s    wire 115 · round 5 backward · refine: found 1208 cells · long enough: 1612 of 590 cells
[final]   206.93s    wire 114 · round 5 backward · refine: found 1047 cells
[final]   207.06s    wire 113 · round 5 backward · refine: found 1114 cells
[final]   207.19s    wire 112 · round 5 backward · refine: found 1267 cells
[final]   207.31s    wire 111 · round 5 backward · refine: found 1330 cells · long enough: 1652 of 590 cells
[final]   207.41s    wire 110 · round 5 backward · refine: found 1334 cells
[final]   207.51s    wire 109 · round 5 backward · refine: found 1392 cells · long enough: 1736 of 590 cells
[final]   207.60s    wire 108 · round 5 backward · refine: found 1328 cells
[final]   207.69s    wire 107 · round 5 backward · refine: found 1387 cells
[final]   207.77s    wire 106 · round 5 backward · refine: found 1538 cells · long enough: 1826 of 590 cells
[final]   207.87s    wire 105 · round 5 backward · refine: found 1542 cells
[final]   207.96s    wire 104 · round 5 backward · refine: found 1609 cells
[final]   208.05s    wire 103 · round 5 backward · refine: found 1580 cells
[final]   208.14s    wire 102 · round 5 backward · refine: found 1645 cells
[final]   208.23s    wire 101 · round 5 backward · refine: found 1721 cells · long enough: 1978 of 591 cells
[final]   208.33s    wire 100 · round 5 backward · refine: found 1754 cells
[final]   208.42s    wire 99 · round 5 backward · refine: found 1836 cells · long enough: 2136 of 591 cells
[final]   208.53s    wire 98 · round 5 backward · refine: found 1773 cells
[final]   208.63s    wire 97 · round 5 backward · refine: found 1803 cells
[final]   208.76s    wire 96 · round 5 backward · refine: found 1922 cells · long enough: 2171 of 590 cells
[final]   208.88s    wire 95 · round 5 backward · refine: found 1995 cells
[final]   209.00s    wire 94 · round 5 backward · refine: found 2082 cells · long enough: 2324 of 591 cells
[final]   209.11s    wire 93 · round 5 backward · refine: found 2009 cells
[final]   209.17s    wire 92 · round 5 backward · refine: kept its way
[final]   209.22s    wire 91 · round 5 backward · refine: kept its way
[final]   209.32s    wire 90 · round 5 backward · refine: found 2208 cells
[final]   209.43s    wire 89 · round 5 backward · refine: found 2291 cells · long enough: 2428 of 591 cells
[final]   209.52s    wire 88 · round 5 backward · refine: found 2222 cells
[final]   209.64s    wire 87 · round 5 backward · refine: found 2261 cells
[final]   209.75s    wire 86 · round 5 backward · refine: found 2252 cells · long enough: 2308 of 591 cells
[final]   209.86s    wire 85 · round 5 backward · refine: found 2199 cells
[final]   209.98s    wire 84 · round 5 backward · refine: found 2213 cells
[final]   210.11s    wire 83 · round 5 backward · refine: found 2219 cells
[final]   210.22s    wire 82 · round 5 backward · refine: found 2120 cells
[final]   210.32s    wire 81 · round 5 backward · refine: found 1996 cells · long enough: 2015 of 591 cells
[final]   210.42s    wire 80 · round 5 backward · refine: found 1947 cells
[final]   210.53s    wire 79 · round 5 backward · refine: found 1965 cells
[final]   210.64s    wire 78 · round 5 backward · refine: found 1972 cells
[final]   210.75s    wire 77 · round 5 backward · refine: found 1881 cells
[final]   210.85s    wire 76 · round 5 backward · refine: found 1752 cells · long enough: 1823 of 591 cells
[final]   210.96s    wire 75 · round 5 backward · refine: found 1711 cells
[final]   211.07s    wire 74 · round 5 backward · refine: found 1725 cells
[final]   211.18s    wire 73 · round 5 backward · refine: found 1732 cells
[final]   211.30s    wire 72 · round 5 backward · refine: found 1637 cells
[final]   211.41s    wire 71 · round 5 backward · refine: found 1512 cells · long enough: 1727 of 591 cells
[final]   211.51s    wire 70 · round 5 backward · refine: found 1463 cells
[final]   211.61s    wire 69 · round 5 backward · refine: found 1481 cells
[final]   211.72s    wire 68 · round 5 backward · refine: found 1480 cells
[final]   211.82s    wire 67 · round 5 backward · refine: found 1424 cells
[final]   211.91s    wire 66 · round 5 backward · refine: found 1298 cells
[final]   211.99s    wire 65 · round 5 backward · refine: found 1285 cells · long enough: 1565 of 590 cells
[final]   212.07s    wire 64 · round 5 backward · refine: found 1225 cells
[final]   212.15s    wire 63 · round 5 backward · refine: found 1258 cells · long enough: 1591 of 590 cells
[final]   212.24s    wire 62 · round 5 backward · refine: found 1141 cells
[final]   212.33s    wire 61 · round 5 backward · refine: found 1001 cells
[final]   212.41s    wire 60 · round 5 backward · refine: found 1011 cells · long enough: 1328 of 590 cells
[final]   212.50s    wire 59 · round 5 backward · refine: found 977 cells
[final]   212.60s    wire 58 · round 5 backward · refine: found 1010 cells · long enough: 1320 of 590 cells
[final]   212.72s    wire 57 · round 5 backward · refine: found 961 cells
[final]   212.87s    wire 56 · round 5 backward · refine: found 1021 cells
[final]   212.99s    wire 55 · round 5 backward · refine: found 1032 cells · long enough: 1381 of 590 cells
[final]   213.11s    wire 54 · round 5 backward · refine: found 983 cells
[final]   213.25s    wire 53 · round 5 backward · refine: found 1142 cells
[final]   213.36s    wire 52 · round 5 backward · refine: found 1213 cells
[final]   213.48s    wire 51 · round 5 backward · refine: found 1229 cells
[final]   213.58s    wire 50 · round 5 backward · refine: found 1261 cells · long enough: 1516 of 591 cells
[final]   213.70s    wire 49 · round 5 backward · refine: found 1377 cells
[final]   213.79s    wire 48 · round 5 backward · refine: found 1451 cells
[final]   213.88s    wire 47 · round 5 backward · refine: found 1498 cells · long enough: 1742 of 590 cells
[final]   213.97s    wire 46 · round 5 backward · refine: found 1518 cells
[final]   214.06s    wire 45 · round 5 backward · refine: found 1504 cells · long enough: 1702 of 591 cells
[final]   214.17s    wire 44 · round 5 backward · refine: found 1640 cells
[final]   214.28s    wire 43 · round 5 backward · refine: found 1700 cells
[final]   214.39s    wire 42 · round 5 backward · refine: found 1780 cells · long enough: 1996 of 590 cells
[final]   214.49s    wire 41 · round 5 backward · refine: found 1802 cells
[final]   214.60s    wire 40 · round 5 backward · refine: found 1811 cells · long enough: 1965 of 591 cells
[final]   214.71s    wire 39 · round 5 backward · refine: found 1885 cells
[final]   214.82s    wire 38 · round 5 backward · refine: found 1948 cells
[final]   214.92s    wire 37 · round 5 backward · refine: found 2026 cells · long enough: 2126 of 590 cells
[final]   215.01s    wire 36 · round 5 backward · refine: found 2026 cells
[final]   215.11s    wire 35 · round 5 backward · refine: found 1996 cells · long enough: 2058 of 591 cells
[final]   215.21s    wire 34 · round 5 backward · refine: found 2117 cells
[final]   215.32s    wire 33 · round 5 backward · refine: found 2195 cells
[final]   215.42s    wire 32 · round 5 backward · refine: found 2238 cells · long enough: 2327 of 590 cells
[final]   215.53s    wire 31 · round 5 backward · refine: found 2232 cells
[final]   215.64s    wire 30 · round 5 backward · refine: found 2247 cells
[final]   215.77s    wire 29 · round 5 backward · refine: found 2244 cells · long enough: 2259 of 591 cells
[final]   215.90s    wire 28 · round 5 backward · refine: found 2195 cells
[final]   216.04s    wire 27 · round 5 backward · refine: found 2218 cells
[final]   216.18s    wire 26 · round 5 backward · refine: found 2231 cells
[final]   216.32s    wire 25 · round 5 backward · refine: found 2140 cells
[final]   216.46s    wire 24 · round 5 backward · refine: found 2118 cells
[final]   216.57s    wire 23 · round 5 backward · refine: found 2015 cells · long enough: 2084 of 591 cells
[final]   216.69s    wire 22 · round 5 backward · refine: found 1993 cells
[final]   216.81s    wire 21 · round 5 backward · refine: found 2033 cells · long enough: 2167 of 591 cells
[final]   216.94s    wire 20 · round 5 backward · refine: found 1915 cells
[final]   217.07s    wire 19 · round 5 backward · refine: found 1786 cells
[final]   217.18s    wire 18 · round 5 backward · refine: found 1798 cells · long enough: 1984 of 590 cells
[final]   217.29s    wire 17 · round 5 backward · refine: found 1761 cells
[final]   217.40s    wire 16 · round 5 backward · refine: found 1800 cells · long enough: 2023 of 591 cells
[final]   217.50s    wire 15 · round 5 backward · refine: found 1717 cells
[final]   217.61s    wire 14 · round 5 backward · refine: found 1578 cells
[final]   217.70s    wire 13 · round 5 backward · refine: found 1575 cells · long enough: 1788 of 590 cells
[final]   217.79s    wire 12 · round 5 backward · refine: found 1568 cells
[final]   217.88s    wire 11 · round 5 backward · refine: found 1627 cells · long enough: 1845 of 591 cells
[final]   217.97s    wire 10 · round 5 backward · refine: found 1515 cells
[final]   218.06s    wire 9 · round 5 backward · refine: found 1505 cells · long enough: 1732 of 590 cells
[final]   218.15s    wire 8 · round 5 backward · refine: found 1373 cells
[final]   218.25s    wire 7 · round 5 backward · refine: found 1318 cells
[final]   218.35s    wire 6 · round 5 backward · refine: found 1326 cells
[final]   218.46s    wire 5 · round 5 backward · refine: found 1273 cells
[final]   218.56s    wire 4 · round 5 backward · refine: found 1129 cells
[final]   218.66s    wire 3 · round 5 backward · refine: found 1124 cells · long enough: 1497 of 591 cells
[final]   218.77s    wire 2 · round 5 backward · refine: found 1132 cells
[final]   218.89s    wire 1 · round 5 backward · refine: found 1144 cells
[final]   219.01s    wire 0 · round 5 backward · refine: found 1191 cells · long enough: 1560 of 590 cells
[final]   219.06s  refinement round 5 backward: moved 224 of 230, 0 too close to another
[final]   219.18s    wire 0 · round 6 forward · refine: found 1191 cells · long enough: 1560 of 590 cells
[final]   219.30s    wire 1 · round 6 forward · refine: found 1152 cells
[final]   219.42s    wire 2 · round 6 forward · refine: found 1124 cells
[final]   219.53s    wire 3 · round 6 forward · refine: found 1132 cells · long enough: 1502 of 591 cells
[final]   219.64s    wire 4 · round 6 forward · refine: found 1137 cells
[final]   219.74s    wire 5 · round 6 forward · refine: found 1278 cells
[final]   219.83s    wire 6 · round 6 forward · refine: found 1330 cells
[final]   219.92s    wire 7 · round 6 forward · refine: found 1320 cells
[final]   220.01s    wire 8 · round 6 forward · refine: found 1373 cells
[final]   220.06s    wire 9 · round 6 forward · refine: kept its way
[final]   220.15s    wire 10 · round 6 forward · refine: found 1513 cells
[final]   220.24s    wire 11 · round 6 forward · refine: found 1623 cells · long enough: 1843 of 591 cells
[final]   220.32s    wire 12 · round 6 forward · refine: found 1562 cells
[final]   220.42s    wire 13 · round 6 forward · refine: found 1567 cells · long enough: 1783 of 590 cells
[final]   220.52s    wire 14 · round 6 forward · refine: found 1582 cells
[final]   220.63s    wire 15 · round 6 forward · refine: found 1714 cells
[final]   220.73s    wire 16 · round 6 forward · refine: found 1800 cells · long enough: 2021 of 591 cells
[final]   220.84s    wire 17 · round 6 forward · refine: found 1761 cells
[final]   220.96s    wire 18 · round 6 forward · refine: found 1794 cells · long enough: 1976 of 590 cells
[final]   221.08s    wire 19 · round 6 forward · refine: found 1786 cells
[final]   221.21s    wire 20 · round 6 forward · refine: found 1915 cells
[final]   221.33s    wire 21 · round 6 forward · refine: found 2033 cells · long enough: 2167 of 591 cells
[final]   221.44s    wire 22 · round 6 forward · refine: found 1993 cells
[final]   221.55s    wire 23 · round 6 forward · refine: found 2019 cells · long enough: 2085 of 591 cells
[final]   221.68s    wire 24 · round 6 forward · refine: found 2118 cells
[final]   221.81s    wire 25 · round 6 forward · refine: found 2140 cells
[final]   221.94s    wire 26 · round 6 forward · refine: found 2231 cells
[final]   222.07s    wire 27 · round 6 forward · refine: found 2218 cells
[final]   222.19s    wire 28 · round 6 forward · refine: found 2195 cells
[final]   222.31s    wire 29 · round 6 forward · refine: found 2244 cells · long enough: 2262 of 591 cells
[final]   222.42s    wire 30 · round 6 forward · refine: found 2243 cells
[final]   222.52s    wire 31 · round 6 forward · refine: found 2236 cells
[final]   222.62s    wire 32 · round 6 forward · refine: found 2234 cells · long enough: 2328 of 590 cells
[final]   222.72s    wire 33 · round 6 forward · refine: found 2195 cells
[final]   222.83s    wire 34 · round 6 forward · refine: found 2119 cells
[final]   222.92s    wire 35 · round 6 forward · refine: found 2000 cells · long enough: 2059 of 591 cells
[final]   223.01s    wire 36 · round 6 forward · refine: found 2028 cells
[final]   223.11s    wire 37 · round 6 forward · refine: found 2026 cells · long enough: 2128 of 590 cells
[final]   223.21s    wire 38 · round 6 forward · refine: found 1948 cells
[final]   223.32s    wire 39 · round 6 forward · refine: found 1887 cells
[final]   223.43s    wire 40 · round 6 forward · refine: found 1811 cells · long enough: 1966 of 591 cells
[final]   223.53s    wire 41 · round 6 forward · refine: found 1804 cells
[final]   223.64s    wire 42 · round 6 forward · refine: found 1780 cells · long enough: 1998 of 590 cells
[final]   223.74s    wire 43 · round 6 forward · refine: found 1700 cells
[final]   223.84s    wire 44 · round 6 forward · refine: found 1644 cells
[final]   223.92s    wire 45 · round 6 forward · refine: found 1508 cells · long enough: 1704 of 591 cells
[final]   224.01s    wire 46 · round 6 forward · refine: found 1512 cells
[final]   224.10s    wire 47 · round 6 forward · refine: found 1498 cells · long enough: 1744 of 590 cells
[final]   224.19s    wire 48 · round 6 forward · refine: found 1451 cells
[final]   224.29s    wire 49 · round 6 forward · refine: found 1383 cells
[final]   224.40s    wire 50 · round 6 forward · refine: found 1257 cells · long enough: 1503 of 591 cells
[final]   224.51s    wire 51 · round 6 forward · refine: found 1229 cells
[final]   224.62s    wire 52 · round 6 forward · refine: found 1213 cells
[final]   224.75s    wire 53 · round 6 forward · refine: found 1140 cells
[final]   224.86s    wire 54 · round 6 forward · refine: found 983 cells
[final]   224.97s    wire 55 · round 6 forward · refine: found 1034 cells · long enough: 1382 of 590 cells
[final]   225.11s    wire 56 · round 6 forward · refine: found 1025 cells
[final]   225.23s    wire 57 · round 6 forward · refine: found 961 cells
[final]   225.32s    wire 58 · round 6 forward · refine: found 1010 cells · long enough: 1324 of 590 cells
[final]   225.42s    wire 59 · round 6 forward · refine: found 977 cells
[final]   225.49s    wire 60 · round 6 forward · refine: found 1011 cells · long enough: 1328 of 590 cells
[final]   225.59s    wire 61 · round 6 forward · refine: found 979 cells
[final]   225.68s    wire 62 · round 6 forward · refine: found 1141 cells
[final]   225.77s    wire 63 · round 6 forward · refine: found 1258 cells · long enough: 1592 of 590 cells
[final]   225.85s    wire 64 · round 6 forward · refine: found 1225 cells
[final]   225.93s    wire 65 · round 6 forward · refine: found 1255 cells · long enough: 1549 of 590 cells
[final]   226.01s    wire 66 · round 6 forward · refine: found 1290 cells
[final]   226.10s    wire 67 · round 6 forward · refine: found 1406 cells
[final]   226.20s    wire 68 · round 6 forward · refine: found 1480 cells
[final]   226.29s    wire 69 · round 6 forward · refine: found 1481 cells
[final]   226.38s    wire 70 · round 6 forward · refine: found 1463 cells
[final]   226.49s    wire 71 · round 6 forward · refine: found 1508 cells · long enough: 1726 of 591 cells
[final]   226.59s    wire 72 · round 6 forward · refine: found 1637 cells
[final]   226.70s    wire 73 · round 6 forward · refine: found 1732 cells
[final]   226.81s    wire 74 · round 6 forward · refine: found 1729 cells
[final]   226.92s    wire 75 · round 6 forward · refine: found 1711 cells
[final]   227.01s    wire 76 · round 6 forward · refine: found 1752 cells · long enough: 1823 of 591 cells
[final]   227.11s    wire 77 · round 6 forward · refine: found 1881 cells
[final]   227.21s    wire 78 · round 6 forward · refine: found 1972 cells
[final]   227.32s    wire 79 · round 6 forward · refine: found 1965 cells
[final]   227.41s    wire 80 · round 6 forward · refine: found 1947 cells
[final]   227.51s    wire 81 · round 6 forward · refine: found 1996 cells · long enough: 2013 of 591 cells
[final]   227.61s    wire 82 · round 6 forward · refine: found 2120 cells
[final]   227.74s    wire 83 · round 6 forward · refine: found 2219 cells
[final]   227.86s    wire 84 · round 6 forward · refine: found 2213 cells
[final]   227.97s    wire 85 · round 6 forward · refine: found 2199 cells
[final]   228.08s    wire 86 · round 6 forward · refine: found 2252 cells · long enough: 2310 of 591 cells
[final]   228.19s    wire 87 · round 6 forward · refine: found 2261 cells
[final]   228.30s    wire 88 · round 6 forward · refine: found 2222 cells
[final]   228.41s    wire 89 · round 6 forward · refine: found 2291 cells · long enough: 2430 of 591 cells
[final]   228.52s    wire 90 · round 6 forward · refine: found 2204 cells
[final]   228.57s    wire 91 · round 6 forward · refine: kept its way
[final]   228.62s    wire 92 · round 6 forward · refine: kept its way
[final]   228.74s    wire 93 · round 6 forward · refine: found 2009 cells
[final]   228.86s    wire 94 · round 6 forward · refine: found 2082 cells · long enough: 2323 of 591 cells
[final]   228.99s    wire 95 · round 6 forward · refine: found 1991 cells
[final]   229.12s    wire 96 · round 6 forward · refine: found 1922 cells · long enough: 2173 of 590 cells
[final]   229.23s    wire 97 · round 6 forward · refine: found 1803 cells
[final]   229.34s    wire 98 · round 6 forward · refine: found 1773 cells
[final]   229.44s    wire 99 · round 6 forward · refine: found 1838 cells · long enough: 2134 of 591 cells
[final]   229.55s    wire 100 · round 6 forward · refine: found 1750 cells
[final]   229.64s    wire 101 · round 6 forward · refine: found 1695 cells · long enough: 1959 of 591 cells
[final]   229.74s    wire 102 · round 6 forward · refine: found 1624 cells
[final]   229.83s    wire 103 · round 6 forward · refine: found 1570 cells
[final]   229.93s    wire 104 · round 6 forward · refine: found 1587 cells
[final]   230.02s    wire 105 · round 6 forward · refine: found 1536 cells
[final]   230.10s    wire 106 · round 6 forward · refine: found 1517 cells · long enough: 1815 of 590 cells
[final]   230.19s    wire 107 · round 6 forward · refine: found 1390 cells
[final]   230.28s    wire 108 · round 6 forward · refine: found 1332 cells
[final]   230.37s    wire 109 · round 6 forward · refine: found 1400 cells · long enough: 1741 of 590 cells
[final]   230.47s    wire 110 · round 6 forward · refine: found 1335 cells
[final]   230.57s    wire 111 · round 6 forward · refine: found 1339 cells · long enough: 1659 of 590 cells
[final]   230.69s    wire 112 · round 6 forward · refine: found 1275 cells
[final]   230.80s    wire 113 · round 6 forward · refine: found 1123 cells
[final]   230.90s    wire 114 · round 6 forward · refine: found 1055 cells
[final]   231.00s    wire 115 · round 6 forward · refine: found 1216 cells · long enough: 1617 of 590 cells
[final]   231.15s    wire 116 · round 6 forward · refine: found 1296 cells
[final]   231.37s    wire 117 · round 6 forward · refine: found 1451 cells
[final]   231.53s    wire 118 · round 6 forward · refine: found 1542 cells · long enough: 1973 of 590 cells
[final]   231.69s    wire 119 · round 6 forward · refine: found 1532 cells
[final]   231.82s    wire 120 · round 6 forward · refine: found 1596 cells
[final]   231.94s    wire 121 · round 6 forward · refine: found 1607 cells
[final]   232.06s    wire 122 · round 6 forward · refine: found 1648 cells
[final]   232.17s    wire 123 · round 6 forward · refine: found 1747 cells · long enough: 2126 of 590 cells
[final]   232.28s    wire 124 · round 6 forward · refine: found 1763 cells
[final]   232.39s    wire 125 · round 6 forward · refine: found 1878 cells · long enough: 2283 of 590 cells
[final]   232.50s    wire 126 · round 6 forward · refine: found 1844 cells
[final]   232.61s    wire 127 · round 6 forward · refine: found 1885 cells · long enough: 2232 of 590 cells
[final]   232.72s    wire 128 · round 6 forward · refine: found 1854 cells
[final]   232.85s    wire 129 · round 6 forward · refine: found 2002 cells
[final]   232.97s    wire 130 · round 6 forward · refine: found 2089 cells
[final]   233.09s    wire 131 · round 6 forward · refine: found 2084 cells
[final]   233.23s    wire 132 · round 6 forward · refine: found 2105 cells · long enough: 2378 of 590 cells
[final]   233.36s    wire 133 · round 6 forward · refine: found 2061 cells
[final]   233.50s    wire 134 · round 6 forward · refine: found 2239 cells
[final]   233.63s    wire 135 · round 6 forward · refine: found 2326 cells
[final]   233.77s    wire 136 · round 6 forward · refine: found 2321 cells
[final]   233.90s    wire 137 · round 6 forward · refine: found 2335 cells · long enough: 2456 of 591 cells
[final]   234.03s    wire 138 · round 6 forward · refine: found 2294 cells
[final]   234.16s    wire 139 · round 6 forward · refine: found 2463 cells
[final]   234.28s    wire 140 · round 6 forward · refine: found 2555 cells
[final]   234.41s    wire 141 · round 6 forward · refine: found 2550 cells
[final]   234.52s    wire 142 · round 6 forward · refine: found 2580 cells
[final]   234.64s    wire 143 · round 6 forward · refine: found 2564 cells · long enough: 2594 of 591 cells
[final]   234.75s    wire 144 · round 6 forward · refine: found 2519 cells
[final]   234.87s    wire 145 · round 6 forward · refine: found 2528 cells
[final]   234.99s    wire 146 · round 6 forward · refine: found 2569 cells · long enough: 2606 of 590 cells
[final]   235.13s    wire 147 · round 6 forward · refine: found 2453 cells
[final]   235.28s    wire 148 · round 6 forward · refine: found 2324 cells · long enough: 2360 of 591 cells
[final]   235.42s    wire 149 · round 6 forward · refine: found 2283 cells
[final]   235.56s    wire 150 · round 6 forward · refine: found 2296 cells
[final]   235.70s    wire 151 · round 6 forward · refine: found 2292 cells
[final]   235.84s    wire 152 · round 6 forward · refine: found 2207 cells
[final]   235.99s    wire 153 · round 6 forward · refine: found 2193 cells · long enough: 2284 of 591 cells
[final]   236.13s    wire 154 · round 6 forward · refine: found 2047 cells
[final]   236.27s    wire 155 · round 6 forward · refine: found 2060 cells
[final]   236.40s    wire 156 · round 6 forward · refine: found 2052 cells
[final]   236.54s    wire 157 · round 6 forward · refine: found 1980 cells
[final]   236.69s    wire 158 · round 6 forward · refine: found 1994 cells · long enough: 2146 of 591 cells
[final]   236.82s    wire 159 · round 6 forward · refine: found 1814 cells
[final]   236.96s    wire 160 · round 6 forward · refine: found 1828 cells
[final]   237.10s    wire 161 · round 6 forward · refine: found 1877 cells · long enough: 2111 of 590 cells
[final]   237.24s    wire 162 · round 6 forward · refine: found 1856 cells
[final]   237.37s    wire 163 · round 6 forward · refine: found 1660 cells
[final]   237.48s    wire 164 · round 6 forward · refine: found 1611 cells · long enough: 1858 of 590 cells
[final]   237.59s    wire 165 · round 6 forward · refine: found 1576 cells
[final]   237.70s    wire 166 · round 6 forward · refine: found 1642 cells · long enough: 1885 of 590 cells
[final]   237.81s    wire 167 · round 6 forward · refine: found 1535 cells
[final]   237.91s    wire 168 · round 6 forward · refine: found 1450 cells · long enough: 1693 of 591 cells
[final]   238.03s    wire 169 · round 6 forward · refine: found 1388 cells
[final]   238.18s    wire 170 · round 6 forward · refine: found 1386 cells
[final]   238.39s    wire 171 · round 6 forward · refine: found 1429 cells · long enough: 1758 of 590 cells
[final]   238.69s    wire 172 · round 6 forward · refine: found 1639 cells
[final]   238.89s    wire 173 · round 6 forward · refine: found 1464 cells
[final]   239.04s    wire 174 · round 6 forward · refine: found 1386 cells
[final]   239.17s    wire 175 · round 6 forward · refine: found 1423 cells · long enough: 1780 of 591 cells
[final]   239.31s    wire 176 · round 6 forward · refine: found 1543 cells
[final]   239.43s    wire 177 · round 6 forward · refine: found 1575 cells
[final]   239.56s    wire 178 · round 6 forward · refine: found 1582 cells
[final]   239.68s    wire 179 · round 6 forward · refine: found 1648 cells
[final]   239.81s    wire 180 · round 6 forward · refine: found 1768 cells · long enough: 2015 of 591 cells
[final]   239.91s    wire 181 · round 6 forward · refine: found 1794 cells
[final]   240.01s    wire 182 · round 6 forward · refine: found 1826 cells
[final]   240.10s    wire 183 · round 6 forward · refine: found 1820 cells
[final]   240.16s    wire 184 · round 6 forward · refine: kept its way
[final]   240.21s    wire 185 · round 6 forward · refine: kept its way
[final]   240.33s    wire 186 · round 6 forward · refine: found 2069 cells
[final]   240.43s    wire 187 · round 6 forward · refine: found 2093 cells · long enough: 2292 of 590 cells
[final]   240.54s    wire 188 · round 6 forward · refine: found 2064 cells
[final]   240.64s    wire 189 · round 6 forward · refine: found 2103 cells · long enough: 2265 of 590 cells
[final]   240.76s    wire 190 · round 6 forward · refine: found 2264 cells
[final]   240.88s    wire 191 · round 6 forward · refine: found 2307 cells
[final]   241.00s    wire 192 · round 6 forward · refine: found 2333 cells · long enough: 2521 of 590 cells
[final]   241.12s    wire 193 · round 6 forward · refine: found 2349 cells
[final]   241.26s    wire 194 · round 6 forward · refine: found 2343 cells
[final]   241.41s    wire 195 · round 6 forward · refine: found 2339 cells · long enough: 2441 of 590 cells
[final]   241.56s    wire 196 · round 6 forward · refine: found 2458 cells
[final]   241.71s    wire 197 · round 6 forward · refine: found 2520 cells
[final]   241.85s    wire 198 · round 6 forward · refine: found 2583 cells
[final]   241.98s    wire 199 · round 6 forward · refine: found 2570 cells
[final]   242.10s    wire 200 · round 6 forward · refine: found 2535 cells
[final]   242.23s    wire 201 · round 6 forward · refine: found 2625 cells · long enough: 2708 of 591 cells
[final]   242.36s    wire 202 · round 6 forward · refine: found 2604 cells
[final]   242.46s    wire 203 · round 6 forward · refine: found 2591 cells
[final]   242.56s    wire 204 · round 6 forward · refine: found 2610 cells · long enough: 2741 of 580 cells
[final]   242.65s    wire 205 · round 6 forward · refine: found 2585 cells · long enough: 2741 of 590 cells
[final]   242.74s    wire 206 · round 6 forward · refine: found 2472 cells
[final]   242.85s    wire 207 · round 6 forward · refine: found 2486 cells · long enough: 2608 of 590 cells
[final]   242.95s    wire 208 · round 6 forward · refine: found 2360 cells
[final]   243.05s    wire 209 · round 6 forward · refine: found 2313 cells
[final]   243.16s    wire 210 · round 6 forward · refine: found 2314 cells
[final]   243.28s    wire 211 · round 6 forward · refine: found 2248 cells
[final]   243.42s    wire 212 · round 6 forward · refine: found 2219 cells · long enough: 2443 of 590 cells
[final]   243.57s    wire 213 · round 6 forward · refine: found 2111 cells
[final]   243.71s    wire 214 · round 6 forward · refine: found 2076 cells
[final]   243.84s    wire 215 · round 6 forward · refine: found 2077 cells
[final]   243.98s    wire 216 · round 6 forward · refine: found 1998 cells
[final]   244.11s    wire 217 · round 6 forward · refine: found 1848 cells
[final]   244.26s    wire 218 · round 6 forward · refine: found 1869 cells · long enough: 2221 of 590 cells
[final]   244.39s    wire 219 · round 6 forward · refine: found 1844 cells
[final]   244.52s    wire 220 · round 6 forward · refine: found 1844 cells
[final]   244.65s    wire 221 · round 6 forward · refine: found 1757 cells
[final]   244.77s    wire 222 · round 6 forward · refine: found 1603 cells
[final]   244.88s    wire 223 · round 6 forward · refine: found 1632 cells · long enough: 2048 of 590 cells
[final]   245.02s    wire 224 · round 6 forward · refine: found 1603 cells
[final]   245.18s    wire 225 · round 6 forward · refine: found 1642 cells · long enough: 2109 of 591 cells
[final]   245.34s    wire 226 · round 6 forward · refine: found 1524 cells
[final]   245.58s    wire 227 · round 6 forward · refine: found 1408 cells
[final]   245.71s    wire 228 · round 6 forward · refine: found 1243 cells · long enough: 1715 of 591 cells
[final]   245.90s    wire 229 · round 6 forward · refine: found 1232 cells
[final]   245.95s  refinement round 6 forward : moved 225 of 230, 0 too close to another
[final]   246.13s    wire 229 · round 7 backward · refine: found 1232 cells
[final]   246.26s    wire 228 · round 7 backward · refine: found 1243 cells · long enough: 1715 of 591 cells
[final]   246.49s    wire 227 · round 7 backward · refine: found 1408 cells
[final]   246.65s    wire 226 · round 7 backward · refine: found 1524 cells
[final]   246.81s    wire 225 · round 7 backward · refine: found 1642 cells · long enough: 2111 of 591 cells
[final]   246.95s    wire 224 · round 7 backward · refine: found 1603 cells
[final]   247.08s    wire 223 · round 7 backward · refine: found 1632 cells · long enough: 2050 of 590 cells
[final]   247.21s    wire 222 · round 7 backward · refine: found 1610 cells
[final]   247.34s    wire 221 · round 7 backward · refine: found 1757 cells
[final]   247.47s    wire 220 · round 7 backward · refine: found 1844 cells
[final]   247.60s    wire 219 · round 7 backward · refine: found 1844 cells
[final]   247.74s    wire 218 · round 7 backward · refine: found 1891 cells · long enough: 2237 of 590 cells
[final]   247.87s    wire 217 · round 7 backward · refine: found 1844 cells
[final]   248.01s    wire 216 · round 7 backward · refine: found 1994 cells
[final]   248.13s    wire 215 · round 7 backward · refine: found 2077 cells
[final]   248.26s    wire 214 · round 7 backward · refine: found 2076 cells
[final]   248.41s    wire 213 · round 7 backward · refine: found 2111 cells
[final]   248.55s    wire 212 · round 7 backward · refine: found 2223 cells · long enough: 2444 of 590 cells
[final]   248.68s    wire 211 · round 7 backward · refine: found 2252 cells
[final]   248.80s    wire 210 · round 7 backward · refine: found 2314 cells
[final]   248.92s    wire 209 · round 7 backward · refine: found 2313 cells
[final]   249.02s    wire 208 · round 7 backward · refine: found 2356 cells
[final]   249.13s    wire 207 · round 7 backward · refine: found 2481 cells · long enough: 2607 of 590 cells
[final]   249.23s    wire 206 · round 7 backward · refine: found 2472 cells
[final]   249.33s    wire 205 · round 7 backward · refine: found 2585 cells · long enough: 2741 of 590 cells
[final]   249.42s    wire 204 · round 7 backward · refine: found 2610 cells · long enough: 2744 of 580 cells
[final]   249.53s    wire 203 · round 7 backward · refine: found 2596 cells
[final]   249.63s    wire 202 · round 7 backward · refine: found 2605 cells
[final]   249.75s    wire 201 · round 7 backward · refine: found 2630 cells · long enough: 2714 of 591 cells
[final]   249.87s    wire 200 · round 7 backward · refine: found 2535 cells
[final]   250.01s    wire 199 · round 7 backward · refine: found 2569 cells
[final]   250.15s    wire 198 · round 7 backward · refine: found 2583 cells
[final]   250.30s    wire 197 · round 7 backward · refine: found 2520 cells
[final]   250.47s    wire 196 · round 7 backward · refine: found 2460 cells
[final]   250.62s    wire 195 · round 7 backward · refine: found 2339 cells · long enough: 2442 of 590 cells
[final]   250.77s    wire 194 · round 7 backward · refine: found 2343 cells
[final]   250.92s    wire 193 · round 7 backward · refine: found 2343 cells
[final]   251.05s    wire 192 · round 7 backward · refine: found 2329 cells · long enough: 2518 of 590 cells
[final]   251.18s    wire 191 · round 7 backward · refine: found 2288 cells
[final]   251.32s    wire 190 · round 7 backward · refine: found 2270 cells
[final]   251.42s    wire 189 · round 7 backward · refine: found 2091 cells · long enough: 2260 of 590 cells
[final]   251.53s    wire 188 · round 7 backward · refine: found 2060 cells
[final]   251.63s    wire 187 · round 7 backward · refine: found 2085 cells · long enough: 2287 of 590 cells
[final]   251.74s    wire 186 · round 7 backward · refine: found 2073 cells
[final]   251.80s    wire 185 · round 7 backward · refine: kept its way
[final]   251.85s    wire 184 · round 7 backward · refine: kept its way
[final]   251.95s    wire 183 · round 7 backward · refine: found 1820 cells
[final]   252.04s    wire 182 · round 7 backward · refine: found 1824 cells
[final]   252.15s    wire 181 · round 7 backward · refine: found 1791 cells
[final]   252.27s    wire 180 · round 7 backward · refine: found 1770 cells · long enough: 2016 of 591 cells
[final]   252.39s    wire 179 · round 7 backward · refine: found 1651 cells
[final]   252.51s    wire 178 · round 7 backward · refine: found 1582 cells
[final]   252.64s    wire 177 · round 7 backward · refine: found 1578 cells
[final]   252.77s    wire 176 · round 7 backward · refine: found 1539 cells
[final]   252.90s    wire 175 · round 7 backward · refine: found 1433 cells · long enough: 1785 of 591 cells
[final]   253.05s    wire 174 · round 7 backward · refine: found 1383 cells
[final]   253.24s    wire 173 · round 7 backward · refine: found 1462 cells
[final]   253.54s    wire 172 · round 7 backward · refine: found 1614 cells
[final]   253.72s    wire 171 · round 7 backward · refine: found 1427 cells · long enough: 1757 of 590 cells
[final]   253.85s    wire 170 · round 7 backward · refine: found 1390 cells
[final]   253.97s    wire 169 · round 7 backward · refine: found 1392 cells
[final]   254.07s    wire 168 · round 7 backward · refine: found 1455 cells · long enough: 1698 of 591 cells
[final]   254.18s    wire 167 · round 7 backward · refine: found 1537 cells
[final]   254.29s    wire 166 · round 7 backward · refine: found 1638 cells · long enough: 1883 of 590 cells
[final]   254.39s    wire 165 · round 7 backward · refine: found 1572 cells
[final]   254.50s    wire 164 · round 7 backward · refine: found 1611 cells · long enough: 1858 of 590 cells
[final]   254.63s    wire 163 · round 7 backward · refine: found 1664 cells
[final]   254.77s    wire 162 · round 7 backward · refine: found 1856 cells
[final]   254.90s    wire 161 · round 7 backward · refine: found 1877 cells · long enough: 2111 of 590 cells
[final]   255.04s    wire 160 · round 7 backward · refine: found 1828 cells
[final]   255.18s    wire 159 · round 7 backward · refine: found 1814 cells
[final]   255.24s    wire 158 · round 7 backward · refine: kept its way
[final]   255.39s    wire 157 · round 7 backward · refine: found 1992 cells
[final]   255.53s    wire 156 · round 7 backward · refine: found 2056 cells
[final]   255.68s    wire 155 · round 7 backward · refine: found 2060 cells
[final]   255.82s    wire 154 · round 7 backward · refine: found 2047 cells
[final]   255.97s    wire 153 · round 7 backward · refine: found 2193 cells · long enough: 2284 of 591 cells
[final]   256.11s    wire 152 · round 7 backward · refine: found 2207 cells
[final]   256.25s    wire 151 · round 7 backward · refine: found 2292 cells
[final]   256.39s    wire 150 · round 7 backward · refine: found 2296 cells
[final]   256.54s    wire 149 · round 7 backward · refine: found 2287 cells
[final]   256.68s    wire 148 · round 7 backward · refine: found 2328 cells · long enough: 2361 of 591 cells
[final]   256.82s    wire 147 · round 7 backward · refine: found 2453 cells
[final]   256.95s    wire 146 · round 7 backward · refine: found 2569 cells · long enough: 2606 of 590 cells
[final]   257.09s    wire 145 · round 7 backward · refine: found 2532 cells
[final]   257.21s    wire 144 · round 7 backward · refine: found 2519 cells
[final]   257.32s    wire 143 · round 7 backward · refine: found 2564 cells · long enough: 2594 of 591 cells
[final]   257.44s    wire 142 · round 7 backward · refine: found 2580 cells
[final]   257.57s    wire 141 · round 7 backward · refine: found 2550 cells
[final]   257.71s    wire 140 · round 7 backward · refine: found 2555 cells
[final]   257.84s    wire 139 · round 7 backward · refine: found 2463 cells
[final]   257.97s    wire 138 · round 7 backward · refine: found 2294 cells
[final]   258.13s    wire 137 · round 7 backward · refine: found 2335 cells · long enough: 2457 of 591 cells
[final]   258.26s    wire 136 · round 7 backward · refine: found 2321 cells
[final]   258.40s    wire 135 · round 7 backward · refine: found 2326 cells
[final]   258.54s    wire 134 · round 7 backward · refine: found 2239 cells
[final]   258.67s    wire 133 · round 7 backward · refine: found 2061 cells
[final]   258.81s    wire 132 · round 7 backward · refine: found 2105 cells · long enough: 2379 of 590 cells
[final]   258.94s    wire 131 · round 7 backward · refine: found 2084 cells
[final]   259.07s    wire 130 · round 7 backward · refine: found 2089 cells
[final]   259.19s    wire 129 · round 7 backward · refine: found 1998 cells
[final]   259.31s    wire 128 · round 7 backward · refine: found 1841 cells
[final]   259.43s    wire 127 · round 7 backward · refine: found 1881 cells · long enough: 2229 of 590 cells
[final]   259.54s    wire 126 · round 7 backward · refine: found 1844 cells
[final]   259.66s    wire 125 · round 7 backward · refine: found 1878 cells · long enough: 2285 of 590 cells
[final]   259.76s    wire 124 · round 7 backward · refine: found 1763 cells
[final]   259.88s    wire 123 · round 7 backward · refine: found 1747 cells · long enough: 2129 of 590 cells
[final]   259.99s    wire 122 · round 7 backward · refine: found 1639 cells
[final]   260.11s    wire 121 · round 7 backward · refine: found 1607 cells
[final]   260.24s    wire 120 · round 7 backward · refine: found 1592 cells
[final]   260.44s    wire 119 · round 7 backward · refine: found 1544 cells
[final]   260.61s    wire 118 · round 7 backward · refine: found 1550 cells · long enough: 1976 of 590 cells
[final]   260.84s    wire 117 · round 7 backward · refine: found 1452 cells
[final]   260.99s    wire 116 · round 7 backward · refine: found 1294 cells
[final]   261.09s    wire 115 · round 7 backward · refine: found 1216 cells · long enough: 1617 of 590 cells
[final]   261.20s    wire 114 · round 7 backward · refine: found 1059 cells
[final]   261.30s    wire 113 · round 7 backward · refine: found 1128 cells
[final]   261.43s    wire 112 · round 7 backward · refine: found 1281 cells
[final]   261.55s    wire 111 · round 7 backward · refine: found 1346 cells · long enough: 1663 of 590 cells
[final]   261.66s    wire 110 · round 7 backward · refine: found 1341 cells
[final]   261.76s    wire 109 · round 7 backward · refine: found 1405 cells · long enough: 1744 of 590 cells
[final]   261.85s    wire 108 · round 7 backward · refine: found 1337 cells
[final]   261.94s    wire 107 · round 7 backward · refine: found 1393 cells
[final]   262.02s    wire 106 · round 7 backward · refine: kept its way
[final]   262.11s    wire 105 · round 7 backward · refine: found 1536 cells
[final]   262.20s    wire 104 · round 7 backward · refine: found 1583 cells
[final]   262.29s    wire 103 · round 7 backward · refine: found 1558 cells
[final]   262.38s    wire 102 · round 7 backward · refine: found 1587 cells
[final]   262.48s    wire 101 · round 7 backward · refine: found 1691 cells · long enough: 1957 of 591 cells
[final]   262.57s    wire 100 · round 7 backward · refine: found 1750 cells
[final]   262.67s    wire 99 · round 7 backward · refine: found 1838 cells · long enough: 2131 of 591 cells
[final]   262.77s    wire 98 · round 7 backward · refine: found 1773 cells
[final]   262.88s    wire 97 · round 7 backward · refine: found 1803 cells
[final]   263.00s    wire 96 · round 7 backward · refine: kept its way
[final]   263.12s    wire 95 · round 7 backward · refine: found 1991 cells
[final]   263.24s    wire 94 · round 7 backward · refine: found 2080 cells · long enough: 2320 of 591 cells
[final]   263.35s    wire 93 · round 7 backward · refine: found 2009 cells
[final]   263.40s    wire 92 · round 7 backward · refine: kept its way
[final]   263.45s    wire 91 · round 7 backward · refine: kept its way
[final]   263.56s    wire 90 · round 7 backward · refine: found 2204 cells
[final]   263.67s    wire 89 · round 7 backward · refine: found 2291 cells · long enough: 2431 of 591 cells
[final]   263.77s    wire 88 · round 7 backward · refine: found 2222 cells
[final]   263.87s    wire 87 · round 7 backward · refine: found 2261 cells
[final]   263.98s    wire 86 · round 7 backward · refine: found 2248 cells · long enough: 2303 of 591 cells
[final]   264.09s    wire 85 · round 7 backward · refine: found 2199 cells
[final]   264.20s    wire 84 · round 7 backward · refine: found 2213 cells
[final]   264.33s    wire 83 · round 7 backward · refine: found 2223 cells
[final]   264.43s    wire 82 · round 7 backward · refine: found 2120 cells
[final]   264.53s    wire 81 · round 7 backward · refine: found 1996 cells · long enough: 2014 of 591 cells
[final]   264.63s    wire 80 · round 7 backward · refine: found 1947 cells
[final]   264.74s    wire 79 · round 7 backward · refine: found 1965 cells
[final]   264.85s    wire 78 · round 7 backward · refine: found 1968 cells
[final]   264.96s    wire 77 · round 7 backward · refine: found 1880 cells
[final]   265.06s    wire 76 · round 7 backward · refine: found 1752 cells · long enough: 1824 of 591 cells
[final]   265.17s    wire 75 · round 7 backward · refine: found 1711 cells
[final]   265.29s    wire 74 · round 7 backward · refine: found 1725 cells
[final]   265.40s    wire 73 · round 7 backward · refine: found 1732 cells
[final]   265.51s    wire 72 · round 7 backward · refine: found 1637 cells
[final]   265.62s    wire 71 · round 7 backward · refine: found 1508 cells · long enough: 1727 of 591 cells
[final]   265.72s    wire 70 · round 7 backward · refine: found 1463 cells
[final]   265.82s    wire 69 · round 7 backward · refine: found 1481 cells
[final]   265.93s    wire 68 · round 7 backward · refine: found 1480 cells
[final]   266.03s    wire 67 · round 7 backward · refine: found 1406 cells
[final]   266.12s    wire 66 · round 7 backward · refine: found 1285 cells
[final]   266.20s    wire 65 · round 7 backward · refine: found 1251 cells · long enough: 1547 of 590 cells
[final]   266.28s    wire 64 · round 7 backward · refine: found 1225 cells
[final]   266.37s    wire 63 · round 7 backward · refine: found 1258 cells · long enough: 1593 of 590 cells
[final]   266.47s    wire 62 · round 7 backward · refine: found 1140 cells
[final]   266.57s    wire 61 · round 7 backward · refine: found 1002 cells
[final]   266.65s    wire 60 · round 7 backward · refine: found 1011 cells · long enough: 1328 of 590 cells
[final]   266.74s    wire 59 · round 7 backward · refine: found 977 cells
[final]   266.84s    wire 58 · round 7 backward · refine: found 1010 cells · long enough: 1325 of 590 cells
[final]   266.97s    wire 57 · round 7 backward · refine: found 961 cells
[final]   267.11s    wire 56 · round 7 backward · refine: found 1021 cells
[final]   267.23s    wire 55 · round 7 backward · refine: found 1034 cells · long enough: 1382 of 590 cells
[final]   267.34s    wire 54 · round 7 backward · refine: found 983 cells
[final]   267.47s    wire 53 · round 7 backward · refine: found 1140 cells
[final]   267.60s    wire 52 · round 7 backward · refine: found 1213 cells
[final]   267.71s    wire 51 · round 7 backward · refine: found 1229 cells
[final]   267.83s    wire 50 · round 7 backward · refine: found 1257 cells · long enough: 1503 of 591 cells
[final]   267.93s    wire 49 · round 7 backward · refine: found 1383 cells
[final]   268.03s    wire 48 · round 7 backward · refine: found 1451 cells
[final]   268.11s    wire 47 · round 7 backward · refine: found 1498 cells · long enough: 1745 of 590 cells
[final]   268.20s    wire 46 · round 7 backward · refine: found 1512 cells
[final]   268.29s    wire 45 · round 7 backward · refine: found 1504 cells · long enough: 1703 of 591 cells
[final]   268.39s    wire 44 · round 7 backward · refine: found 1644 cells
[final]   268.49s    wire 43 · round 7 backward · refine: found 1700 cells
[final]   268.60s    wire 42 · round 7 backward · refine: found 1780 cells · long enough: 1999 of 590 cells
[final]   268.70s    wire 41 · round 7 backward · refine: found 1805 cells
[final]   268.81s    wire 40 · round 7 backward · refine: found 1820 cells · long enough: 1974 of 591 cells
[final]   268.92s    wire 39 · round 7 backward · refine: found 1887 cells
[final]   269.03s    wire 38 · round 7 backward · refine: found 1948 cells
[final]   269.13s    wire 37 · round 7 backward · refine: found 2026 cells · long enough: 2130 of 590 cells
[final]   269.22s    wire 36 · round 7 backward · refine: found 2028 cells
[final]   269.31s    wire 35 · round 7 backward · refine: found 2000 cells · long enough: 2061 of 591 cells
[final]   269.43s    wire 34 · round 7 backward · refine: found 2119 cells
[final]   269.53s    wire 33 · round 7 backward · refine: found 2195 cells
[final]   269.63s    wire 32 · round 7 backward · refine: found 2238 cells · long enough: 2331 of 590 cells
[final]   269.74s    wire 31 · round 7 backward · refine: found 2236 cells
[final]   269.84s    wire 30 · round 7 backward · refine: found 2243 cells
[final]   269.96s    wire 29 · round 7 backward · refine: found 2244 cells · long enough: 2263 of 591 cells
[final]   270.09s    wire 28 · round 7 backward · refine: found 2195 cells
[final]   270.23s    wire 27 · round 7 backward · refine: found 2222 cells
[final]   270.37s    wire 26 · round 7 backward · refine: found 2231 cells
[final]   270.51s    wire 25 · round 7 backward · refine: found 2140 cells
[final]   270.66s    wire 24 · round 7 backward · refine: found 2118 cells
[final]   270.78s    wire 23 · round 7 backward · refine: found 2015 cells · long enough: 2084 of 591 cells
[final]   270.90s    wire 22 · round 7 backward · refine: found 1989 cells
[final]   271.04s    wire 21 · round 7 backward · refine: found 2033 cells · long enough: 2167 of 591 cells
[final]   271.17s    wire 20 · round 7 backward · refine: found 1915 cells
[final]   271.31s    wire 19 · round 7 backward · refine: found 1779 cells
[final]   271.43s    wire 18 · round 7 backward · refine: found 1790 cells · long enough: 1964 of 590 cells
[final]   271.55s    wire 17 · round 7 backward · refine: found 1761 cells
[final]   271.65s    wire 16 · round 7 backward · refine: found 1796 cells · long enough: 2019 of 591 cells
[final]   271.77s    wire 15 · round 7 backward · refine: found 1713 cells
[final]   271.88s    wire 14 · round 7 backward · refine: found 1578 cells
[final]   271.98s    wire 13 · round 7 backward · refine: found 1571 cells · long enough: 1784 of 590 cells
[final]   272.07s    wire 12 · round 7 backward · refine: found 1562 cells
[final]   272.17s    wire 11 · round 7 backward · refine: found 1619 cells · long enough: 1842 of 591 cells
[final]   272.26s    wire 10 · round 7 backward · refine: found 1518 cells
[final]   272.31s    wire 9 · round 7 backward · refine: kept its way
[final]   272.40s    wire 8 · round 7 backward · refine: found 1373 cells
[final]   272.50s    wire 7 · round 7 backward · refine: found 1320 cells
[final]   272.59s    wire 6 · round 7 backward · refine: found 1332 cells
[final]   272.70s    wire 5 · round 7 backward · refine: found 1283 cells
[final]   272.81s    wire 4 · round 7 backward · refine: found 1140 cells
[final]   272.92s    wire 3 · round 7 backward · refine: found 1133 cells · long enough: 1503 of 591 cells
[final]   273.03s    wire 2 · round 7 backward · refine: found 1132 cells
[final]   273.15s    wire 1 · round 7 backward · refine: found 1153 cells
[final]   273.26s    wire 0 · round 7 backward · refine: found 1194 cells · long enough: 1562 of 590 cells
[final]   273.32s  refinement round 7 backward: moved 222 of 230, 0 too close to another
[final]   273.43s    wire 0 · round 8 forward · refine: found 1194 cells · long enough: 1562 of 590 cells
[final]   273.56s    wire 1 · round 8 forward · refine: found 1159 cells
[final]   273.67s    wire 2 · round 8 forward · refine: found 1134 cells
[final]   273.78s    wire 3 · round 8 forward · refine: found 1140 cells · long enough: 1507 of 591 cells
[final]   273.89s    wire 4 · round 8 forward · refine: found 1145 cells
[final]   274.00s    wire 5 · round 8 forward · refine: found 1284 cells
[final]   274.10s    wire 6 · round 8 forward · refine: found 1336 cells
[final]   274.19s    wire 7 · round 8 forward · refine: found 1326 cells
[final]   274.28s    wire 8 · round 8 forward · refine: found 1377 cells
[final]   274.33s    wire 9 · round 8 forward · refine: kept its way
[final]   274.42s    wire 10 · round 8 forward · refine: found 1518 cells
[final]   274.51s    wire 11 · round 8 forward · refine: found 1617 cells · long enough: 1841 of 591 cells
[final]   274.59s    wire 12 · round 8 forward · refine: found 1560 cells
[final]   274.68s    wire 13 · round 8 forward · refine: found 1573 cells · long enough: 1784 of 590 cells
[final]   274.79s    wire 14 · round 8 forward · refine: found 1578 cells
[final]   274.90s    wire 15 · round 8 forward · refine: found 1712 cells
[final]   275.00s    wire 16 · round 8 forward · refine: found 1800 cells · long enough: 2017 of 591 cells
[final]   275.10s    wire 17 · round 8 forward · refine: found 1761 cells
[final]   275.21s    wire 18 · round 8 forward · refine: found 1794 cells · long enough: 1973 of 590 cells
[final]   275.33s    wire 19 · round 8 forward · refine: found 1781 cells
[final]   275.45s    wire 20 · round 8 forward · refine: found 1915 cells
[final]   275.57s    wire 21 · round 8 forward · refine: found 2037 cells · long enough: 2168 of 591 cells
[final]   275.68s    wire 22 · round 8 forward · refine: found 1989 cells
[final]   275.80s    wire 23 · round 8 forward · refine: found 2015 cells · long enough: 2084 of 591 cells
[final]   275.94s    wire 24 · round 8 forward · refine: found 2118 cells
[final]   276.07s    wire 25 · round 8 forward · refine: found 2140 cells
[final]   276.21s    wire 26 · round 8 forward · refine: found 2231 cells
[final]   276.34s    wire 27 · round 8 forward · refine: found 2222 cells
[final]   276.48s    wire 28 · round 8 forward · refine: found 2195 cells
[final]   276.61s    wire 29 · round 8 forward · refine: found 2244 cells · long enough: 2265 of 591 cells
[final]   276.73s    wire 30 · round 8 forward · refine: found 2243 cells
[final]   276.84s    wire 31 · round 8 forward · refine: found 2236 cells
[final]   276.94s    wire 32 · round 8 forward · refine: found 2234 cells · long enough: 2331 of 590 cells
[final]   277.05s    wire 33 · round 8 forward · refine: found 2195 cells
[final]   277.16s    wire 34 · round 8 forward · refine: found 2130 cells
[final]   277.25s    wire 35 · round 8 forward · refine: found 2000 cells · long enough: 2061 of 591 cells
[final]   277.35s    wire 36 · round 8 forward · refine: found 2028 cells
[final]   277.44s    wire 37 · round 8 forward · refine: found 2026 cells · long enough: 2131 of 590 cells
[final]   277.55s    wire 38 · round 8 forward · refine: found 1948 cells
[final]   277.67s    wire 39 · round 8 forward · refine: found 1892 cells
[final]   277.78s    wire 40 · round 8 forward · refine: found 1820 cells · long enough: 1974 of 591 cells
[final]   277.90s    wire 41 · round 8 forward · refine: found 1806 cells
[final]   278.01s    wire 42 · round 8 forward · refine: found 1781 cells · long enough: 2001 of 590 cells
[final]   278.11s    wire 43 · round 8 forward · refine: found 1696 cells
[final]   278.21s    wire 44 · round 8 forward · refine: found 1645 cells
[final]   278.30s    wire 45 · round 8 forward · refine: found 1508 cells · long enough: 1706 of 591 cells
[final]   278.39s    wire 46 · round 8 forward · refine: found 1510 cells
[final]   278.47s    wire 47 · round 8 forward · refine: found 1498 cells · long enough: 1746 of 590 cells
[final]   278.57s    wire 48 · round 8 forward · refine: found 1451 cells
[final]   278.68s    wire 49 · round 8 forward · refine: found 1381 cells
[final]   278.80s    wire 50 · round 8 forward · refine: found 1260 cells · long enough: 1502 of 591 cells
[final]   278.91s    wire 51 · round 8 forward · refine: found 1229 cells
[final]   279.03s    wire 52 · round 8 forward · refine: found 1213 cells
[final]   279.16s    wire 53 · round 8 forward · refine: found 1142 cells
[final]   279.29s    wire 54 · round 8 forward · refine: found 1007 cells
[final]   279.42s    wire 55 · round 8 forward · refine: found 1033 cells · long enough: 1382 of 590 cells
[final]   279.59s    wire 56 · round 8 forward · refine: found 1020 cells
[final]   279.75s    wire 57 · round 8 forward · refine: found 961 cells
[final]   279.86s    wire 58 · round 8 forward · refine: found 1006 cells · long enough: 1325 of 590 cells
[final]   279.96s    wire 59 · round 8 forward · refine: found 977 cells
[final]   280.05s    wire 60 · round 8 forward · refine: found 1011 cells · long enough: 1328 of 590 cells
[final]   280.16s    wire 61 · round 8 forward · refine: found 978 cells
[final]   280.28s    wire 62 · round 8 forward · refine: found 1136 cells
[final]   280.40s    wire 63 · round 8 forward · refine: found 1254 cells · long enough: 1592 of 590 cells
[final]   280.49s    wire 64 · round 8 forward · refine: found 1225 cells
[final]   280.57s    wire 65 · round 8 forward · refine: found 1255 cells · long enough: 1549 of 590 cells
[final]   280.66s    wire 66 · round 8 forward · refine: found 1283 cells
[final]   280.76s    wire 67 · round 8 forward · refine: found 1407 cells
[final]   280.86s    wire 68 · round 8 forward · refine: found 1480 cells
[final]   280.97s    wire 69 · round 8 forward · refine: found 1477 cells
[final]   281.07s    wire 70 · round 8 forward · refine: found 1463 cells
[final]   281.19s    wire 71 · round 8 forward · refine: found 1508 cells · long enough: 1727 of 591 cells
[final]   281.30s    wire 72 · round 8 forward · refine: found 1637 cells
[final]   281.42s    wire 73 · round 8 forward · refine: found 1732 cells
[final]   281.53s    wire 74 · round 8 forward · refine: found 1725 cells
[final]   281.65s    wire 75 · round 8 forward · refine: found 1715 cells
[final]   281.76s    wire 76 · round 8 forward · refine: found 1752 cells · long enough: 1824 of 591 cells
[final]   281.90s    wire 77 · round 8 forward · refine: found 1876 cells
[final]   282.01s    wire 78 · round 8 forward · refine: found 1968 cells
[final]   282.11s    wire 79 · round 8 forward · refine: found 1965 cells
[final]   282.21s    wire 80 · round 8 forward · refine: found 1947 cells
[final]   282.31s    wire 81 · round 8 forward · refine: found 1996 cells · long enough: 2015 of 591 cells
[final]   282.44s    wire 82 · round 8 forward · refine: found 2120 cells
[final]   282.57s    wire 83 · round 8 forward · refine: found 2219 cells
[final]   282.69s    wire 84 · round 8 forward · refine: found 2213 cells
[final]   282.81s    wire 85 · round 8 forward · refine: found 2199 cells
[final]   282.93s    wire 86 · round 8 forward · refine: found 2252 cells · long enough: 2316 of 591 cells
[final]   283.04s    wire 87 · round 8 forward · refine: found 2261 cells
[final]   283.16s    wire 88 · round 8 forward · refine: found 2226 cells
[final]   283.28s    wire 89 · round 8 forward · refine: found 2291 cells · long enough: 2433 of 591 cells
[final]   283.40s    wire 90 · round 8 forward · refine: found 2204 cells
[final]   283.46s    wire 91 · round 8 forward · refine: kept its way
[final]   283.51s    wire 92 · round 8 forward · refine: kept its way
[final]   283.63s    wire 93 · round 8 forward · refine: found 2009 cells
[final]   283.76s    wire 94 · round 8 forward · refine: found 2080 cells · long enough: 2318 of 591 cells
[final]   283.90s    wire 95 · round 8 forward · refine: found 1989 cells
[final]   284.03s    wire 96 · round 8 forward · refine: found 1922 cells · long enough: 2173 of 590 cells
[final]   284.14s    wire 97 · round 8 forward · refine: found 1803 cells
[final]   284.25s    wire 98 · round 8 forward · refine: found 1777 cells
[final]   284.36s    wire 99 · round 8 forward · refine: found 1838 cells · long enough: 2130 of 591 cells
[final]   284.47s    wire 100 · round 8 forward · refine: found 1750 cells
[final]   284.57s    wire 101 · round 8 forward · refine: found 1697 cells · long enough: 1960 of 591 cells
[final]   284.68s    wire 102 · round 8 forward · refine: found 1584 cells
[final]   284.77s    wire 103 · round 8 forward · refine: found 1546 cells
[final]   284.87s    wire 104 · round 8 forward · refine: found 1579 cells
[final]   284.97s    wire 105 · round 8 forward · refine: found 1531 cells
[final]   285.05s    wire 106 · round 8 forward · refine: kept its way
[final]   285.14s    wire 107 · round 8 forward · refine: found 1393 cells
[final]   285.24s    wire 108 · round 8 forward · refine: found 1338 cells
[final]   285.33s    wire 109 · round 8 forward · refine: found 1413 cells · long enough: 1748 of 590 cells
[final]   285.44s    wire 110 · round 8 forward · refine: found 1343 cells
[final]   285.56s    wire 111 · round 8 forward · refine: found 1353 cells · long enough: 1667 of 590 cells
[final]   285.69s    wire 112 · round 8 forward · refine: found 1293 cells
[final]   285.81s    wire 113 · round 8 forward · refine: found 1130 cells
[final]   285.92s    wire 114 · round 8 forward · refine: found 1062 cells
[final]   286.03s    wire 115 · round 8 forward · refine: found 1221 cells · long enough: 1620 of 590 cells
[final]   286.19s    wire 116 · round 8 forward · refine: found 1301 cells
[final]   286.44s    wire 117 · round 8 forward · refine: found 1474 cells
[final]   286.61s    wire 118 · round 8 forward · refine: found 1552 cells · long enough: 1978 of 590 cells
[final]   286.77s    wire 119 · round 8 forward · refine: found 1543 cells
[final]   286.92s    wire 120 · round 8 forward · refine: found 1592 cells
[final]   287.04s    wire 121 · round 8 forward · refine: found 1607 cells
[final]   287.16s    wire 122 · round 8 forward · refine: found 1637 cells
[final]   287.29s    wire 123 · round 8 forward · refine: found 1751 cells · long enough: 2132 of 590 cells
[final]   287.41s    wire 124 · round 8 forward · refine: found 1763 cells
[final]   287.54s    wire 125 · round 8 forward · refine: found 1878 cells · long enough: 2287 of 590 cells
[final]   287.66s    wire 126 · round 8 forward · refine: found 1844 cells
[final]   287.78s    wire 127 · round 8 forward · refine: found 1877 cells · long enough: 2223 of 590 cells
[final]   287.89s    wire 128 · round 8 forward · refine: found 1845 cells
[final]   288.02s    wire 129 · round 8 forward · refine: found 1998 cells
[final]   288.15s    wire 130 · round 8 forward · refine: found 2089 cells
[final]   288.30s    wire 131 · round 8 forward · refine: found 2084 cells
[final]   288.45s    wire 132 · round 8 forward · refine: found 2105 cells · long enough: 2379 of 590 cells
[final]   288.59s    wire 133 · round 8 forward · refine: found 2061 cells
[final]   288.73s    wire 134 · round 8 forward · refine: found 2235 cells
[final]   288.87s    wire 135 · round 8 forward · refine: found 2326 cells
[final]   289.01s    wire 136 · round 8 forward · refine: found 2321 cells
[final]   289.14s    wire 137 · round 8 forward · refine: found 2335 cells · long enough: 2457 of 591 cells
[final]   289.27s    wire 138 · round 8 forward · refine: found 2297 cells
[final]   289.40s    wire 139 · round 8 forward · refine: found 2463 cells
[final]   289.53s    wire 140 · round 8 forward · refine: found 2555 cells
[final]   289.66s    wire 141 · round 8 forward · refine: found 2550 cells
[final]   289.78s    wire 142 · round 8 forward · refine: found 2580 cells
[final]   289.89s    wire 143 · round 8 forward · refine: found 2564 cells · long enough: 2595 of 591 cells
[final]   290.00s    wire 144 · round 8 forward · refine: found 2519 cells
[final]   290.12s    wire 145 · round 8 forward · refine: found 2532 cells
[final]   290.24s    wire 146 · round 8 forward · refine: found 2565 cells · long enough: 2602 of 590 cells
[final]   290.38s    wire 147 · round 8 forward · refine: found 2453 cells
[final]   290.51s    wire 148 · round 8 forward · refine: found 2328 cells · long enough: 2361 of 591 cells
[final]   290.65s    wire 149 · round 8 forward · refine: found 2287 cells
[final]   290.79s    wire 150 · round 8 forward · refine: found 2296 cells
[final]   290.92s    wire 151 · round 8 forward · refine: found 2292 cells
[final]   291.05s    wire 152 · round 8 forward · refine: found 2208 cells
[final]   291.21s    wire 153 · round 8 forward · refine: found 2195 cells · long enough: 2286 of 591 cells
[final]   291.34s    wire 154 · round 8 forward · refine: found 2047 cells
[final]   291.48s    wire 155 · round 8 forward · refine: found 2060 cells
[final]   291.62s    wire 156 · round 8 forward · refine: found 2056 cells
[final]   291.77s    wire 157 · round 8 forward · refine: found 1993 cells
[final]   291.91s    wire 158 · round 8 forward · refine: found 2000 cells · long enough: 2160 of 591 cells
[final]   292.05s    wire 159 · round 8 forward · refine: found 1810 cells
[final]   292.18s    wire 160 · round 8 forward · refine: found 1828 cells
[final]   292.32s    wire 161 · round 8 forward · refine: found 1877 cells · long enough: 2112 of 590 cells
[final]   292.46s    wire 162 · round 8 forward · refine: found 1858 cells
[final]   292.58s    wire 163 · round 8 forward · refine: found 1659 cells
[final]   292.70s    wire 164 · round 8 forward · refine: found 1607 cells · long enough: 1856 of 590 cells
[final]   292.80s    wire 165 · round 8 forward · refine: found 1572 cells
[final]   292.90s    wire 166 · round 8 forward · refine: found 1636 cells · long enough: 1881 of 590 cells
[final]   293.08s    wire 167 · round 8 forward · refine: found 1545 cells
[final]   293.20s    wire 168 · round 8 forward · refine: found 1459 cells · long enough: 1701 of 591 cells
[final]   293.32s    wire 169 · round 8 forward · refine: found 1396 cells
[final]   293.45s    wire 170 · round 8 forward · refine: found 1392 cells
[final]   293.65s    wire 171 · round 8 forward · refine: found 1431 cells · long enough: 1761 of 590 cells
[final]   293.98s    wire 172 · round 8 forward · refine: found 1612 cells
[final]   294.21s    wire 173 · round 8 forward · refine: found 1463 cells
[final]   294.40s    wire 174 · round 8 forward · refine: found 1382 cells
[final]   294.53s    wire 175 · round 8 forward · refine: found 1435 cells · long enough: 1787 of 591 cells
[final]   294.69s    wire 176 · round 8 forward · refine: found 1544 cells
[final]   294.81s    wire 177 · round 8 forward · refine: found 1578 cells
[final]   294.94s    wire 178 · round 8 forward · refine: found 1585 cells
[final]   295.07s    wire 179 · round 8 forward · refine: found 1655 cells
[final]   295.12s    wire 180 · round 8 forward · refine: kept its way
[final]   295.24s    wire 181 · round 8 forward · refine: found 1791 cells
[final]   295.34s    wire 182 · round 8 forward · refine: found 1818 cells
[final]   295.44s    wire 183 · round 8 forward · refine: found 1835 cells
[final]   295.49s    wire 184 · round 8 forward · refine: kept its way
[final]   295.55s    wire 185 · round 8 forward · refine: kept its way
[final]   295.66s    wire 186 · round 8 forward · refine: found 2073 cells
[final]   295.76s    wire 187 · round 8 forward · refine: found 2085 cells · long enough: 2288 of 590 cells
[final]   295.87s    wire 188 · round 8 forward · refine: found 2060 cells
[final]   295.97s    wire 189 · round 8 forward · refine: found 2091 cells · long enough: 2261 of 590 cells
[final]   296.10s    wire 190 · round 8 forward · refine: found 2263 cells
[final]   296.22s    wire 191 · round 8 forward · refine: found 2288 cells
[final]   296.34s    wire 192 · round 8 forward · refine: found 2333 cells · long enough: 2520 of 590 cells
[final]   296.47s    wire 193 · round 8 forward · refine: found 2343 cells
[final]   296.60s    wire 194 · round 8 forward · refine: found 2347 cells
[final]   296.74s    wire 195 · round 8 forward · refine: found 2343 cells · long enough: 2448 of 590 cells
[final]   296.90s    wire 196 · round 8 forward · refine: found 2460 cells
[final]   297.04s    wire 197 · round 8 forward · refine: found 2532 cells
[final]   297.17s    wire 198 · round 8 forward · refine: found 2583 cells
[final]   297.30s    wire 199 · round 8 forward · refine: found 2570 cells
[final]   297.42s    wire 200 · round 8 forward · refine: found 2535 cells
[final]   297.55s    wire 201 · round 8 forward · refine: found 2632 cells · long enough: 2718 of 591 cells
[final]   297.65s    wire 202 · round 8 forward · refine: found 2609 cells
[final]   297.76s    wire 203 · round 8 forward · refine: found 2592 cells
[final]   297.86s    wire 204 · round 8 forward · refine: found 2610 cells · long enough: 2747 of 580 cells
[final]   297.95s    wire 205 · round 8 forward · refine: found 2585 cells · long enough: 2743 of 590 cells
[final]   298.04s    wire 206 · round 8 forward · refine: found 2476 cells
[final]   298.15s    wire 207 · round 8 forward · refine: found 2482 cells · long enough: 2610 of 590 cells
[final]   298.25s    wire 208 · round 8 forward · refine: found 2361 cells
[final]   298.37s    wire 209 · round 8 forward · refine: found 2313 cells
[final]   298.48s    wire 210 · round 8 forward · refine: found 2314 cells
[final]   298.60s    wire 211 · round 8 forward · refine: found 2252 cells
[final]   298.74s    wire 212 · round 8 forward · refine: found 2219 cells · long enough: 2429 of 590 cells
[final]   298.88s    wire 213 · round 8 forward · refine: found 2111 cells
[final]   299.02s    wire 214 · round 8 forward · refine: found 2076 cells
[final]   299.15s    wire 215 · round 8 forward · refine: found 2077 cells
[final]   299.29s    wire 216 · round 8 forward · refine: found 1994 cells
[final]   299.41s    wire 217 · round 8 forward · refine: found 1844 cells
[final]   299.55s    wire 218 · round 8 forward · refine: found 1895 cells · long enough: 2241 of 590 cells
[final]   299.67s    wire 219 · round 8 forward · refine: found 1844 cells
[final]   299.80s    wire 220 · round 8 forward · refine: found 1844 cells
[final]   299.94s    wire 221 · round 8 forward · refine: found 1757 cells
[final]   300.07s    wire 222 · round 8 forward · refine: found 1607 cells
[final]   300.19s    wire 223 · round 8 forward · refine: found 1632 cells · long enough: 2051 of 590 cells
[final]   300.33s    wire 224 · round 8 forward · refine: found 1603 cells
[final]   300.48s    wire 225 · round 8 forward · refine: found 1642 cells · long enough: 2111 of 591 cells
[final]   300.65s    wire 226 · round 8 forward · refine: found 1525 cells
[final]   300.86s    wire 227 · round 8 forward · refine: found 1411 cells
[final]   300.98s    wire 228 · round 8 forward · refine: found 1243 cells · long enough: 1715 of 591 cells
[final]   301.16s    wire 229 · round 8 forward · refine: found 1234 cells
[final]   301.21s  refinement round 8 forward : moved 223 of 230, 0 too close to another
[final]   301.39s    wire 229 · round 9 backward · refine: found 1234 cells
[final]   301.53s    wire 228 · round 9 backward · refine: found 1256 cells · long enough: 1722 of 591 cells
[final]   301.76s    wire 227 · round 9 backward · refine: found 1411 cells
[final]   301.92s    wire 226 · round 9 backward · refine: found 1525 cells
[final]   302.08s    wire 225 · round 9 backward · refine: found 1642 cells · long enough: 2112 of 591 cells
[final]   302.21s    wire 224 · round 9 backward · refine: found 1603 cells
[final]   302.34s    wire 223 · round 9 backward · refine: found 1632 cells · long enough: 2052 of 590 cells
[final]   302.47s    wire 222 · round 9 backward · refine: found 1610 cells
[final]   302.60s    wire 221 · round 9 backward · refine: found 1757 cells
[final]   302.73s    wire 220 · round 9 backward · refine: found 1844 cells
[final]   302.86s    wire 219 · round 9 backward · refine: found 1844 cells
[final]   302.98s    wire 218 · round 9 backward · refine: found 1895 cells · long enough: 2242 of 590 cells
[final]   303.11s    wire 217 · round 9 backward · refine: found 1844 cells
[final]   303.24s    wire 216 · round 9 backward · refine: found 1994 cells
[final]   303.36s    wire 215 · round 9 backward · refine: found 2077 cells
[final]   303.49s    wire 214 · round 9 backward · refine: found 2076 cells
[final]   303.63s    wire 213 · round 9 backward · refine: found 2111 cells
[final]   303.78s    wire 212 · round 9 backward · refine: found 2223 cells · long enough: 2432 of 590 cells
[final]   303.92s    wire 211 · round 9 backward · refine: found 2252 cells
[final]   304.03s    wire 210 · round 9 backward · refine: found 2314 cells
[final]   304.14s    wire 209 · round 9 backward · refine: found 2313 cells
[final]   304.25s    wire 208 · round 9 backward · refine: found 2361 cells
[final]   304.36s    wire 207 · round 9 backward · refine: found 2480 cells · long enough: 2609 of 590 cells
[final]   304.45s    wire 206 · round 9 backward · refine: found 2476 cells
[final]   304.55s    wire 205 · round 9 backward · refine: found 2585 cells · long enough: 2742 of 590 cells
[final]   304.64s    wire 204 · round 9 backward · refine: found 2588 cells · long enough: 2731 of 580 cells
[final]   304.75s    wire 203 · round 9 backward · refine: found 2589 cells
[final]   304.85s    wire 202 · round 9 backward · refine: found 2606 cells
[final]   304.97s    wire 201 · round 9 backward · refine: found 2631 cells · long enough: 2721 of 591 cells
[final]   305.09s    wire 200 · round 9 backward · refine: found 2535 cells
[final]   305.22s    wire 199 · round 9 backward · refine: found 2570 cells
[final]   305.35s    wire 198 · round 9 backward · refine: found 2583 cells
[final]   305.50s    wire 197 · round 9 backward · refine: found 2532 cells
[final]   305.66s    wire 196 · round 9 backward · refine: found 2460 cells
[final]   305.81s    wire 195 · round 9 backward · refine: found 2339 cells · long enough: 2447 of 590 cells
[final]   305.95s    wire 194 · round 9 backward · refine: found 2347 cells
[final]   306.09s    wire 193 · round 9 backward · refine: found 2341 cells
[final]   306.22s    wire 192 · round 9 backward · refine: found 2333 cells · long enough: 2521 of 590 cells
[final]   306.36s    wire 191 · round 9 backward · refine: found 2288 cells
[final]   306.50s    wire 190 · round 9 backward · refine: found 2264 cells
[final]   306.61s    wire 189 · round 9 backward · refine: found 2091 cells · long enough: 2261 of 590 cells
[final]   306.72s    wire 188 · round 9 backward · refine: found 2060 cells
[final]   306.82s    wire 187 · round 9 backward · refine: found 2085 cells · long enough: 2289 of 590 cells
[final]   306.94s    wire 186 · round 9 backward · refine: found 2074 cells
[final]   306.99s    wire 185 · round 9 backward · refine: kept its way
[final]   307.05s    wire 184 · round 9 backward · refine: kept its way
[final]   307.14s    wire 183 · round 9 backward · refine: found 1835 cells
[final]   307.24s    wire 182 · round 9 backward · refine: found 1818 cells
[final]   307.35s    wire 181 · round 9 backward · refine: found 1790 cells
[final]   307.40s    wire 180 · round 9 backward · refine: kept its way
[final]   307.53s    wire 179 · round 9 backward · refine: found 1655 cells
[final]   307.65s    wire 178 · round 9 backward · refine: found 1585 cells
[final]   307.78s    wire 177 · round 9 backward · refine: found 1580 cells
[final]   307.91s    wire 176 · round 9 backward · refine: found 1547 cells
[final]   308.04s    wire 175 · round 9 backward · refine: found 1439 cells · long enough: 1790 of 591 cells
[final]   308.19s    wire 174 · round 9 backward · refine: found 1392 cells
[final]   308.39s    wire 173 · round 9 backward · refine: found 1483 cells
[final]   308.72s    wire 172 · round 9 backward · refine: found 1611 cells
[final]   308.91s    wire 171 · round 9 backward · refine: found 1430 cells · long enough: 1761 of 590 cells
[final]   309.04s    wire 170 · round 9 backward · refine: found 1390 cells
[final]   309.16s    wire 169 · round 9 backward · refine: found 1398 cells
[final]   309.26s    wire 168 · round 9 backward · refine: found 1463 cells · long enough: 1704 of 591 cells
[final]   309.37s    wire 167 · round 9 backward · refine: found 1551 cells
[final]   309.47s    wire 166 · round 9 backward · refine: found 1630 cells · long enough: 1879 of 590 cells
[final]   309.57s    wire 165 · round 9 backward · refine: found 1572 cells
[final]   309.68s    wire 164 · round 9 backward · refine: found 1607 cells · long enough: 1856 of 590 cells
[final]   309.81s    wire 163 · round 9 backward · refine: found 1659 cells
[final]   309.93s    wire 162 · round 9 backward · refine: found 1844 cells
[final]   310.06s    wire 161 · round 9 backward · refine: found 1876 cells · long enough: 2111 of 590 cells
[final]   310.21s    wire 160 · round 9 backward · refine: found 1824 cells
[final]   310.34s    wire 159 · round 9 backward · refine: found 1814 cells
[final]   310.49s    wire 158 · round 9 backward · refine: found 2008 cells · long enough: 2165 of 591 cells
[final]   310.63s    wire 157 · round 9 backward · refine: found 1996 cells
[final]   310.78s    wire 156 · round 9 backward · refine: found 2056 cells
[final]   310.93s    wire 155 · round 9 backward · refine: found 2056 cells
[final]   311.06s    wire 154 · round 9 backward · refine: found 2047 cells
[final]   311.21s    wire 153 · round 9 backward · refine: found 2195 cells · long enough: 2286 of 591 cells
[final]   311.37s    wire 152 · round 9 backward · refine: found 2210 cells
[final]   311.50s    wire 151 · round 9 backward · refine: found 2292 cells
[final]   311.64s    wire 150 · round 9 backward · refine: found 2296 cells
[final]   311.78s    wire 149 · round 9 backward · refine: found 2287 cells
[final]   311.91s    wire 148 · round 9 backward · refine: found 2328 cells · long enough: 2364 of 591 cells
[final]   312.04s    wire 147 · round 9 backward · refine: found 2453 cells
[final]   312.17s    wire 146 · round 9 backward · refine: found 2565 cells · long enough: 2604 of 590 cells
[final]   312.31s    wire 145 · round 9 backward · refine: found 2532 cells
[final]   312.42s    wire 144 · round 9 backward · refine: found 2519 cells
[final]   312.54s    wire 143 · round 9 backward · refine: found 2564 cells · long enough: 2596 of 591 cells
[final]   312.67s    wire 142 · round 9 backward · refine: found 2580 cells
[final]   312.81s    wire 141 · round 9 backward · refine: found 2554 cells
[final]   312.95s    wire 140 · round 9 backward · refine: found 2555 cells
[final]   313.09s    wire 139 · round 9 backward · refine: found 2463 cells
[final]   313.21s    wire 138 · round 9 backward · refine: found 2294 cells
[final]   313.36s    wire 137 · round 9 backward · refine: found 2335 cells · long enough: 2458 of 591 cells
[final]   313.51s    wire 136 · round 9 backward · refine: found 2321 cells
[final]   313.66s    wire 135 · round 9 backward · refine: found 2326 cells
[final]   313.81s    wire 134 · round 9 backward · refine: found 2235 cells
[final]   313.94s    wire 133 · round 9 backward · refine: found 2061 cells
[final]   314.09s    wire 132 · round 9 backward · refine: found 2109 cells · long enough: 2380 of 590 cells
[final]   314.22s    wire 131 · round 9 backward · refine: found 2084 cells
[final]   314.35s    wire 130 · round 9 backward · refine: found 2089 cells
[final]   314.49s    wire 129 · round 9 backward · refine: found 1998 cells
[final]   314.61s    wire 128 · round 9 backward · refine: found 1849 cells
[final]   314.72s    wire 127 · round 9 backward · refine: found 1881 cells · long enough: 2233 of 590 cells
[final]   314.84s    wire 126 · round 9 backward · refine: found 1862 cells
[final]   314.95s    wire 125 · round 9 backward · refine: found 1882 cells · long enough: 2290 of 590 cells
[final]   315.07s    wire 124 · round 9 backward · refine: found 1767 cells
[final]   315.18s    wire 123 · round 9 backward · refine: found 1749 cells · long enough: 2135 of 590 cells
[final]   315.30s    wire 122 · round 9 backward · refine: found 1638 cells
[final]   315.41s    wire 121 · round 9 backward · refine: found 1607 cells
[final]   315.56s    wire 120 · round 9 backward · refine: found 1592 cells
[final]   315.72s    wire 119 · round 9 backward · refine: found 1545 cells
[final]   315.88s    wire 118 · round 9 backward · refine: found 1553 cells · long enough: 1981 of 590 cells
[final]   316.08s    wire 117 · round 9 backward · refine: found 1478 cells
[final]   316.23s    wire 116 · round 9 backward · refine: found 1295 cells
[final]   316.35s    wire 115 · round 9 backward · refine: found 1223 cells · long enough: 1621 of 590 cells
[final]   316.46s    wire 114 · round 9 backward · refine: found 1066 cells
[final]   316.58s    wire 113 · round 9 backward · refine: found 1138 cells
[final]   316.71s    wire 112 · round 9 backward · refine: found 1297 cells
[final]   316.83s    wire 111 · round 9 backward · refine: found 1359 cells · long enough: 1671 of 590 cells
[final]   316.94s    wire 110 · round 9 backward · refine: found 1335 cells
[final]   317.04s    wire 109 · round 9 backward · refine: found 1418 cells · long enough: 1751 of 590 cells
[final]   317.14s    wire 108 · round 9 backward · refine: found 1342 cells
[final]   317.22s    wire 107 · round 9 backward · refine: found 1395 cells
[final]   317.31s    wire 106 · round 9 backward · refine: found 1512 cells · long enough: 1809 of 590 cells
[final]   317.40s    wire 105 · round 9 backward · refine: found 1526 cells
[final]   317.49s    wire 104 · round 9 backward · refine: found 1576 cells
[final]   317.58s    wire 103 · round 9 backward · refine: found 1541 cells
[final]   317.67s    wire 102 · round 9 backward · refine: found 1584 cells
[final]   317.77s    wire 101 · round 9 backward · refine: found 1693 cells · long enough: 1957 of 591 cells
[final]   317.87s    wire 100 · round 9 backward · refine: found 1750 cells
[final]   317.98s    wire 99 · round 9 backward · refine: found 1838 cells · long enough: 2129 of 591 cells
[final]   318.09s    wire 98 · round 9 backward · refine: found 1773 cells
[final]   318.19s    wire 97 · round 9 backward · refine: found 1803 cells
[final]   318.31s    wire 96 · round 9 backward · refine: kept its way
[final]   318.43s    wire 95 · round 9 backward · refine: found 1989 cells
[final]   318.55s    wire 94 · round 9 backward · refine: found 2080 cells · long enough: 2316 of 591 cells
[final]   318.65s    wire 93 · round 9 backward · refine: found 2009 cells
[final]   318.70s    wire 92 · round 9 backward · refine: kept its way
[final]   318.76s    wire 91 · round 9 backward · refine: kept its way
[final]   318.87s    wire 90 · round 9 backward · refine: found 2204 cells
[final]   318.99s    wire 89 · round 9 backward · refine: found 2291 cells · long enough: 2434 of 591 cells
[final]   319.10s    wire 88 · round 9 backward · refine: found 2234 cells
[final]   319.21s    wire 87 · round 9 backward · refine: found 2261 cells
[final]   319.33s    wire 86 · round 9 backward · refine: found 2248 cells · long enough: 2307 of 591 cells
[final]   319.44s    wire 85 · round 9 backward · refine: found 2199 cells
[final]   319.55s    wire 84 · round 9 backward · refine: found 2213 cells
[final]   319.67s    wire 83 · round 9 backward · refine: found 2223 cells
[final]   319.79s    wire 82 · round 9 backward · refine: found 2120 cells
[final]   319.88s    wire 81 · round 9 backward · refine: found 1996 cells · long enough: 2014 of 591 cells
[final]   319.98s    wire 80 · round 9 backward · refine: found 1947 cells
[final]   320.08s    wire 79 · round 9 backward · refine: found 1965 cells
[final]   320.19s    wire 78 · round 9 backward · refine: found 1968 cells
[final]   320.29s    wire 77 · round 9 backward · refine: found 1876 cells
[final]   320.40s    wire 76 · round 9 backward · refine: found 1748 cells · long enough: 1823 of 591 cells
[final]   320.51s    wire 75 · round 9 backward · refine: found 1707 cells
[final]   320.62s    wire 74 · round 9 backward · refine: found 1725 cells
[final]   320.73s    wire 73 · round 9 backward · refine: found 1732 cells
[final]   320.84s    wire 72 · round 9 backward · refine: found 1637 cells
[final]   320.95s    wire 71 · round 9 backward · refine: found 1508 cells · long enough: 1727 of 591 cells
[final]   321.05s    wire 70 · round 9 backward · refine: found 1463 cells
[final]   321.15s    wire 69 · round 9 backward · refine: found 1477 cells
[final]   321.25s    wire 68 · round 9 backward · refine: found 1480 cells
[final]   321.35s    wire 67 · round 9 backward · refine: found 1405 cells
[final]   321.44s    wire 66 · round 9 backward · refine: found 1283 cells
[final]   321.52s    wire 65 · round 9 backward · refine: found 1251 cells · long enough: 1547 of 590 cells
[final]   321.61s    wire 64 · round 9 backward · refine: found 1225 cells
[final]   321.69s    wire 63 · round 9 backward · refine: found 1254 cells · long enough: 1594 of 590 cells
[final]   321.79s    wire 62 · round 9 backward · refine: found 1136 cells
[final]   321.88s    wire 61 · round 9 backward · refine: found 982 cells
[final]   321.96s    wire 60 · round 9 backward · refine: found 1011 cells · long enough: 1328 of 590 cells
[final]   322.04s    wire 59 · round 9 backward · refine: found 977 cells
[final]   322.13s    wire 58 · round 9 backward · refine: found 1006 cells · long enough: 1322 of 590 cells
[final]   322.23s    wire 57 · round 9 backward · refine: found 957 cells
[final]   322.36s    wire 56 · round 9 backward · refine: found 1016 cells
[final]   322.48s    wire 55 · round 9 backward · refine: found 1033 cells · long enough: 1382 of 590 cells
[final]   322.61s    wire 54 · round 9 backward · refine: found 1007 cells
[final]   322.75s    wire 53 · round 9 backward · refine: found 1142 cells
[final]   322.87s    wire 52 · round 9 backward · refine: found 1213 cells
[final]   322.99s    wire 51 · round 9 backward · refine: found 1229 cells
[final]   323.10s    wire 50 · round 9 backward · refine: found 1260 cells · long enough: 1502 of 591 cells
[final]   323.21s    wire 49 · round 9 backward · refine: found 1381 cells
[final]   323.30s    wire 48 · round 9 backward · refine: found 1451 cells
[final]   323.40s    wire 47 · round 9 backward · refine: found 1498 cells · long enough: 1747 of 590 cells
[final]   323.49s    wire 46 · round 9 backward · refine: found 1510 cells
[final]   323.57s    wire 45 · round 9 backward · refine: found 1504 cells · long enough: 1704 of 591 cells
[final]   323.68s    wire 44 · round 9 backward · refine: found 1645 cells
[final]   323.78s    wire 43 · round 9 backward · refine: found 1697 cells
[final]   323.88s    wire 42 · round 9 backward · refine: found 1781 cells · long enough: 2002 of 590 cells
[final]   323.99s    wire 41 · round 9 backward · refine: found 1806 cells
[final]   324.10s    wire 40 · round 9 backward · refine: found 1820 cells · long enough: 1976 of 591 cells
[final]   324.23s    wire 39 · round 9 backward · refine: found 1892 cells
[final]   324.35s    wire 38 · round 9 backward · refine: found 1948 cells
[final]   324.45s    wire 37 · round 9 backward · refine: found 2028 cells · long enough: 2133 of 590 cells
[final]   324.55s    wire 36 · round 9 backward · refine: found 2030 cells
[final]   324.65s    wire 35 · round 9 backward · refine: found 2000 cells · long enough: 2061 of 591 cells
[final]   324.76s    wire 34 · round 9 backward · refine: found 2130 cells
[final]   324.88s    wire 33 · round 9 backward · refine: found 2195 cells
[final]   324.98s    wire 32 · round 9 backward · refine: found 2234 cells · long enough: 2332 of 590 cells
[final]   325.08s    wire 31 · round 9 backward · refine: found 2232 cells
[final]   325.20s    wire 30 · round 9 backward · refine: found 2243 cells
[final]   325.31s    wire 29 · round 9 backward · refine: found 2244 cells · long enough: 2266 of 591 cells
[final]   325.44s    wire 28 · round 9 backward · refine: found 2195 cells
[final]   325.58s    wire 27 · round 9 backward · refine: found 2222 cells
[final]   325.71s    wire 26 · round 9 backward · refine: found 2227 cells
[final]   325.84s    wire 25 · round 9 backward · refine: found 2140 cells
[final]   325.98s    wire 24 · round 9 backward · refine: found 2118 cells
[final]   326.11s    wire 23 · round 9 backward · refine: found 2015 cells · long enough: 2084 of 591 cells
[final]   326.23s    wire 22 · round 9 backward · refine: found 1989 cells
[final]   326.36s    wire 21 · round 9 backward · refine: found 2033 cells · long enough: 2170 of 591 cells
[final]   326.48s    wire 20 · round 9 backward · refine: found 1915 cells
[final]   326.61s    wire 19 · round 9 backward · refine: found 1782 cells
[final]   326.73s    wire 18 · round 9 backward · refine: found 1790 cells · long enough: 1964 of 590 cells
[final]   326.85s    wire 17 · round 9 backward · refine: found 1761 cells
[final]   326.96s    wire 16 · round 9 backward · refine: found 1796 cells · long enough: 2018 of 591 cells
[final]   327.08s    wire 15 · round 9 backward · refine: found 1686 cells
[final]   327.19s    wire 14 · round 9 backward · refine: found 1562 cells
[final]   327.29s    wire 13 · round 9 backward · refine: found 1549 cells · long enough: 1771 of 590 cells
[final]   327.38s    wire 12 · round 9 backward · refine: found 1550 cells
[final]   327.47s    wire 11 · round 9 backward · refine: found 1611 cells · long enough: 1838 of 591 cells
[final]   327.57s    wire 10 · round 9 backward · refine: found 1510 cells
[final]   327.66s    wire 9 · round 9 backward · refine: kept its way
[final]   327.76s    wire 8 · round 9 backward · refine: found 1377 cells
[final]   327.85s    wire 7 · round 9 backward · refine: found 1328 cells
[final]   327.94s    wire 6 · round 9 backward · refine: found 1340 cells
[final]   328.05s    wire 5 · round 9 backward · refine: found 1292 cells
[final]   328.16s    wire 4 · round 9 backward · refine: found 1151 cells
[final]   328.26s    wire 3 · round 9 backward · refine: found 1144 cells · long enough: 1510 of 591 cells
[final]   328.37s    wire 2 · round 9 backward · refine: found 1146 cells
[final]   328.49s    wire 1 · round 9 backward · refine: found 1157 cells
[final]   328.61s    wire 0 · round 9 backward · refine: found 1196 cells · long enough: 1563 of 590 cells
[final]   328.66s  refinement round 9 backward: moved 223 of 230, 0 too close to another
[final]   328.66s    length point of 0 at (1052,4614), band 83 cells, nearest: 229 at 67.2, 1 at 67.9
[final]   328.66s    length point of 3 at (1261,4674), band 84 cells, nearest: 4 at 59.4, 2 at 65.1, 5 at 95.5
[final]   328.66s    length point of 9 at (1839,4458), band 86 cells, nearest: 8 at 46.0, 10 at 51.6, 7 at 69.3
[final]   328.67s    length point of 11 at (1982,4344), band 116 cells, nearest: 12 at 55.9, 10 at 57.0, 9 at 90.0
[final]   328.67s    length point of 13 at (2095,4389), band 103 cells, nearest: 14 at 54.5, 12 at 59.0, 15 at 81.3
[final]   328.67s    length point of 16 at (2210,4124), band 118 cells, nearest: 15 at 50.0, 17 at 51.0, 14 at 78.0
[final]   328.67s    length point of 18 at (2314,4163), band 118 cells, nearest: 17 at 53.0, 19 at 55.0, 20 at 92.0
[final]   328.67s    length point of 21 at (2442,3878), band 118 cells, nearest: 20 at 55.0, 22 at 57.0, 19 at 87.0
[final]   328.67s    length point of 23 at (2559,3936), band 118 cells, nearest: 22 at 60.0, 24 at 63.0
[final]   328.67s    length point of 29 at (2861,3702), band 118 cells, nearest: 30 at 59.0, 28 at 62.0, 31 at 97.0
[final]   328.67s    length point of 32 at (3015,3665), band 118 cells, nearest: 31 at 57.0, 33 at 58.0, 34 at 94.0
[final]   328.67s    length point of 35 at (3138,3958), band 118 cells, nearest: 36 at 57.0, 34 at 58.0, 33 at 97.0
[final]   328.67s    length point of 37 at (3252,3890), band 118 cells, nearest: 38 at 56.0, 36 at 57.0, 39 at 92.0
[final]   328.67s    length point of 40 at (3375,4186), band 118 cells, nearest: 39 at 58.0, 41 at 58.0, 38 at 96.0
[final]   328.67s    length point of 42 at (3491,4131), band 118 cells, nearest: 41 at 58.0, 43 at 59.0, 44 at 97.0
[final]   328.67s    length point of 45 at (3627,4441), band 118 cells, nearest: 46 at 58.0, 44 at 63.0
[final]   328.67s    length point of 47 at (3744,4397), band 117 cells, nearest: 48 at 58.0, 46 at 59.0, 49 at 96.0
[final]   328.67s    length point of 50 at (3902,4653), band 113 cells, nearest: 49 at 71.0, 51 at 72.0
[final]   328.68s    length point of 55 at (4525,4763), band 84 cells, nearest: 54 at 82.7, 56 at 85.6
[final]   328.68s    length point of 58 at (4783,4665), band 83 cells, nearest: 59 at 79.2, 57 at 83.4
[final]   328.68s    length point of 60 at (4799,4466), band 84 cells, nearest: 61 at 67.2, 59 at 72.8
[final]   328.68s    length point of 63 at (4618,4066), band 87 cells, nearest: 64 at 65.8, 62 at 70.0
[final]   328.68s    length point of 65 at (4673,3937), band 83 cells, nearest: 66 at 61.5, 64 at 64.4
[final]   328.68s    length point of 71 at (4424,3615), band 118 cells, nearest: 70 at 61.0, 72 at 65.0
[final]   328.68s    length point of 76 at (4183,3363), band 118 cells, nearest: 75 at 65.0, 77 at 69.0
[final]   328.68s    length point of 81 at (3949,3090), band 118 cells, nearest: 82 at 67.0, 80 at 68.0
[final]   328.68s    length point of 86 at (3706,2847), band 118 cells, nearest: 87 at 59.0, 85 at 61.0, 88 at 96.0
[final]   328.68s    length point of 89 at (3624,2687), band 118 cells, nearest: 88 at 60.0, 90 at 64.0
[final]   328.68s    length point of 91 at (3767,2578), band 100 cells, nearest: 92 at 19.8, 93 at 50.2, 90 at 67.9
[final]   328.68s    length point of 94 at (3822,2487), band 101 cells, nearest: 93 at 53.0, 95 at 54.6, 92 at 83.4
[final]   328.68s    length point of 96 at (4010,2434), band 110 cells, nearest: 95 at 63.0, 97 at 65.5
[final]   328.68s    length point of 99 at (4083,2272), band 104 cells, nearest: 100 at 62.8, 98 at 62.9
[final]   328.68s    length point of 101 at (4228,2137), band 88 cells, nearest: 102 at 51.6, 100 at 53.0, 103 at 82.0
[final]   328.68s    length point of 106 at (4452,1866), band 83 cells, nearest: 107 at 44.6, 105 at 46.0, 108 at 67.9
[final]   328.69s    length point of 109 at (4492,1645), band 83 cells, nearest: 108 at 60.1, 110 at 60.1, 107 at 93.3
[final]   328.69s    length point of 111 at (4519,1440), band 84 cells, nearest: 110 at 65.8, 112 at 70.0
[final]   328.69s    length point of 115 at (4578,1003), band 83 cells, nearest: 114 at 75.7, 116 at 78.5
[final]   328.69s    length point of 118 at (4165,1083), band 83 cells, nearest: 119 at 77.8, 117 at 79.9
[final]   328.69s    length point of 123 at (3771,1239), band 120 cells, nearest: 122 at 52.2, 124 at 58.0, 121 at 92.6
[final]   328.69s    length point of 125 at (3694,1386), band 111 cells, nearest: 124 at 59.0, 126 at 61.0, 123 at 95.0
[final]   328.69s    length point of 127 at (3578,1338), band 120 cells, nearest: 126 at 55.0, 128 at 57.0, 129 at 95.0
[final]   328.69s    length point of 132 at (3357,1562), band 118 cells, nearest: 131 at 60.0, 133 at 60.0, 130 at 99.0
[final]   328.69s    length point of 137 at (3132,1797), band 118 cells, nearest: 136 at 58.0, 138 at 59.0, 135 at 96.0
[final]   328.69s    length point of 143 at (2856,2028), band 118 cells, nearest: 144 at 59.0, 142 at 60.0, 145 at 99.0
[final]   328.69s    length point of 146 at (2700,2046), band 118 cells, nearest: 145 at 57.0, 147 at 58.0, 148 at 95.0
[final]   328.69s    length point of 148 at (2588,1793), band 118 cells, nearest: 149 at 67.0, 147 at 68.0
[final]   328.69s    length point of 153 at (2324,1680), band 106 cells, nearest: 152 at 64.0, 154 at 75.0
[final]   328.69s    length point of 158 at (2050,1479), band 97 cells, nearest: 159 at 53.0, 157 at 58.7, 160 at 80.6
[final]   328.69s    length point of 161 at (1872,1354), band 115 cells, nearest: 162 at 47.0, 160 at 53.0, 163 at 72.0
[final]   328.70s    length point of 164 at (1627,1122), band 93 cells, nearest: 163 at 45.4, 165 at 51.3, 162 at 74.2
[final]   328.70s    length point of 166 at (1512,1152), band 83 cells, nearest: 165 at 52.3, 167 at 53.0, 168 at 82.8
[final]   328.70s    length point of 168 at (1263,1014), band 88 cells, nearest: 169 at 65.8, 167 at 66.5
[final]   328.70s    length point of 171 at (1032,1001), band 83 cells, nearest: 172 at 58.7, 170 at 68.6
[final]   328.70s    length point of 175 at (996,1264), band 83 cells, nearest: 176 at 56.6, 174 at 60.1, 177 at 91.2
[final]   328.70s    length point of 180 at (1249,1740), band 84 cells, nearest: 179 at 40.3, 181 at 41.0, 178 at 60.8
[final]   328.70s    length point of 184 at (1352,1912), band 104 cells, nearest: 183 at 45.0, 185 at 52.2, 182 at 68.0
[final]   328.70s    length point of 187 at (1586,2156), band 118 cells, nearest: 186 at 54.0, 188 at 55.0, 185 at 86.8
[final]   328.70s    length point of 189 at (1554,2266), band 114 cells, nearest: 188 at 55.0, 190 at 55.0, 191 at 89.0
[final]   328.70s    length point of 192 at (1836,2412), band 118 cells, nearest: 191 at 53.0, 193 at 55.0, 190 at 83.0
[final]   328.70s    length point of 195 at (1783,2562), band 118 cells, nearest: 194 at 59.0, 196 at 59.0, 193 at 95.0
[final]   328.70s    length point of 201 at (2039,2818), band 119 cells, nearest: 202 at 52.0, 200 at 53.0, 203 at 82.0
[final]   328.70s    length point of 204 at (2090,2948), band 115 cells, nearest: 203 at 48.0, 205 at 50.2, 202 at 78.0
[final]   328.70s    length point of 205 at (2090,3011), band 114 cells, nearest: 206 at 52.0, 204 at 56.0, 207 at 83.0
[final]   328.70s    length point of 207 at (1963,3077), band 118 cells, nearest: 206 at 52.0, 208 at 54.0, 205 at 83.0
[final]   328.71s    length point of 212 at (1701,3278), band 118 cells, nearest: 211 at 59.0, 213 at 60.0, 210 at 95.0
[final]   328.71s    length point of 218 at (1340,3584), band 118 cells, nearest: 219 at 61.0, 217 at 67.0
[final]   328.71s    length point of 223 at (1105,3840), band 104 cells, nearest: 222 at 67.0, 224 at 71.2
[final]   328.71s    length point of 225 at (1166,3978), band 102 cells, nearest: 224 at 71.0, 226 at 81.0
[final]   328.71s    length point of 228 at (1008,4455), band 84 cells, nearest: 227 at 75.0, 229 at 76.4
[final]   328.71s  outer routing: LENPT k=40 band=±10%: 69 length points (0 unknown), nearest other wire min 19.8 mean 58.4 cells, 1 below k; histogram <20:1 20-25:0 25-30:0 30-40:0 40-60:42 60-100:26 >=100:0
[final]   328.73s  couplers sit inside x 77..5322 y 77..5322, which is what the launcher stubs leave open at a run of 12 cells inflated by 19 (1 cells of lead over the stub itself); a place is taken where one of the eight orientations puts both feedline ports and their runs inside it
[final]   329.18s    coupler for resonator 0: 36 options, orientations 0 1 2 3 4 5 6 7
[final]   329.31s    coupler for resonator 3: 45 options, orientations 0 1 2 3 4 5 6 7
[final]   329.66s    coupler for resonator 9: 42 options, orientations 0 1 2 3 4 5 6 7
[final]   329.89s    coupler for resonator 11: 45 options, orientations 0 1 2 3 4 5 6 7
[final]   329.94s    coupler for resonator 13: 48 options, orientations 0 1 2 3 4 5 6 7
[final]   330.31s    coupler for resonator 16: 44 options, orientations 0 1 2 3 4 5 6 7
[final]   330.88s    coupler for resonator 18: 41 options, orientations 0 1 2 3 4 5 6 7
[final]   331.21s    coupler for resonator 21: 45 options, orientations 0 1 2 3 4 5 6 7
[final]   331.57s    coupler for resonator 23: 45 options, orientations 0 1 2 3 4 5 6 7
[final]   332.42s    coupler for resonator 29: 41 options, orientations 0 1 2 3 4 5 6 7
[final]   332.86s    coupler for resonator 32: 45 options, orientations 0 1 2 3 4 5 6 7
[final]   333.37s    coupler for resonator 35: 43 options, orientations 0 1 2 3 4 5 6 7
[final]   333.72s    coupler for resonator 37: 45 options, orientations 0 1 2 3 4 5 6 7
[final]   333.95s    coupler for resonator 40: 46 options, orientations 0 1 2 3 4 5 6 7
[final]   334.25s    coupler for resonator 42: 45 options, orientations 0 1 2 3 4 5 6 7
[final]   334.90s    coupler for resonator 45: 36 options, orientations 0 1 2 3 4 5 6 7
[final]   335.11s    coupler for resonator 47: 45 options, orientations 0 1 2 3 4 5 6 7
[final]   335.30s    coupler for resonator 50: 44 options, orientations 0 1 2 3 4 5 6 7
[final]   335.63s    coupler for resonator 55: 36 options, orientations 0 1 2 3 4 5 6 7
[final]   335.93s    coupler for resonator 58: 36 options, orientations 0 1 2 3 4 5 6 7
[final]   336.25s    coupler for resonator 60: 36 options, orientations 0 1 2 3 4 5 6 7
[final]   336.51s    coupler for resonator 63: 42 options, orientations 0 1 2 3 4 5 6 7
[final]   336.75s    coupler for resonator 65: 42 options, orientations 0 1 2 3 4 5 6 7
[final]   337.14s    coupler for resonator 71: 41 options, orientations 0 1 2 3 4 5 6 7
[final]   337.66s    coupler for resonator 76: 41 options, orientations 0 1 2 3 4 5 6 7
[final]   338.75s    coupler for resonator 81: 36 options, orientations 0 1 2 3 4 5 6 7
[final]   339.61s    coupler for resonator 86: 41 options, orientations 0 1 2 3 4 5 6 7
[final]   340.02s    coupler for resonator 89: 45 options, orientations 0 1 2 3 4 5 6 7
[final]   340.06s    coupler for resonator 91: 48 options, orientations 0 1 2 3 4 5 6 7
[final]   340.11s    coupler for resonator 94: 48 options, orientations 0 1 2 3 4 5 6 7
[final]   340.38s    coupler for resonator 96: 45 options, orientations 0 1 2 3 4 5 6 7
[final]   340.42s    coupler for resonator 99: 48 options, orientations 0 1 2 3 4 5 6 7
[final]   340.45s    coupler for resonator 101: 48 options, orientations 0 1 2 3 4 5 6 7
[final]   340.79s    coupler for resonator 106: 42 options, orientations 0 1 2 3 4 5 6 7
[final]   340.96s    coupler for resonator 109: 45 options, orientations 0 1 2 3 4 5 6 7
[final]   341.14s    coupler for resonator 111: 45 options, orientations 0 1 2 3 4 5 6 7
[final]   341.57s    coupler for resonator 115: 36 options, orientations 0 1 2 3 4 5 6 7
[final]   341.96s    coupler for resonator 118: 42 options, orientations 0 1 2 3 4 5 6 7
[final]   342.48s    coupler for resonator 123: 41 options, orientations 0 1 2 3 4 5 6 7
[final]   342.78s    coupler for resonator 125: 45 options, orientations 0 1 2 3 4 5 6 7
[final]   342.98s    coupler for resonator 127: 46 options, orientations 0 1 2 3 4 5 6 7
[final]   343.73s    coupler for resonator 132: 41 options, orientations 0 1 2 3 4 5 6 7
[final]   344.62s    coupler for resonator 137: 41 options, orientations 0 1 2 3 4 5 6 7
[final]   345.69s    coupler for resonator 143: 41 options, orientations 0 1 2 3 4 5 6 7
[final]   346.21s    coupler for resonator 146: 45 options, orientations 0 1 2 3 4 5 6 7
[final]   347.10s    coupler for resonator 148: 41 options, orientations 0 1 2 3 4 5 6 7
[final]   347.57s    coupler for resonator 153: 44 options, orientations 0 1 2 3 4 5 6 7
[final]   347.78s    coupler for resonator 158: 46 options, orientations 0 1 2 3 4 5 6 7
[final]   348.08s    coupler for resonator 161: 45 options, orientations 0 1 2 3 4 5 6 7
[final]   348.27s    coupler for resonator 164: 45 options, orientations 0 1 2 3 4 5 6 7
[final]   348.51s    coupler for resonator 166: 45 options, orientations 0 1 2 3 4 5 6 7
[final]   348.68s    coupler for resonator 168: 45 options, orientations 0 1 2 3 4 5 6 7
[final]   348.85s    coupler for resonator 171: 45 options, orientations 0 1 2 3 4 5 6 7
[final]   349.02s    coupler for resonator 175: 45 options, orientations 0 1 2 3 4 5 6 7
[final]   349.35s    coupler for resonator 180: 44 options, orientations 0 1 2 3 4 5 6 7
[final]   349.60s    coupler for resonator 184: 45 options, orientations 0 1 2 3 4 5 6 7
[final]   349.96s    coupler for resonator 187: 45 options, orientations 0 1 2 3 4 5 6 7
[final]   350.31s    coupler for resonator 189: 45 options, orientations 0 1 2 3 4 5 6 7
[final]   350.75s    coupler for resonator 192: 45 options, orientations 0 1 2 3 4 5 6 7
[final]   351.67s    coupler for resonator 195: 41 options, orientations 0 1 2 3 4 5 6 7
[final]   352.78s    coupler for resonator 201: 41 options, orientations 0 1 2 3 4 5 6 7
[final]   352.82s    coupler for resonator 204: 48 options, orientations 0 1 2 3 4 5 6 7
[final]   352.86s    coupler for resonator 205: 48 options, orientations 0 1 2 3 4 5 6 7
[final]   353.86s    coupler for resonator 207: 41 options, orientations 0 1 2 3 4 5 6 7
[final]   354.13s    coupler for resonator 212: 46 options, orientations 0 1 2 3 4 5 6 7
[final]   354.72s    coupler for resonator 218: 41 options, orientations 0 1 2 3 4 5 6 7
[final]   354.96s    coupler for resonator 223: 45 options, orientations 0 1 2 3 4 5 6 7
[final]   355.17s    coupler for resonator 225: 45 options, orientations 0 1 2 3 4 5 6 7
[final]   355.63s    coupler for resonator 228: 36 options, orientations 0 1 2 3 4 5 6 7
[final]   355.63s    [Coupler Insertion] chain 0 edge 1->2: 1 plain wire must cross it (10)
[final]   355.63s    [Coupler Insertion] chain 0 edge 2->3: 1 plain wire must cross it (12)
[final]   355.63s    [Coupler Insertion] chain 0 edge 3->4: 2 plain wires must cross it (14 15)
[final]   355.63s    [Coupler Insertion] chain 0 edge 4->5: 1 plain wire must cross it (17)
[final]   355.63s    [Coupler Insertion] chain 1 edge 1->2: 1 plain wire must cross it (22)
[final]   355.63s    [Coupler Insertion] chain 1 edge 2->3: 5 plain wires must cross it (24 25 26 27 28)
[final]   355.63s    [Coupler Insertion] chain 1 edge 3->4: 2 plain wires must cross it (30 31)
[final]   355.63s    [Coupler Insertion] chain 1 edge 4->5: 2 plain wires must cross it (33 34)
[final]   355.63s    [Coupler Insertion] chain 1 edge 5->6: 1 plain wire must cross it (36)
[final]   355.63s    [Coupler Insertion] chain 2 edge 1->2: 1 plain wire must cross it (41)
[final]   355.63s    [Coupler Insertion] chain 2 edge 2->3: 2 plain wires must cross it (43 44)
[final]   355.63s    [Coupler Insertion] chain 2 edge 3->4: 1 plain wire must cross it (46)
[final]   355.63s    [Coupler Insertion] chain 2 edge 4->5: 2 plain wires must cross it (48 49)
[final]   355.63s    [Coupler Insertion] chain 3 edge 1->2: 2 plain wires must cross it (56 57)
[final]   355.63s    [Coupler Insertion] chain 3 edge 2->3: 1 plain wire must cross it (59)
[final]   355.63s    [Coupler Insertion] chain 3 edge 3->4: 2 plain wires must cross it (61 62)
[final]   355.63s    [Coupler Insertion] chain 3 edge 4->5: 1 plain wire must cross it (64)
[final]   355.63s    [Coupler Insertion] chain 3 edge 5->6: 5 plain wires must cross it (66 67 68 69 70)
[final]   355.63s    [Coupler Insertion] chain 4 edge 1->2: 4 plain wires must cross it (77 78 79 80)
[final]   355.63s    [Coupler Insertion] chain 4 edge 2->3: 4 plain wires must cross it (82 83 84 85)
[final]   355.63s    [Coupler Insertion] chain 4 edge 3->4: 2 plain wires must cross it (87 88)
[final]   355.63s    [Coupler Insertion] chain 4 edge 4->5: 1 plain wire must cross it (90)
[final]   355.63s    [Coupler Insertion] chain 4 edge 5->6: 2 plain wires must cross it (92 93)
[final]   355.63s    [Coupler Insertion] chain 5 edge 1->2: 2 plain wires must cross it (97 98)
[final]   355.63s    [Coupler Insertion] chain 5 edge 2->3: 1 plain wire must cross it (100)
[final]   355.63s    [Coupler Insertion] chain 5 edge 3->4: 4 plain wires must cross it (102 103 104 105)
[final]   355.63s    [Coupler Insertion] chain 5 edge 4->5: 2 plain wires must cross it (107 108)
[final]   355.63s    [Coupler Insertion] chain 5 edge 5->6: 1 plain wire must cross it (110)
[final]   355.63s    [Coupler Insertion] chain 6 edge 1->2: 2 plain wires must cross it (116 117)
[final]   355.63s    [Coupler Insertion] chain 6 edge 2->3: 4 plain wires must cross it (119 120 121 122)
[final]   355.63s    [Coupler Insertion] chain 6 edge 3->4: 1 plain wire must cross it (124)
[final]   355.63s    [Coupler Insertion] chain 6 edge 4->5: 1 plain wire must cross it (126)
[final]   355.63s    [Coupler Insertion] chain 6 edge 5->6: 4 plain wires must cross it (128 129 130 131)
[final]   355.63s    [Coupler Insertion] chain 7 edge 1->2: 5 plain wires must cross it (138 139 140 141 142)
[final]   355.63s    [Coupler Insertion] chain 7 edge 2->3: 2 plain wires must cross it (144 145)
[final]   355.63s    [Coupler Insertion] chain 7 edge 3->4: 1 plain wire must cross it (147)
[final]   355.63s    [Coupler Insertion] chain 7 edge 4->5: 4 plain wires must cross it (149 150 151 152)
[final]   355.63s    [Coupler Insertion] chain 7 edge 5->6: 4 plain wires must cross it (154 155 156 157)
[final]   355.63s    [Coupler Insertion] chain 8 edge 1->2: 2 plain wires must cross it (162 163)
[final]   355.63s    [Coupler Insertion] chain 8 edge 2->3: 1 plain wire must cross it (165)
[final]   355.63s    [Coupler Insertion] chain 8 edge 3->4: 1 plain wire must cross it (167)
[final]   355.63s    [Coupler Insertion] chain 8 edge 4->5: 2 plain wires must cross it (169 170)
[final]   355.63s    [Coupler Insertion] chain 8 edge 5->6: 3 plain wires must cross it (172 173 174)
[final]   355.63s    [Coupler Insertion] chain 9 edge 1->2: 3 plain wires must cross it (181 182 183)
[final]   355.63s    [Coupler Insertion] chain 9 edge 2->3: 2 plain wires must cross it (185 186)
[final]   355.63s    [Coupler Insertion] chain 9 edge 3->4: 1 plain wire must cross it (188)
[final]   355.63s    [Coupler Insertion] chain 9 edge 4->5: 2 plain wires must cross it (190 191)
[final]   355.63s    [Coupler Insertion] chain 9 edge 5->6: 2 plain wires must cross it (193 194)
[final]   355.63s    [Coupler Insertion] chain 10 edge 1->2: 2 plain wires must cross it (202 203)
[final]   355.63s    [Coupler Insertion] chain 10 edge 3->4: 1 plain wire must cross it (206)
[final]   355.63s    [Coupler Insertion] chain 10 edge 4->5: 4 plain wires must cross it (208 209 210 211)
[final]   355.63s    [Coupler Insertion] chain 11 edge 1->2: 4 plain wires must cross it (219 220 221 222)
[final]   355.63s    [Coupler Insertion] chain 11 edge 2->3: 1 plain wire must cross it (224)
[final]   355.63s    [Coupler Insertion] chain 11 edge 3->4: 2 plain wires must cross it (226 227)
[final]   355.63s    [Coupler Insertion] chain 11 edge 4->5: 1 plain wire must cross it (229)
[final]   355.63s    [Coupler Insertion] chain 11 edge 5->6: 2 plain wires must cross it (1 2)
[final]   355.63s  [Coupler Insertion] settings: search prefix A* (default), each chain on its own chip yes (default), commit keeps the search's ways no (default), 10s a chain (default), shortfall 30% (default); room: pitch 20 (default), margin 10 (default), channel reach 80 (default), channel count ways (default), report yes (default)
[final]   355.67s    fence for edge c0-0to1: 0 ways (1 neighbours), 0 cells closed
[final]   355.78s    fence for edge c0-1to2: 0 ways (2 neighbours), 0 cells closed
[final]   355.78s    edge c0-1to2: 48 cells of its slots (26 and 26 cells) were closed and are open again
[final]   355.85s    fence for edge c0-1to2: 0 ways (2 neighbours), 0 cells closed
[final]   355.85s    edge c0-1to2: 24 cells of its slots (26 and 20 cells) were closed and are open again
[final]   355.92s    fence for edge c0-2to3: 0 ways (2 neighbours), 0 cells closed
[final]   355.92s    edge c0-2to3: 16 cells of its slots (20 and 26 cells) were closed and are open again
[final]   355.98s    fence for edge c0-2to3: 0 ways (2 neighbours), 0 cells closed
[final]   355.98s    edge c0-2to3: 40 cells of its slots (20 and 26 cells) were closed and are open again
[final]   356.05s    fence for edge c0-2to3: 0 ways (2 neighbours), 0 cells closed
[final]   356.05s    edge c0-2to3: 16 cells of its slots (20 and 20 cells) were closed and are open again
[final]   356.13s    fence for edge c0-2to3: 0 ways (2 neighbours), 0 cells closed
[final]   356.13s    edge c0-2to3: 32 cells of its slots (20 and 20 cells) were closed and are open again
[final]   356.19s    fence for edge c0-3to4: 0 ways (2 neighbours), 0 cells closed
[final]   356.26s    fence for edge c0-4to5: 0 ways (2 neighbours), 0 cells closed
[final]   356.26s    edge c0-4to5: 48 cells of its slots (26 and 26 cells) were closed and are open again
[final]   356.32s    fence for edge c0-4to5: 0 ways (2 neighbours), 0 cells closed
[final]   356.33s    edge c0-4to5: 24 cells of its slots (26 and 20 cells) were closed and are open again
[final]   356.39s    fence for edge c0-5to6: 0 ways (1 neighbours), 0 cells closed
[final]   356.39s    edge c0-5to6: 16 cells of its slots (20 and 20 cells) were closed and are open again
[final]   356.48s    [Coupler Insertion]   chain 0: every feedline edge drawn on options launcher 0 6 9 0 35 launcher -> cost 140000
[final]   356.48s  [Coupler Insertion] chain 0: optimum 140000 over 7 layers, 6 prefixes expanded, 11 steps routed
[final]   356.53s    fence for edge c1-0to1: 0 ways (1 neighbours), 0 cells closed
[final]   356.69s    fence for edge c1-0to1: 0 ways (1 neighbours), 0 cells closed
[final]   356.69s    edge c1-0to1: 24 cells of its slots (20 and 26 cells) were closed and are open again
[final]   356.84s    fence for edge c1-0to1: 0 ways (1 neighbours), 0 cells closed
[final]   356.96s    fence for edge c1-0to1: 0 ways (1 neighbours), 0 cells closed
[final]   357.13s    fence for edge c1-0to1: 0 ways (1 neighbours), 0 cells closed
[final]   357.13s    edge c1-0to1: 16 cells of its slots (20 and 20 cells) were closed and are open again
[final]   357.31s    fence for edge c1-1to2: 0 ways (2 neighbours), 0 cells closed
[final]   357.31s    edge c1-1to2: 24 cells of its slots (26 and 26 cells) were closed and are open again
[final]   357.37s    fence for edge c1-1to2: 0 ways (2 neighbours), 0 cells closed
[final]   357.37s    edge c1-1to2: 48 cells of its slots (26 and 26 cells) were closed and are open again
[final]   357.44s    fence for edge c1-2to3: 0 ways (2 neighbours), 0 cells closed
[final]   357.50s    fence for edge c1-3to4: 0 ways (2 neighbours), 0 cells closed
[final]   357.51s    edge c1-3to4: 16 cells of its slots (20 and 26 cells) were closed and are open again
[final]   357.57s    fence for edge c1-4to5: 0 ways (2 neighbours), 0 cells closed
[final]   357.57s    edge c1-4to5: 24 cells of its slots (26 and 26 cells) were closed and are open again
[final]   357.64s    fence for edge c1-5to6: 0 ways (2 neighbours), 0 cells closed
[final]   357.64s    edge c1-5to6: 24 cells of its slots (26 and 26 cells) were closed and are open again
[final]   357.71s    fence for edge c1-5to6: 0 ways (2 neighbours), 0 cells closed
[final]   357.71s    edge c1-5to6: 48 cells of its slots (26 and 26 cells) were closed and are open again
[final]   357.77s    fence for edge c1-6to7: 0 ways (1 neighbours), 0 cells closed
[final]   357.83s    [Coupler Insertion]   chain 1: every feedline edge drawn on options launcher 0 3 6 0 0 3 launcher -> cost 180000
[final]   357.88s    fence for edge c1-5to6: 0 ways (2 neighbours), 0 cells closed
[final]   357.88s    edge c1-5to6: 24 cells of its slots (26 and 20 cells) were closed and are open again
[final]   357.94s    fence for edge c1-6to7: 0 ways (1 neighbours), 0 cells closed
[final]   357.94s    edge c1-6to7: 16 cells of its slots (20 and 20 cells) were closed and are open again
[final]   358.00s    [Coupler Insertion]   chain 1: every feedline edge drawn on options launcher 0 3 6 0 0 6 launcher -> cost 180000
[final]   358.04s    fence for edge c1-5to6: 0 ways (2 neighbours), 0 cells closed
[final]   358.04s    edge c1-5to6: 40 cells of its slots (26 and 20 cells) were closed and are open again
[final]   358.11s    fence for edge c1-6to7: 0 ways (1 neighbours), 0 cells closed
[final]   358.16s    [Coupler Insertion]   chain 1: every feedline edge drawn on options launcher 0 3 6 0 0 9 launcher -> cost 180000
[final]   358.21s    fence for edge c1-5to6: 0 ways (2 neighbours), 0 cells closed
[final]   358.21s    edge c1-5to6: 40 cells of its slots (26 and 20 cells) were closed and are open again
[final]   358.29s    fence for edge c1-4to5: 0 ways (2 neighbours), 0 cells closed
[final]   358.29s    edge c1-4to5: 48 cells of its slots (26 and 26 cells) were closed and are open again
[final]   358.36s    fence for edge c1-5to6: 0 ways (2 neighbours), 0 cells closed
[final]   358.36s    edge c1-5to6: 24 cells of its slots (26 and 26 cells) were closed and are open again
[final]   358.42s    fence for edge c1-5to6: 0 ways (2 neighbours), 0 cells closed
[final]   358.49s    fence for edge c1-6to7: 0 ways (1 neighbours), 0 cells closed
[final]   358.49s    edge c1-6to7: 16 cells of its slots (20 and 20 cells) were closed and are open again
[final]   358.54s    [Coupler Insertion]   chain 1: every feedline edge drawn on options launcher 0 3 6 0 3 6 launcher -> cost 180000
[final]   358.59s    fence for edge c1-5to6: 0 ways (2 neighbours), 0 cells closed
[final]   358.59s    edge c1-5to6: 16 cells of its slots (26 and 20 cells) were closed and are open again
[final]   358.65s    fence for edge c1-6to7: 0 ways (1 neighbours), 0 cells closed
[final]   358.70s    [Coupler Insertion]   chain 1: every feedline edge drawn on options launcher 0 3 6 0 3 9 launcher -> cost 180000
[final]   358.75s    fence for edge c1-4to5: 0 ways (2 neighbours), 0 cells closed
[final]   358.75s    edge c1-4to5: 24 cells of its slots (26 and 20 cells) were closed and are open again
[final]   358.82s    fence for edge c1-5to6: 0 ways (2 neighbours), 0 cells closed
[final]   358.82s    edge c1-5to6: 40 cells of its slots (20 and 26 cells) were closed and are open again
[final]   358.89s    fence for edge c1-6to7: 0 ways (1 neighbours), 0 cells closed
[final]   358.96s    [Coupler Insertion]   chain 1: every feedline edge drawn on options launcher 0 3 6 0 6 3 launcher -> cost 180000
[final]   359.02s    fence for edge c1-4to5: 0 ways (2 neighbours), 0 cells closed
[final]   359.02s    edge c1-4to5: 40 cells of its slots (26 and 20 cells) were closed and are open again
[final]   359.10s    fence for edge c1-5to6: 0 ways (2 neighbours), 0 cells closed
[final]   359.10s    edge c1-5to6: 24 cells of its slots (20 and 26 cells) were closed and are open again
[final]   359.16s    fence for edge c1-6to7: 0 ways (1 neighbours), 0 cells closed
[final]   359.22s    [Coupler Insertion]   chain 1: every feedline edge drawn on options launcher 0 3 6 0 9 3 launcher -> cost 180000
[final]   359.26s    fence for edge c1-4to5: 0 ways (2 neighbours), 0 cells closed
[final]   359.26s    edge c1-4to5: 24 cells of its slots (26 and 26 cells) were closed and are open again
[final]   359.33s    fence for edge c1-5to6: 0 ways (2 neighbours), 0 cells closed
[final]   359.33s    edge c1-5to6: 24 cells of its slots (26 and 26 cells) were closed and are open again
[final]   359.40s    fence for edge c1-6to7: 0 ways (1 neighbours), 0 cells closed
[final]   359.40s    edge c1-6to7: 24 cells of its slots (26 and 20 cells) were closed and are open again
[final]   359.46s    [Coupler Insertion]   chain 1: every feedline edge drawn on options launcher 0 3 6 0 31 0 launcher -> cost 180000
[final]   359.51s    fence for edge c1-5to6: 0 ways (2 neighbours), 0 cells closed
[final]   359.51s    edge c1-5to6: 48 cells of its slots (26 and 26 cells) were closed and are open again
[final]   359.58s    fence for edge c1-6to7: 0 ways (1 neighbours), 0 cells closed
[final]   359.63s    [Coupler Insertion]   chain 1: every feedline edge drawn on options launcher 0 3 6 0 31 3 launcher -> cost 180000
[final]   359.68s    fence for edge c1-5to6: 0 ways (2 neighbours), 0 cells closed
[final]   359.68s    edge c1-5to6: 24 cells of its slots (26 and 20 cells) were closed and are open again
[final]   359.74s    fence for edge c1-6to7: 0 ways (1 neighbours), 0 cells closed
[final]   359.74s    edge c1-6to7: 16 cells of its slots (20 and 20 cells) were closed and are open again
[final]   359.80s    [Coupler Insertion]   chain 1: every feedline edge drawn on options launcher 0 3 6 0 31 6 launcher -> cost 180000
[final]   359.84s    fence for edge c1-5to6: 0 ways (2 neighbours), 0 cells closed
[final]   359.84s    edge c1-5to6: 40 cells of its slots (26 and 20 cells) were closed and are open again
[final]   359.91s    fence for edge c1-6to7: 0 ways (1 neighbours), 0 cells closed
[final]   359.96s    [Coupler Insertion]   chain 1: every feedline edge drawn on options launcher 0 3 6 0 31 9 launcher -> cost 180000
[final]   360.00s    fence for edge c1-5to6: 0 ways (2 neighbours), 0 cells closed
[final]   360.00s    edge c1-5to6: 24 cells of its slots (26 and 20 cells) were closed and are open again
[final]   360.10s    fence for edge c1-5to6: 0 ways (2 neighbours), 0 cells closed
[final]   360.10s    edge c1-5to6: 40 cells of its slots (26 and 20 cells) were closed and are open again
[final]   360.19s    fence for edge c1-4to5: 0 ways (2 neighbours), 0 cells closed
[final]   360.19s    edge c1-4to5: 48 cells of its slots (26 and 26 cells) were closed and are open again
[final]   360.26s    fence for edge c1-5to6: 0 ways (2 neighbours), 0 cells closed
[final]   360.34s    fence for edge c1-5to6: 0 ways (2 neighbours), 0 cells closed
[final]   360.35s    edge c1-5to6: 24 cells of its slots (26 and 26 cells) were closed and are open again
[final]   360.41s    fence for edge c1-6to7: 0 ways (1 neighbours), 0 cells closed
[final]   360.47s    [Coupler Insertion]   chain 1: every feedline edge drawn on options launcher 0 3 6 0 34 3 launcher -> cost 180000
[final]   360.52s    fence for edge c1-5to6: 0 ways (2 neighbours), 0 cells closed
[final]   360.58s    fence for edge c1-6to7: 0 ways (1 neighbours), 0 cells closed
[final]   360.58s    edge c1-6to7: 16 cells of its slots (20 and 20 cells) were closed and are open again
[final]   360.64s    [Coupler Insertion]   chain 1: every feedline edge drawn on options launcher 0 3 6 0 34 6 launcher -> cost 180000
[final]   360.68s    fence for edge c1-5to6: 0 ways (2 neighbours), 0 cells closed
[final]   360.68s    edge c1-5to6: 16 cells of its slots (26 and 20 cells) were closed and are open again
[final]   360.75s    fence for edge c1-6to7: 0 ways (1 neighbours), 0 cells closed
[final]   360.80s    [Coupler Insertion]   chain 1: every feedline edge drawn on options launcher 0 3 6 0 34 9 launcher -> cost 180000
[final]   360.84s    fence for edge c1-5to6: 0 ways (2 neighbours), 0 cells closed
[final]   360.84s    edge c1-5to6: 16 cells of its slots (26 and 20 cells) were closed and are open again
[final]   360.94s    fence for edge c1-4to5: 0 ways (2 neighbours), 0 cells closed
[final]   360.94s    edge c1-4to5: 24 cells of its slots (26 and 20 cells) were closed and are open again
[final]   361.01s    fence for edge c1-5to6: 0 ways (2 neighbours), 0 cells closed
[final]   361.01s    edge c1-5to6: 16 cells of its slots (20 and 26 cells) were closed and are open again
[final]   361.08s    fence for edge c1-5to6: 0 ways (2 neighbours), 0 cells closed
[final]   361.08s    edge c1-5to6: 40 cells of its slots (20 and 26 cells) were closed and are open again
[final]   361.15s    fence for edge c1-6to7: 0 ways (1 neighbours), 0 cells closed
[final]   361.20s    [Coupler Insertion]   chain 1: every feedline edge drawn on options launcher 0 3 6 0 37 3 launcher -> cost 180000
[final]   361.25s    fence for edge c1-5to6: 0 ways (2 neighbours), 0 cells closed
[final]   361.25s    edge c1-5to6: 16 cells of its slots (20 and 20 cells) were closed and are open again
[final]   361.32s    fence for edge c1-6to7: 0 ways (1 neighbours), 0 cells closed
[final]   361.32s    edge c1-6to7: 16 cells of its slots (20 and 20 cells) were closed and are open again
[final]   361.37s    [Coupler Insertion]   chain 1: every feedline edge drawn on options launcher 0 3 6 0 37 6 launcher -> cost 180000
[final]   361.42s    fence for edge c1-5to6: 0 ways (2 neighbours), 0 cells closed
[final]   361.42s    edge c1-5to6: 32 cells of its slots (20 and 20 cells) were closed and are open again
[final]   361.48s    fence for edge c1-6to7: 0 ways (1 neighbours), 0 cells closed
[final]   361.53s    [Coupler Insertion]   chain 1: every feedline edge drawn on options launcher 0 3 6 0 37 9 launcher -> cost 180000
[final]   361.58s    fence for edge c1-5to6: 0 ways (2 neighbours), 0 cells closed
[final]   361.58s    edge c1-5to6: 16 cells of its slots (20 and 20 cells) were closed and are open again
[final]   361.66s    fence for edge c1-5to6: 0 ways (2 neighbours), 0 cells closed
[final]   361.66s    edge c1-5to6: 32 cells of its slots (20 and 20 cells) were closed and are open again
[final]   361.75s    fence for edge c1-4to5: 0 ways (2 neighbours), 0 cells closed
[final]   361.75s    edge c1-4to5: 40 cells of its slots (26 and 20 cells) were closed and are open again
[final]   361.82s    fence for edge c1-5to6: 0 ways (2 neighbours), 0 cells closed
[final]   361.90s    fence for edge c1-5to6: 0 ways (2 neighbours), 0 cells closed
[final]   361.90s    edge c1-5to6: 24 cells of its slots (20 and 26 cells) were closed and are open again
[final]   361.97s    fence for edge c1-5to6: 0 ways (2 neighbours), 0 cells closed
[final]   362.04s    fence for edge c1-6to7: 0 ways (1 neighbours), 0 cells closed
[final]   362.04s    edge c1-6to7: 16 cells of its slots (20 and 20 cells) were closed and are open again
[final]   362.09s    [Coupler Insertion]   chain 1: every feedline edge drawn on options launcher 0 3 6 0 40 6 launcher -> cost 180000
[final]   362.14s    fence for edge c1-5to6: 0 ways (2 neighbours), 0 cells closed
[final]   362.14s    edge c1-5to6: 16 cells of its slots (20 and 20 cells) were closed and are open again
[final]   362.20s    fence for edge c1-6to7: 0 ways (1 neighbours), 0 cells closed
[final]   362.25s    [Coupler Insertion]   chain 1: every feedline edge drawn on options launcher 0 3 6 0 40 9 launcher -> cost 180000
[final]   362.30s    fence for edge c1-5to6: 0 ways (2 neighbours), 0 cells closed
[final]   362.30s    edge c1-5to6: 16 cells of its slots (20 and 20 cells) were closed and are open again
[final]   362.38s    fence for edge c1-3to4: 0 ways (2 neighbours), 0 cells closed
[final]   362.38s    edge c1-3to4: 40 cells of its slots (20 and 26 cells) were closed and are open again
[final]   362.45s    fence for edge c1-4to5: 0 ways (2 neighbours), 0 cells closed
[final]   362.51s    fence for edge c1-5to6: 0 ways (2 neighbours), 0 cells closed
[final]   362.51s    edge c1-5to6: 24 cells of its slots (26 and 26 cells) were closed and are open again
[final]   362.58s    fence for edge c1-5to6: 0 ways (2 neighbours), 0 cells closed
[final]   362.58s    edge c1-5to6: 48 cells of its slots (26 and 26 cells) were closed and are open again
[final]   362.65s    fence for edge c1-6to7: 0 ways (1 neighbours), 0 cells closed
[final]   362.70s    [Coupler Insertion]   chain 1: every feedline edge drawn on options launcher 0 3 6 3 0 3 launcher -> cost 180000
[final]   362.75s    fence for edge c1-5to6: 0 ways (2 neighbours), 0 cells closed
[final]   362.75s    edge c1-5to6: 24 cells of its slots (26 and 20 cells) were closed and are open again
[final]   362.81s    fence for edge c1-6to7: 0 ways (1 neighbours), 0 cells closed
[final]   362.81s    edge c1-6to7: 16 cells of its slots (20 and 20 cells) were closed and are open again
[final]   362.87s    [Coupler Insertion]   chain 1: every feedline edge drawn on options launcher 0 3 6 3 0 6 launcher -> cost 180000
[final]   362.91s    fence for edge c1-5to6: 0 ways (2 neighbours), 0 cells closed
[final]   362.92s    edge c1-5to6: 40 cells of its slots (26 and 20 cells) were closed and are open again
[final]   362.98s    fence for edge c1-6to7: 0 ways (1 neighbours), 0 cells closed
[final]   363.03s    [Coupler Insertion]   chain 1: every feedline edge drawn on options launcher 0 3 6 3 0 9 launcher -> cost 180000
[final]   363.07s    fence for edge c1-5to6: 0 ways (2 neighbours), 0 cells closed
[final]   363.07s    edge c1-5to6: 40 cells of its slots (26 and 20 cells) were closed and are open again
[final]   363.15s    fence for edge c1-4to5: 0 ways (2 neighbours), 0 cells closed
[final]   363.15s    edge c1-4to5: 24 cells of its slots (26 and 26 cells) were closed and are open again
[final]   363.22s    fence for edge c1-5to6: 0 ways (2 neighbours), 0 cells closed
[final]   363.22s    edge c1-5to6: 24 cells of its slots (26 and 26 cells) were closed and are open again
[final]   363.29s    fence for edge c1-5to6: 0 ways (2 neighbours), 0 cells closed
[final]   363.35s    fence for edge c1-6to7: 0 ways (1 neighbours), 0 cells closed
[final]   363.35s    edge c1-6to7: 16 cells of its slots (20 and 20 cells) were closed and are open again
[final]   363.40s    [Coupler Insertion]   chain 1: every feedline edge drawn on options launcher 0 3 6 3 3 6 launcher -> cost 180000
[final]   363.45s    fence for edge c1-5to6: 0 ways (2 neighbours), 0 cells closed
[final]   363.45s    edge c1-5to6: 16 cells of its slots (26 and 20 cells) were closed and are open again
[final]   363.52s    fence for edge c1-6to7: 0 ways (1 neighbours), 0 cells closed
[final]   363.56s    [Coupler Insertion]   chain 1: every feedline edge drawn on options launcher 0 3 6 3 3 9 launcher -> cost 180000
[final]   363.61s    fence for edge c1-4to5: 0 ways (2 neighbours), 0 cells closed
[final]   363.68s    fence for edge c1-5to6: 0 ways (2 neighbours), 0 cells closed
[final]   363.68s    edge c1-5to6: 40 cells of its slots (20 and 26 cells) were closed and are open again
[final]   363.75s    fence for edge c1-6to7: 0 ways (1 neighbours), 0 cells closed
[final]   363.80s    [Coupler Insertion]   chain 1: every feedline edge drawn on options launcher 0 3 6 3 6 3 launcher -> cost 180000
[final]   363.85s    fence for edge c1-4to5: 0 ways (2 neighbours), 0 cells closed
[final]   363.85s    edge c1-4to5: 16 cells of its slots (26 and 20 cells) were closed and are open again
[final]   363.92s    fence for edge c1-5to6: 0 ways (2 neighbours), 0 cells closed
[final]   363.92s    edge c1-5to6: 24 cells of its slots (20 and 26 cells) were closed and are open again
[final]   363.98s    fence for edge c1-6to7: 0 ways (1 neighbours), 0 cells closed
[final]   364.03s    [Coupler Insertion]   chain 1: every feedline edge drawn on options launcher 0 3 6 3 9 3 launcher -> cost 180000
[final]   364.08s    fence for edge c1-4to5: 0 ways (2 neighbours), 0 cells closed
[final]   364.15s    fence for edge c1-5to6: 0 ways (2 neighbours), 0 cells closed
[final]   364.15s    edge c1-5to6: 24 cells of its slots (26 and 26 cells) were closed and are open again
[final]   364.22s    fence for edge c1-6to7: 0 ways (1 neighbours), 0 cells closed
[final]   364.22s    edge c1-6to7: 24 cells of its slots (26 and 20 cells) were closed and are open again
[final]   364.28s    [Coupler Insertion]   chain 1: every feedline edge drawn on options launcher 0 3 6 3 31 0 launcher -> cost 180000
[final]   364.32s    fence for edge c1-5to6: 0 ways (2 neighbours), 0 cells closed
[final]   364.32s    edge c1-5to6: 48 cells of its slots (26 and 26 cells) were closed and are open again
[final]   364.39s    fence for edge c1-6to7: 0 ways (1 neighbours), 0 cells closed
[final]   364.45s    [Coupler Insertion]   chain 1: every feedline edge drawn on options launcher 0 3 6 3 31 3 launcher -> cost 180000
[final]   364.49s    fence for edge c1-5to6: 0 ways (2 neighbours), 0 cells closed
[final]   364.49s    edge c1-5to6: 24 cells of its slots (26 and 20 cells) were closed and are open again
[final]   364.56s    fence for edge c1-6to7: 0 ways (1 neighbours), 0 cells closed
[final]   364.56s    edge c1-6to7: 16 cells of its slots (20 and 20 cells) were closed and are open again
[final]   364.61s    [Coupler Insertion]   chain 1: every feedline edge drawn on options launcher 0 3 6 3 31 6 launcher -> cost 180000
[final]   364.66s    fence for edge c1-5to6: 0 ways (2 neighbours), 0 cells closed
[final]   364.66s    edge c1-5to6: 40 cells of its slots (26 and 20 cells) were closed and are open again
[final]   364.72s    fence for edge c1-6to7: 0 ways (1 neighbours), 0 cells closed
[final]   364.77s    [Coupler Insertion]   chain 1: every feedline edge drawn on options launcher 0 3 6 3 31 9 launcher -> cost 180000
[final]   364.82s    fence for edge c1-5to6: 0 ways (2 neighbours), 0 cells closed
[final]   364.82s    edge c1-5to6: 24 cells of its slots (26 and 20 cells) were closed and are open again
[final]   364.91s    fence for edge c1-5to6: 0 ways (2 neighbours), 0 cells closed
[final]   364.91s    edge c1-5to6: 40 cells of its slots (26 and 20 cells) were closed and are open again
[final]   365.01s    fence for edge c1-4to5: 0 ways (2 neighbours), 0 cells closed
[final]   365.01s    edge c1-4to5: 24 cells of its slots (26 and 26 cells) were closed and are open again
[final]   365.07s    fence for edge c1-5to6: 0 ways (2 neighbours), 0 cells closed
[final]   365.16s    fence for edge c1-5to6: 0 ways (2 neighbours), 0 cells closed
[final]   365.16s    edge c1-5to6: 24 cells of its slots (26 and 26 cells) were closed and are open again
[final]   365.23s    fence for edge c1-6to7: 0 ways (1 neighbours), 0 cells closed
[final]   365.28s    [Coupler Insertion]   chain 1: every feedline edge drawn on options launcher 0 3 6 3 34 3 launcher -> cost 180000
[final]   365.33s    fence for edge c1-5to6: 0 ways (2 neighbours), 0 cells closed
[final]   365.39s    fence for edge c1-6to7: 0 ways (1 neighbours), 0 cells closed
[final]   365.39s    edge c1-6to7: 16 cells of its slots (20 and 20 cells) were closed and are open again
[final]   365.45s    [Coupler Insertion]   chain 1: every feedline edge drawn on options launcher 0 3 6 3 34 6 launcher -> cost 180000
[final]   365.49s    fence for edge c1-5to6: 0 ways (2 neighbours), 0 cells closed
[final]   365.49s    edge c1-5to6: 16 cells of its slots (26 and 20 cells) were closed and are open again
[final]   365.56s    fence for edge c1-6to7: 0 ways (1 neighbours), 0 cells closed
[final]   365.61s    [Coupler Insertion]   chain 1: every feedline edge drawn on options launcher 0 3 6 3 34 9 launcher -> cost 180000
[final]   365.65s    fence for edge c1-5to6: 0 ways (2 neighbours), 0 cells closed
[final]   365.66s    edge c1-5to6: 16 cells of its slots (26 and 20 cells) were closed and are open again
[final]   365.75s    fence for edge c1-4to5: 0 ways (2 neighbours), 0 cells closed
[final]   365.82s    fence for edge c1-5to6: 0 ways (2 neighbours), 0 cells closed
[final]   365.82s    edge c1-5to6: 16 cells of its slots (20 and 26 cells) were closed and are open again
[final]   365.89s    fence for edge c1-5to6: 0 ways (2 neighbours), 0 cells closed
[final]   365.89s    edge c1-5to6: 40 cells of its slots (20 and 26 cells) were closed and are open again
[final]   365.96s    fence for edge c1-6to7: 0 ways (1 neighbours), 0 cells closed
[final]   366.01s    [Coupler Insertion]   chain 1: every feedline edge drawn on options launcher 0 3 6 3 37 3 launcher -> cost 180000
[final]   366.06s    fence for edge c1-5to6: 0 ways (2 neighbours), 0 cells closed
[final]   366.06s    edge c1-5to6: 16 cells of its slots (20 and 20 cells) were closed and are open again
[final]   366.13s    fence for edge c1-6to7: 0 ways (1 neighbours), 0 cells closed
[final]   366.13s    edge c1-6to7: 16 cells of its slots (20 and 20 cells) were closed and are open again
[final]   366.18s    [Coupler Insertion]   chain 1: every feedline edge drawn on options launcher 0 3 6 3 37 6 launcher -> cost 180000
[final]   366.22s    fence for edge c1-5to6: 0 ways (2 neighbours), 0 cells closed
[final]   366.22s    edge c1-5to6: 32 cells of its slots (20 and 20 cells) were closed and are open again
[final]   366.29s    fence for edge c1-6to7: 0 ways (1 neighbours), 0 cells closed
[final]   366.34s    [Coupler Insertion]   chain 1: every feedline edge drawn on options launcher 0 3 6 3 37 9 launcher -> cost 180000
[final]   366.38s    fence for edge c1-5to6: 0 ways (2 neighbours), 0 cells closed
[final]   366.38s    edge c1-5to6: 16 cells of its slots (20 and 20 cells) were closed and are open again
[final]   366.47s    fence for edge c1-5to6: 0 ways (2 neighbours), 0 cells closed
[final]   366.47s    edge c1-5to6: 32 cells of its slots (20 and 20 cells) were closed and are open again
[final]   366.51s  [Coupler Insertion] chain 1: best in the time given 180000 over 8 layers, 57 prefixes expanded, 120 steps routed
[final]   366.56s    fence for edge c2-0to1: 0 ways (1 neighbours), 0 cells closed
[final]   366.71s    fence for edge c2-1to2: 0 ways (2 neighbours), 0 cells closed
[final]   366.71s    edge c2-1to2: 16 cells of its slots (20 and 26 cells) were closed and are open again
[final]   366.77s    fence for edge c2-1to2: 0 ways (2 neighbours), 0 cells closed
[final]   366.77s    edge c2-1to2: 40 cells of its slots (20 and 26 cells) were closed and are open again
[final]   366.84s    fence for edge c2-2to3: 0 ways (2 neighbours), 0 cells closed
[final]   366.90s    fence for edge c2-3to4: 0 ways (2 neighbours), 0 cells closed
[final]   366.90s    edge c2-3to4: 24 cells of its slots (26 and 26 cells) were closed and are open again
[final]   366.97s    fence for edge c2-4to5: 0 ways (2 neighbours), 0 cells closed
[final]   366.97s    edge c2-4to5: 24 cells of its slots (26 and 26 cells) were closed and are open again
[final]   367.04s    fence for edge c2-5to6: 0 ways (1 neighbours), 0 cells closed
[final]   367.04s    edge c2-5to6: 24 cells of its slots (26 and 20 cells) were closed and are open again
[final]   367.07s    [Coupler Insertion]   chain 2: every feedline edge drawn on options launcher 6 3 0 0 34 launcher -> cost 140000
[final]   367.07s  [Coupler Insertion] chain 2: optimum 140000 over 7 layers, 6 prefixes expanded, 7 steps routed
[final]   367.12s    fence for edge c3-0to1: 0 ways (1 neighbours), 0 cells closed
[final]   367.22s    fence for edge c3-1to2: 0 ways (2 neighbours), 0 cells closed
[final]   367.22s    edge c3-1to2: 24 cells of its slots (26 and 20 cells) were closed and are open again
[final]   367.28s    fence for edge c3-2to3: 0 ways (2 neighbours), 0 cells closed
[final]   367.28s    edge c3-2to3: 16 cells of its slots (20 and 26 cells) were closed and are open again
[final]   367.35s    fence for edge c3-3to4: 0 ways (2 neighbours), 0 cells closed
[final]   367.35s    edge c3-3to4: 24 cells of its slots (26 and 26 cells) were closed and are open again
[final]   367.42s    fence for edge c3-4to5: 0 ways (2 neighbours), 0 cells closed
[final]   367.42s    edge c3-4to5: 24 cells of its slots (26 and 26 cells) were closed and are open again
[final]   367.48s    fence for edge c3-5to6: 0 ways (2 neighbours), 0 cells closed
[final]   367.48s    edge c3-5to6: 24 cells of its slots (26 and 26 cells) were closed and are open again
[final]   367.57s    fence for edge c3-5to6: 0 ways (2 neighbours), 0 cells closed
[final]   367.57s    edge c3-5to6: 48 cells of its slots (26 and 26 cells) were closed and are open again
[final]   367.64s    fence for edge c3-6to7: 0 ways (1 neighbours), 0 cells closed
[final]   367.71s    [Coupler Insertion]   chain 3: every feedline edge drawn on options launcher 0 30 0 0 0 3 launcher -> cost 160000
[final]   367.71s  [Coupler Insertion] chain 3: optimum 160000 over 8 layers, 7 prefixes expanded, 8 steps routed
[final]   367.76s    fence for edge c4-0to1: 0 ways (1 neighbours), 0 cells closed
[final]   367.89s    fence for edge c4-0to1: 0 ways (1 neighbours), 0 cells closed
[final]   367.89s    edge c4-0to1: 24 cells of its slots (20 and 26 cells) were closed and are open again
[final]   368.03s    fence for edge c4-0to1: 0 ways (1 neighbours), 0 cells closed
[final]   368.14s    fence for edge c4-0to1: 0 ways (1 neighbours), 0 cells closed
[final]   368.14s    edge c4-0to1: 16 cells of its slots (20 and 20 cells) were closed and are open again
[final]   368.25s    fence for edge c4-0to1: 0 ways (1 neighbours), 0 cells closed
[final]   368.34s    fence for edge c4-1to2: 0 ways (2 neighbours), 0 cells closed
[final]   368.34s    edge c4-1to2: 24 cells of its slots (26 and 26 cells) were closed and are open again
[final]   368.41s    fence for edge c4-2to3: 0 ways (2 neighbours), 0 cells closed
[final]   368.41s    edge c4-2to3: 24 cells of its slots (26 and 20 cells) were closed and are open again
[final]   368.48s    fence for edge c4-3to4: 0 ways (2 neighbours), 0 cells closed
[final]   368.48s    edge c4-3to4: 16 cells of its slots (20 and 26 cells) were closed and are open again
[final]   368.54s    fence for edge c4-4to5: 0 ways (2 neighbours), 0 cells closed
[final]   368.54s    edge c4-4to5: 24 cells of its slots (26 and 26 cells) were closed and are open again
[final]   368.61s    fence for edge c4-5to6: 0 ways (2 neighbours), 0 cells closed
[final]   368.61s    edge c4-5to6: 24 cells of its slots (26 and 20 cells) were closed and are open again
[final]   368.69s    fence for edge c4-6to7: 0 ways (1 neighbours), 0 cells closed
[final]   368.69s    edge c4-6to7: 16 cells of its slots (20 and 20 cells) were closed and are open again
[final]   368.79s    [Coupler Insertion]   chain 4: every feedline edge drawn on options launcher 12 0 6 0 0 42 launcher -> cost 140000
[final]   368.84s    fence for edge c4-5to6: 0 ways (2 neighbours), 0 cells closed
[final]   368.84s    edge c4-5to6: 40 cells of its slots (26 and 20 cells) were closed and are open again
[final]   368.90s    fence for edge c4-6to7: 0 ways (1 neighbours), 0 cells closed
[final]   368.98s    [Coupler Insertion]   chain 4: every feedline edge drawn on options launcher 12 0 6 0 0 45 launcher -> cost 140000
[final]   369.03s    fence for edge c4-4to5: 0 ways (2 neighbours), 0 cells closed
[final]   369.03s    edge c4-4to5: 24 cells of its slots (26 and 20 cells) were closed and are open again
[final]   369.10s    fence for edge c4-5to6: 0 ways (2 neighbours), 0 cells closed
[final]   369.10s    edge c4-5to6: 16 cells of its slots (20 and 20 cells) were closed and are open again
[final]   369.17s    fence for edge c4-5to6: 0 ways (2 neighbours), 0 cells closed
[final]   369.17s    edge c4-5to6: 32 cells of its slots (20 and 20 cells) were closed and are open again
[final]   369.24s    fence for edge c4-4to5: 0 ways (2 neighbours), 0 cells closed
[final]   369.24s    edge c4-4to5: 24 cells of its slots (26 and 26 cells) were closed and are open again
[final]   369.31s    fence for edge c4-5to6: 0 ways (2 neighbours), 0 cells closed
[final]   369.31s    edge c4-5to6: 24 cells of its slots (26 and 26 cells) were closed and are open again
[final]   369.37s    fence for edge c4-6to7: 0 ways (1 neighbours), 0 cells closed
[final]   369.37s    edge c4-6to7: 24 cells of its slots (26 and 20 cells) were closed and are open again
[final]   369.45s    [Coupler Insertion]   chain 4: every feedline edge drawn on options launcher 12 0 6 0 36 0 launcher -> cost 140000
[final]   369.49s    fence for edge c4-5to6: 0 ways (2 neighbours), 0 cells closed
[final]   369.49s    edge c4-5to6: 48 cells of its slots (26 and 26 cells) were closed and are open again
[final]   369.56s    fence for edge c4-6to7: 0 ways (1 neighbours), 0 cells closed
[final]   369.66s    [Coupler Insertion]   chain 4: every feedline edge drawn on options launcher 12 0 6 0 36 3 launcher -> cost 160000
[final]   369.70s    fence for edge c4-5to6: 0 ways (2 neighbours), 0 cells closed
[final]   369.70s    edge c4-5to6: 24 cells of its slots (26 and 20 cells) were closed and are open again
[final]   369.77s    fence for edge c4-6to7: 0 ways (1 neighbours), 0 cells closed
[final]   369.77s    edge c4-6to7: 16 cells of its slots (20 and 20 cells) were closed and are open again
[final]   369.85s    [Coupler Insertion]   chain 4: every feedline edge drawn on options launcher 12 0 6 0 36 42 launcher -> cost 140000
[final]   369.90s    fence for edge c4-5to6: 0 ways (2 neighbours), 0 cells closed
[final]   369.90s    edge c4-5to6: 40 cells of its slots (26 and 20 cells) were closed and are open again
[final]   369.96s    fence for edge c4-6to7: 0 ways (1 neighbours), 0 cells closed
[final]   370.04s    [Coupler Insertion]   chain 4: every feedline edge drawn on options launcher 12 0 6 0 36 45 launcher -> cost 140000
[final]   370.09s    fence for edge c4-4to5: 0 ways (2 neighbours), 0 cells closed
[final]   370.09s    edge c4-4to5: 48 cells of its slots (26 and 26 cells) were closed and are open again
[final]   370.15s    fence for edge c4-5to6: 0 ways (2 neighbours), 0 cells closed
[final]   370.22s    fence for edge c4-6to7: 0 ways (1 neighbours), 0 cells closed
[final]   370.22s    edge c4-6to7: 24 cells of its slots (26 and 20 cells) were closed and are open again
[final]   370.29s    [Coupler Insertion]   chain 4: every feedline edge drawn on options launcher 12 0 6 0 39 0 launcher -> cost 140000
[final]   370.34s    fence for edge c4-5to6: 0 ways (2 neighbours), 0 cells closed
[final]   370.34s    edge c4-5to6: 24 cells of its slots (26 and 26 cells) were closed and are open again
[final]   370.40s    fence for edge c4-6to7: 0 ways (1 neighbours), 0 cells closed
[final]   370.49s    [Coupler Insertion]   chain 4: every feedline edge drawn on options launcher 12 0 6 0 39 3 launcher -> cost 160000
[final]   370.54s    fence for edge c4-5to6: 0 ways (2 neighbours), 0 cells closed
[final]   370.61s    fence for edge c4-6to7: 0 ways (1 neighbours), 0 cells closed
[final]   370.61s    edge c4-6to7: 16 cells of its slots (20 and 20 cells) were closed and are open again
[final]   370.68s    [Coupler Insertion]   chain 4: every feedline edge drawn on options launcher 12 0 6 0 39 42 launcher -> cost 140000
[final]   370.73s    fence for edge c4-5to6: 0 ways (2 neighbours), 0 cells closed
[final]   370.73s    edge c4-5to6: 16 cells of its slots (26 and 20 cells) were closed and are open again
[final]   370.80s    fence for edge c4-6to7: 0 ways (1 neighbours), 0 cells closed
[final]   370.87s    [Coupler Insertion]   chain 4: every feedline edge drawn on options launcher 12 0 6 0 39 45 launcher -> cost 140000
[final]   370.92s    fence for edge c4-4to5: 0 ways (2 neighbours), 0 cells closed
[final]   370.92s    edge c4-4to5: 24 cells of its slots (26 and 20 cells) were closed and are open again
[final]   370.98s    fence for edge c4-5to6: 0 ways (2 neighbours), 0 cells closed
[final]   370.98s    edge c4-5to6: 16 cells of its slots (20 and 26 cells) were closed and are open again
[final]   371.05s    fence for edge c4-6to7: 0 ways (1 neighbours), 0 cells closed
[final]   371.05s    edge c4-6to7: 24 cells of its slots (26 and 20 cells) were closed and are open again
[final]   371.12s    [Coupler Insertion]   chain 4: every feedline edge drawn on options launcher 12 0 6 0 42 0 launcher -> cost 140000
[final]   371.17s    fence for edge c4-5to6: 0 ways (2 neighbours), 0 cells closed
[final]   371.17s    edge c4-5to6: 40 cells of its slots (20 and 26 cells) were closed and are open again
[final]   371.23s    fence for edge c4-6to7: 0 ways (1 neighbours), 0 cells closed
[final]   371.32s    [Coupler Insertion]   chain 4: every feedline edge drawn on options launcher 12 0 6 0 42 3 launcher -> cost 160000
[final]   371.37s    fence for edge c4-5to6: 0 ways (2 neighbours), 0 cells closed
[final]   371.37s    edge c4-5to6: 16 cells of its slots (20 and 20 cells) were closed and are open again
[final]   371.43s    fence for edge c4-6to7: 0 ways (1 neighbours), 0 cells closed
[final]   371.43s    edge c4-6to7: 16 cells of its slots (20 and 20 cells) were closed and are open again
[final]   371.51s    [Coupler Insertion]   chain 4: every feedline edge drawn on options launcher 12 0 6 0 42 42 launcher -> cost 140000
[final]   371.56s    fence for edge c4-5to6: 0 ways (2 neighbours), 0 cells closed
[final]   371.56s    edge c4-5to6: 32 cells of its slots (20 and 20 cells) were closed and are open again
[final]   371.62s    fence for edge c4-6to7: 0 ways (1 neighbours), 0 cells closed
[final]   371.69s    [Coupler Insertion]   chain 4: every feedline edge drawn on options launcher 12 0 6 0 42 45 launcher -> cost 140000
[final]   371.74s    fence for edge c4-4to5: 0 ways (2 neighbours), 0 cells closed
[final]   371.74s    edge c4-4to5: 40 cells of its slots (26 and 20 cells) were closed and are open again
[final]   371.81s    fence for edge c4-5to6: 0 ways (2 neighbours), 0 cells closed
[final]   371.87s    fence for edge c4-6to7: 0 ways (1 neighbours), 0 cells closed
[final]   371.87s    edge c4-6to7: 24 cells of its slots (26 and 20 cells) were closed and are open again
[final]   371.94s    [Coupler Insertion]   chain 4: every feedline edge drawn on options launcher 12 0 6 0 45 0 launcher -> cost 140000
[final]   371.99s    fence for edge c4-5to6: 0 ways (2 neighbours), 0 cells closed
[final]   371.99s    edge c4-5to6: 24 cells of its slots (20 and 26 cells) were closed and are open again
[final]   372.05s    fence for edge c4-6to7: 0 ways (1 neighbours), 0 cells closed
[final]   372.15s    [Coupler Insertion]   chain 4: every feedline edge drawn on options launcher 12 0 6 0 45 3 launcher -> cost 160000
[final]   372.19s    fence for edge c4-5to6: 0 ways (2 neighbours), 0 cells closed
[final]   372.26s    fence for edge c4-5to6: 0 ways (2 neighbours), 0 cells closed
[final]   372.26s    edge c4-5to6: 16 cells of its slots (20 and 20 cells) were closed and are open again
[final]   372.32s    fence for edge c4-6to7: 0 ways (1 neighbours), 0 cells closed
[final]   372.40s    [Coupler Insertion]   chain 4: every feedline edge drawn on options launcher 12 0 6 0 45 45 launcher -> cost 140000
[final]   372.44s    fence for edge c4-3to4: 0 ways (2 neighbours), 0 cells closed
[final]   372.44s    edge c4-3to4: 40 cells of its slots (20 and 26 cells) were closed and are open again
[final]   372.51s    fence for edge c4-4to5: 0 ways (2 neighbours), 0 cells closed
[final]   372.57s    fence for edge c4-5to6: 0 ways (2 neighbours), 0 cells closed
[final]   372.57s    edge c4-5to6: 24 cells of its slots (26 and 20 cells) were closed and are open again
[final]   372.63s    fence for edge c4-6to7: 0 ways (1 neighbours), 0 cells closed
[final]   372.64s    edge c4-6to7: 16 cells of its slots (20 and 20 cells) were closed and are open again
[final]   372.71s    [Coupler Insertion]   chain 4: every feedline edge drawn on options launcher 12 0 6 3 0 42 launcher -> cost 140000
[final]   372.76s    fence for edge c4-5to6: 0 ways (2 neighbours), 0 cells closed
[final]   372.76s    edge c4-5to6: 40 cells of its slots (26 and 20 cells) were closed and are open again
[final]   372.82s    fence for edge c4-6to7: 0 ways (1 neighbours), 0 cells closed
[final]   372.90s    [Coupler Insertion]   chain 4: every feedline edge drawn on options launcher 12 0 6 3 0 45 launcher -> cost 140000
[final]   372.94s    fence for edge c4-4to5: 0 ways (2 neighbours), 0 cells closed
[final]   373.01s    fence for edge c4-5to6: 0 ways (2 neighbours), 0 cells closed
[final]   373.01s    edge c4-5to6: 16 cells of its slots (20 and 20 cells) were closed and are open again
[final]   373.08s    fence for edge c4-5to6: 0 ways (2 neighbours), 0 cells closed
[final]   373.08s    edge c4-5to6: 32 cells of its slots (20 and 20 cells) were closed and are open again
[final]   373.15s    fence for edge c4-4to5: 0 ways (2 neighbours), 0 cells closed
[final]   373.22s    fence for edge c4-5to6: 0 ways (2 neighbours), 0 cells closed
[final]   373.22s    edge c4-5to6: 24 cells of its slots (26 and 26 cells) were closed and are open again
[final]   373.28s    fence for edge c4-6to7: 0 ways (1 neighbours), 0 cells closed
[final]   373.28s    edge c4-6to7: 24 cells of its slots (26 and 20 cells) were closed and are open again
[final]   373.35s    [Coupler Insertion]   chain 4: every feedline edge drawn on options launcher 12 0 6 3 36 0 launcher -> cost 140000
[final]   373.40s    fence for edge c4-5to6: 0 ways (2 neighbours), 0 cells closed
[final]   373.40s    edge c4-5to6: 48 cells of its slots (26 and 26 cells) were closed and are open again
[final]   373.46s    fence for edge c4-6to7: 0 ways (1 neighbours), 0 cells closed
[final]   373.55s    [Coupler Insertion]   chain 4: every feedline edge drawn on options launcher 12 0 6 3 36 3 launcher -> cost 160000
[final]   373.60s    fence for edge c4-5to6: 0 ways (2 neighbours), 0 cells closed
[final]   373.60s    edge c4-5to6: 24 cells of its slots (26 and 20 cells) were closed and are open again
[final]   373.67s    fence for edge c4-6to7: 0 ways (1 neighbours), 0 cells closed
[final]   373.67s    edge c4-6to7: 16 cells of its slots (20 and 20 cells) were closed and are open again
[final]   373.74s    [Coupler Insertion]   chain 4: every feedline edge drawn on options launcher 12 0 6 3 36 42 launcher -> cost 140000
[final]   373.79s    fence for edge c4-5to6: 0 ways (2 neighbours), 0 cells closed
[final]   373.79s    edge c4-5to6: 40 cells of its slots (26 and 20 cells) were closed and are open again
[final]   373.86s    fence for edge c4-6to7: 0 ways (1 neighbours), 0 cells closed
[final]   373.93s    [Coupler Insertion]   chain 4: every feedline edge drawn on options launcher 12 0 6 3 36 45 launcher -> cost 140000
[final]   373.98s    fence for edge c4-4to5: 0 ways (2 neighbours), 0 cells closed
[final]   373.98s    edge c4-4to5: 24 cells of its slots (26 and 26 cells) were closed and are open again
[final]   374.04s    fence for edge c4-5to6: 0 ways (2 neighbours), 0 cells closed
[final]   374.11s    fence for edge c4-6to7: 0 ways (1 neighbours), 0 cells closed
[final]   374.11s    edge c4-6to7: 24 cells of its slots (26 and 20 cells) were closed and are open again
[final]   374.18s    [Coupler Insertion]   chain 4: every feedline edge drawn on options launcher 12 0 6 3 39 0 launcher -> cost 140000
[final]   374.23s    fence for edge c4-5to6: 0 ways (2 neighbours), 0 cells closed
[final]   374.23s    edge c4-5to6: 24 cells of its slots (26 and 26 cells) were closed and are open again
[final]   374.29s    fence for edge c4-6to7: 0 ways (1 neighbours), 0 cells closed
[final]   374.38s    [Coupler Insertion]   chain 4: every feedline edge drawn on options launcher 12 0 6 3 39 3 launcher -> cost 160000
[final]   374.43s    fence for edge c4-5to6: 0 ways (2 neighbours), 0 cells closed
[final]   374.50s    fence for edge c4-6to7: 0 ways (1 neighbours), 0 cells closed
[final]   374.50s    edge c4-6to7: 16 cells of its slots (20 and 20 cells) were closed and are open again
[final]   374.57s    [Coupler Insertion]   chain 4: every feedline edge drawn on options launcher 12 0 6 3 39 42 launcher -> cost 140000
[final]   374.62s    fence for edge c4-5to6: 0 ways (2 neighbours), 0 cells closed
[final]   374.62s    edge c4-5to6: 16 cells of its slots (26 and 20 cells) were closed and are open again
[final]   374.69s    fence for edge c4-6to7: 0 ways (1 neighbours), 0 cells closed
[final]   374.76s    [Coupler Insertion]   chain 4: every feedline edge drawn on options launcher 12 0 6 3 39 45 launcher -> cost 140000
[final]   374.81s    fence for edge c4-4to5: 0 ways (2 neighbours), 0 cells closed
[final]   374.87s    fence for edge c4-5to6: 0 ways (2 neighbours), 0 cells closed
[final]   374.87s    edge c4-5to6: 16 cells of its slots (20 and 26 cells) were closed and are open again
[final]   374.93s    fence for edge c4-6to7: 0 ways (1 neighbours), 0 cells closed
[final]   374.93s    edge c4-6to7: 24 cells of its slots (26 and 20 cells) were closed and are open again
[final]   375.01s    [Coupler Insertion]   chain 4: every feedline edge drawn on options launcher 12 0 6 3 42 0 launcher -> cost 140000
[final]   375.05s    fence for edge c4-5to6: 0 ways (2 neighbours), 0 cells closed
[final]   375.05s    edge c4-5to6: 40 cells of its slots (20 and 26 cells) were closed and are open again
[final]   375.12s    fence for edge c4-6to7: 0 ways (1 neighbours), 0 cells closed
[final]   375.21s    [Coupler Insertion]   chain 4: every feedline edge drawn on options launcher 12 0 6 3 42 3 launcher -> cost 160000
[final]   375.26s    fence for edge c4-5to6: 0 ways (2 neighbours), 0 cells closed
[final]   375.26s    edge c4-5to6: 16 cells of its slots (20 and 20 cells) were closed and are open again
[final]   375.32s    fence for edge c4-6to7: 0 ways (1 neighbours), 0 cells closed
[final]   375.32s    edge c4-6to7: 16 cells of its slots (20 and 20 cells) were closed and are open again
[final]   375.40s    [Coupler Insertion]   chain 4: every feedline edge drawn on options launcher 12 0 6 3 42 42 launcher -> cost 140000
[final]   375.44s    fence for edge c4-5to6: 0 ways (2 neighbours), 0 cells closed
[final]   375.45s    edge c4-5to6: 32 cells of its slots (20 and 20 cells) were closed and are open again
[final]   375.51s    fence for edge c4-6to7: 0 ways (1 neighbours), 0 cells closed
[final]   375.58s    [Coupler Insertion]   chain 4: every feedline edge drawn on options launcher 12 0 6 3 42 45 launcher -> cost 140000
[final]   375.63s    fence for edge c4-4to5: 0 ways (2 neighbours), 0 cells closed
[final]   375.63s    edge c4-4to5: 16 cells of its slots (26 and 20 cells) were closed and are open again
[final]   375.69s    fence for edge c4-5to6: 0 ways (2 neighbours), 0 cells closed
[final]   375.76s    fence for edge c4-6to7: 0 ways (1 neighbours), 0 cells closed
[final]   375.76s    edge c4-6to7: 24 cells of its slots (26 and 20 cells) were closed and are open again
[final]   375.83s    [Coupler Insertion]   chain 4: every feedline edge drawn on options launcher 12 0 6 3 45 0 launcher -> cost 140000
[final]   375.88s    fence for edge c4-5to6: 0 ways (2 neighbours), 0 cells closed
[final]   375.88s    edge c4-5to6: 24 cells of its slots (20 and 26 cells) were closed and are open again
[final]   375.94s    fence for edge c4-6to7: 0 ways (1 neighbours), 0 cells closed
[final]   376.03s    [Coupler Insertion]   chain 4: every feedline edge drawn on options launcher 12 0 6 3 45 3 launcher -> cost 160000
[final]   376.08s    fence for edge c4-5to6: 0 ways (2 neighbours), 0 cells closed
[final]   376.15s    fence for edge c4-5to6: 0 ways (2 neighbours), 0 cells closed
[final]   376.15s    edge c4-5to6: 16 cells of its slots (20 and 20 cells) were closed and are open again
[final]   376.21s    fence for edge c4-6to7: 0 ways (1 neighbours), 0 cells closed
[final]   376.29s    [Coupler Insertion]   chain 4: every feedline edge drawn on options launcher 12 0 6 3 45 45 launcher -> cost 140000
[final]   376.33s    fence for edge c4-3to4: 0 ways (2 neighbours), 0 cells closed
[final]   376.33s    edge c4-3to4: 32 cells of its slots (20 and 20 cells) were closed and are open again
[final]   376.40s    fence for edge c4-2to3: 0 ways (2 neighbours), 0 cells closed
[final]   376.40s    edge c4-2to3: 40 cells of its slots (26 and 20 cells) were closed and are open again
[final]   376.47s    fence for edge c4-3to4: 0 ways (2 neighbours), 0 cells closed
[final]   376.53s    fence for edge c4-5to6: 0 ways (2 neighbours), 0 cells closed
[final]   376.53s    edge c4-5to6: 24 cells of its slots (26 and 20 cells) were closed and are open again
[final]   376.59s    fence for edge c4-6to7: 0 ways (1 neighbours), 0 cells closed
[final]   376.59s    edge c4-6to7: 16 cells of its slots (20 and 20 cells) were closed and are open again
[final]   376.67s    [Coupler Insertion]   chain 4: every feedline edge drawn on options launcher 12 0 9 0 0 42 launcher -> cost 140000
[final]   376.72s    fence for edge c4-5to6: 0 ways (2 neighbours), 0 cells closed
[final]   376.72s    edge c4-5to6: 40 cells of its slots (26 and 20 cells) were closed and are open again
[final]   376.78s    fence for edge c4-6to7: 0 ways (1 neighbours), 0 cells closed
[final]   376.85s    [Coupler Insertion]   chain 4: every feedline edge drawn on options launcher 12 0 9 0 0 45 launcher -> cost 140000
[final]   376.90s    fence for edge c4-5to6: 0 ways (2 neighbours), 0 cells closed
[final]   376.90s    edge c4-5to6: 16 cells of its slots (20 and 20 cells) were closed and are open again
[final]   376.97s    fence for edge c4-5to6: 0 ways (2 neighbours), 0 cells closed
[final]   376.97s    edge c4-5to6: 32 cells of its slots (20 and 20 cells) were closed and are open again
[final]   377.04s    fence for edge c4-5to6: 0 ways (2 neighbours), 0 cells closed
[final]   377.04s    edge c4-5to6: 24 cells of its slots (26 and 26 cells) were closed and are open again
[final]   377.11s    fence for edge c4-6to7: 0 ways (1 neighbours), 0 cells closed
[final]   377.11s    edge c4-6to7: 24 cells of its slots (26 and 20 cells) were closed and are open again
[final]   377.18s    [Coupler Insertion]   chain 4: every feedline edge drawn on options launcher 12 0 9 0 36 0 launcher -> cost 140000
[final]   377.23s    fence for edge c4-5to6: 0 ways (2 neighbours), 0 cells closed
[final]   377.23s    edge c4-5to6: 48 cells of its slots (26 and 26 cells) were closed and are open again
[final]   377.29s    fence for edge c4-6to7: 0 ways (1 neighbours), 0 cells closed
[final]   377.38s    [Coupler Insertion]   chain 4: every feedline edge drawn on options launcher 12 0 9 0 36 3 launcher -> cost 160000
[final]   377.43s    fence for edge c4-5to6: 0 ways (2 neighbours), 0 cells closed
[final]   377.43s    edge c4-5to6: 24 cells of its slots (26 and 20 cells) were closed and are open again
[final]   377.50s    fence for edge c4-6to7: 0 ways (1 neighbours), 0 cells closed
[final]   377.50s    edge c4-6to7: 16 cells of its slots (20 and 20 cells) were closed and are open again
[final]   377.57s    [Coupler Insertion]   chain 4: every feedline edge drawn on options launcher 12 0 9 0 36 42 launcher -> cost 140000
[final]   377.62s    fence for edge c4-5to6: 0 ways (2 neighbours), 0 cells closed
[final]   377.62s    edge c4-5to6: 40 cells of its slots (26 and 20 cells) were closed and are open again
[final]   377.69s    fence for edge c4-6to7: 0 ways (1 neighbours), 0 cells closed
[final]   377.76s    [Coupler Insertion]   chain 4: every feedline edge drawn on options launcher 12 0 9 0 36 45 launcher -> cost 140000
[final]   377.76s  [Coupler Insertion] chain 4: best in the time given 140000 over 8 layers, 63 prefixes expanded, 112 steps routed
[final]   377.76s    [Coupler Insertion]   chain 5 waypoint 1: 2 of 16 options closed, their body on a feedline
[final]   377.81s    fence for edge c5-0to1: 0 ways (1 neighbours), 0 cells closed
[final]   378.00s    fence for edge c5-1to2: 0 ways (2 neighbours), 0 cells closed
[final]   378.00s    edge c5-1to2: 24 cells of its slots (26 and 26 cells) were closed and are open again
[final]   378.06s    fence for edge c5-1to2: 0 ways (2 neighbours), 0 cells closed
[final]   378.06s    edge c5-1to2: 48 cells of its slots (26 and 26 cells) were closed and are open again
[final]   378.13s    fence for edge c5-2to3: 0 ways (2 neighbours), 0 cells closed
[final]   378.19s    fence for edge c5-3to4: 0 ways (2 neighbours), 0 cells closed
[final]   378.19s    edge c5-3to4: 24 cells of its slots (26 and 20 cells) were closed and are open again
[final]   378.26s    fence for edge c5-4to5: 0 ways (2 neighbours), 0 cells closed
[final]   378.26s    edge c5-4to5: 16 cells of its slots (20 and 26 cells) were closed and are open again
[final]   378.32s    fence for edge c5-5to6: 0 ways (2 neighbours), 0 cells closed
[final]   378.32s    edge c5-5to6: 24 cells of its slots (26 and 20 cells) were closed and are open again
[final]   378.39s    fence for edge c5-5to6: 0 ways (2 neighbours), 0 cells closed
[final]   378.39s    edge c5-5to6: 40 cells of its slots (26 and 20 cells) were closed and are open again
[final]   378.45s    fence for edge c5-6to7: 0 ways (1 neighbours), 0 cells closed
[final]   378.49s    [Coupler Insertion]   chain 5: every feedline edge drawn on options launcher 0 39 0 36 0 42 launcher -> cost 120000
[final]   378.49s  [Coupler Insertion] chain 5: optimum 120000 over 8 layers, 7 prefixes expanded, 9 steps routed
[final]   378.53s    fence for edge c6-0to1: 0 ways (1 neighbours), 0 cells closed
[final]   378.62s    fence for edge c6-1to2: 0 ways (2 neighbours), 0 cells closed
[final]   378.62s    edge c6-1to2: 16 cells of its slots (20 and 26 cells) were closed and are open again
[final]   378.69s    fence for edge c6-2to3: 0 ways (2 neighbours), 0 cells closed
[final]   378.69s    edge c6-2to3: 24 cells of its slots (26 and 20 cells) were closed and are open again
[final]   378.76s    fence for edge c6-3to4: 0 ways (2 neighbours), 0 cells closed
[final]   378.76s    edge c6-3to4: 16 cells of its slots (20 and 26 cells) were closed and are open again
[final]   378.84s    fence for edge c6-3to4: 0 ways (2 neighbours), 0 cells closed
[final]   378.84s    edge c6-3to4: 40 cells of its slots (20 and 26 cells) were closed and are open again
[final]   378.91s    fence for edge c6-4to5: 0 ways (2 neighbours), 0 cells closed
[final]   378.97s    fence for edge c6-4to5: 0 ways (2 neighbours), 0 cells closed
[final]   378.97s    edge c6-4to5: 24 cells of its slots (26 and 26 cells) were closed and are open again
[final]   379.04s    fence for edge c6-4to5: 0 ways (2 neighbours), 0 cells closed
[final]   379.11s    fence for edge c6-4to5: 0 ways (2 neighbours), 0 cells closed
[final]   379.11s    edge c6-4to5: 16 cells of its slots (26 and 20 cells) were closed and are open again
[final]   379.17s    fence for edge c6-5to6: 0 ways (2 neighbours), 0 cells closed
[final]   379.25s    fence for edge c6-5to6: 0 ways (2 neighbours), 0 cells closed
[final]   379.25s    edge c6-5to6: 24 cells of its slots (20 and 26 cells) were closed and are open again
[final]   379.31s    fence for edge c6-6to7: 0 ways (1 neighbours), 0 cells closed
[final]   379.49s    [Coupler Insertion]   chain 6: every feedline edge drawn on options launcher 18 0 6 3 9 14 launcher -> cost 160000
[final]   379.54s    fence for edge c6-5to6: 0 ways (2 neighbours), 0 cells closed
[final]   379.62s    fence for edge c6-5to6: 0 ways (2 neighbours), 0 cells closed
[final]   379.62s    edge c6-5to6: 16 cells of its slots (20 and 20 cells) were closed and are open again
[final]   379.69s    fence for edge c6-6to7: 0 ways (1 neighbours), 0 cells closed
[final]   379.69s    edge c6-6to7: 5 cells of its slots (20 and 20 cells) were closed and are open again
[final]   379.89s    edge of chain 6 from 6 to 7: no way; source (3348, 1633) heading 5 -> (3363, 1648) free, target (3952, 45) heading 0 -> (3952, 56) free | waypoint 6 way (3338,1615)..(3354,2128) 578 cells, outer (4002,47)..(3354,2128) 2109 cells, target (3354,2128)
[final]   379.94s    fence for edge c6-6to7: 0 ways (1 neighbours), 0 cells closed
[final]   379.94s    edge c6-6to7: 5 cells of its slots (20 and 20 cells) were closed and are open again
[final]   380.11s    fence for edge c6-5to6: 0 ways (2 neighbours), 0 cells closed
[final]   380.11s    edge c6-5to6: 37 cells of its slots (20 and 20 cells) were closed and are open again
[final]   380.13s    edge of chain 6 from 5 to 6: no way; source (3534, 1356) heading 3 -> (3519, 1371) free, target (3334, 1619) heading 5 -> (3319, 1604) free | waypoint 5 way (3552,1346)..(3587,1896) 574 cells, outer (4401,47)..(3587,1896) 1881 cells, target (3587,1896) | waypoint 6 way (3338,1615)..(3354,2128) 578 cells, outer (4002,47)..(3354,2128) 2109 cells, target (3354,2128)
[final]   380.18s    fence for edge c6-5to6: 0 ways (2 neighbours), 0 cells closed
[final]   380.18s    edge c6-5to6: 24 cells of its slots (20 and 26 cells) were closed and are open again
[final]   380.25s    fence for edge c6-6to7: 0 ways (1 neighbours), 0 cells closed
[final]   380.28s    edge of chain 6 from 6 to 7: no way; source (3381, 1726) heading 6 -> (3402, 1726) free, target (3952, 45) heading 0 -> (3952, 56) free | waypoint 6 way (3361,1722)..(3354,2128) 473 cells, outer (4002,47)..(3354,2128) 2109 cells, target (3354,2128)
[final]   380.33s    fence for edge c6-6to7: 0 ways (1 neighbours), 0 cells closed
[final]   380.51s    fence for edge c6-5to6: 0 ways (2 neighbours), 0 cells closed
[final]   380.51s    edge c6-5to6: 24 cells of its slots (20 and 26 cells) were closed and are open again
[final]   380.53s    edge of chain 6 from 5 to 6: no way; source (3534, 1356) heading 3 -> (3519, 1371) free, target (3361, 1726) heading 6 -> (3340, 1726) free | waypoint 5 way (3552,1346)..(3587,1896) 574 cells, outer (4401,47)..(3587,1896) 1881 cells, target (3587,1896) | waypoint 6 way (3361,1722)..(3354,2128) 473 cells, outer (4002,47)..(3354,2128) 2109 cells, target (3354,2128)
[final]   380.58s    fence for edge c6-5to6: 0 ways (2 neighbours), 0 cells closed
[final]   380.58s    edge c6-5to6: 5 cells of its slots (20 and 20 cells) were closed and are open again
[final]   380.64s    fence for edge c6-6to7: 0 ways (1 neighbours), 0 cells closed
[final]   380.64s    edge c6-6to7: 16 cells of its slots (20 and 20 cells) were closed and are open again
[final]   380.68s    edge of chain 6 from 6 to 7: no way; source (3380, 1619) heading 7 -> (3395, 1604) free, target (3952, 45) heading 0 -> (3952, 56) free | waypoint 6 way (3376,1615)..(3354,2128) 578 cells, outer (4002,47)..(3354,2128) 2109 cells, target (3354,2128)
[final]   380.72s    fence for edge c6-6to7: 0 ways (1 neighbours), 0 cells closed
[final]   380.72s    edge c6-6to7: 16 cells of its slots (20 and 20 cells) were closed and are open again
[final]   380.89s    fence for edge c6-5to6: 0 ways (2 neighbours), 0 cells closed
[final]   380.89s    edge c6-5to6: 26 cells of its slots (20 and 20 cells) were closed and are open again
[final]   380.91s    edge of chain 6 from 5 to 6: no way; source (3534, 1356) heading 3 -> (3519, 1371) free, target (3366, 1633) heading 7 -> (3351, 1648) free | waypoint 5 way (3552,1346)..(3587,1896) 574 cells, outer (4401,47)..(3587,1896) 1881 cells, target (3587,1896) | waypoint 6 way (3376,1615)..(3354,2128) 578 cells, outer (4002,47)..(3354,2128) 2109 cells, target (3354,2128)
[final]   380.96s    fence for edge c6-5to6: 0 ways (2 neighbours), 0 cells closed
[final]   380.96s    edge c6-5to6: 16 cells of its slots (20 and 20 cells) were closed and are open again
[final]   381.08s    fence for edge c6-4to5: 0 ways (2 neighbours), 0 cells closed
[final]   381.14s    fence for edge c6-4to5: 0 ways (2 neighbours), 0 cells closed
[final]   381.14s    edge c6-4to5: 16 cells of its slots (26 and 20 cells) were closed and are open again
[final]   381.21s    fence for edge c6-3to4: 0 ways (2 neighbours), 0 cells closed
[final]   381.21s    edge c6-3to4: 16 cells of its slots (20 and 20 cells) were closed and are open again
[final]   381.27s    fence for edge c6-4to5: 0 ways (2 neighbours), 0 cells closed
[final]   381.27s    edge c6-4to5: 16 cells of its slots (20 and 26 cells) were closed and are open again
[final]   381.34s    fence for edge c6-4to5: 0 ways (2 neighbours), 0 cells closed
[final]   381.34s    edge c6-4to5: 40 cells of its slots (20 and 26 cells) were closed and are open again
[final]   381.40s    fence for edge c6-4to5: 0 ways (2 neighbours), 0 cells closed
[final]   381.40s    edge c6-4to5: 16 cells of its slots (20 and 20 cells) were closed and are open again
[final]   381.48s    fence for edge c6-4to5: 0 ways (2 neighbours), 0 cells closed
[final]   381.48s    edge c6-4to5: 32 cells of its slots (20 and 20 cells) were closed and are open again
[final]   381.54s    fence for edge c6-5to6: 0 ways (2 neighbours), 0 cells closed
[final]   381.62s    fence for edge c6-5to6: 0 ways (2 neighbours), 0 cells closed
[final]   381.62s    edge c6-5to6: 24 cells of its slots (20 and 26 cells) were closed and are open again
[final]   381.68s    fence for edge c6-6to7: 0 ways (1 neighbours), 0 cells closed
[final]   381.86s    [Coupler Insertion]   chain 6: every feedline edge drawn on options launcher 18 0 6 6 9 14 launcher -> cost 160000
[final]   381.90s    fence for edge c6-5to6: 0 ways (2 neighbours), 0 cells closed
[final]   382.01s    fence for edge c6-5to6: 0 ways (2 neighbours), 0 cells closed
[final]   382.01s    edge c6-5to6: 16 cells of its slots (20 and 20 cells) were closed and are open again
[final]   382.08s    fence for edge c6-6to7: 0 ways (1 neighbours), 0 cells closed
[final]   382.08s    edge c6-6to7: 5 cells of its slots (20 and 20 cells) were closed and are open again
[final]   382.27s    edge of chain 6 from 6 to 7: no way; source (3348, 1633) heading 5 -> (3363, 1648) free, target (3952, 45) heading 0 -> (3952, 56) free | waypoint 6 way (3338,1615)..(3354,2128) 578 cells, outer (4002,47)..(3354,2128) 2109 cells, target (3354,2128)
[final]   382.32s    fence for edge c6-6to7: 0 ways (1 neighbours), 0 cells closed
[final]   382.32s    edge c6-6to7: 5 cells of its slots (20 and 20 cells) were closed and are open again
[final]   382.49s    fence for edge c6-5to6: 0 ways (2 neighbours), 0 cells closed
[final]   382.49s    edge c6-5to6: 37 cells of its slots (20 and 20 cells) were closed and are open again
[final]   382.51s    edge of chain 6 from 5 to 6: no way; source (3534, 1356) heading 3 -> (3519, 1371) free, target (3334, 1619) heading 5 -> (3319, 1604) free | waypoint 5 way (3552,1346)..(3587,1896) 574 cells, outer (4401,47)..(3587,1896) 1881 cells, target (3587,1896) | waypoint 6 way (3338,1615)..(3354,2128) 578 cells, outer (4002,47)..(3354,2128) 2109 cells, target (3354,2128)
[final]   382.56s    fence for edge c6-5to6: 0 ways (2 neighbours), 0 cells closed
[final]   382.56s    edge c6-5to6: 24 cells of its slots (20 and 26 cells) were closed and are open again
[final]   382.63s    fence for edge c6-6to7: 0 ways (1 neighbours), 0 cells closed
[final]   382.66s    edge of chain 6 from 6 to 7: no way; source (3381, 1726) heading 6 -> (3402, 1726) free, target (3952, 45) heading 0 -> (3952, 56) free | waypoint 6 way (3361,1722)..(3354,2128) 473 cells, outer (4002,47)..(3354,2128) 2109 cells, target (3354,2128)
[final]   382.70s    fence for edge c6-6to7: 0 ways (1 neighbours), 0 cells closed
[final]   382.88s    fence for edge c6-5to6: 0 ways (2 neighbours), 0 cells closed
[final]   382.88s    edge c6-5to6: 24 cells of its slots (20 and 26 cells) were closed and are open again
[final]   382.90s    edge of chain 6 from 5 to 6: no way; source (3534, 1356) heading 3 -> (3519, 1371) free, target (3361, 1726) heading 6 -> (3340, 1726) free | waypoint 5 way (3552,1346)..(3587,1896) 574 cells, outer (4401,47)..(3587,1896) 1881 cells, target (3587,1896) | waypoint 6 way (3361,1722)..(3354,2128) 473 cells, outer (4002,47)..(3354,2128) 2109 cells, target (3354,2128)
[final]   382.94s    fence for edge c6-5to6: 0 ways (2 neighbours), 0 cells closed
[final]   382.95s    edge c6-5to6: 5 cells of its slots (20 and 20 cells) were closed and are open again
[final]   383.01s    fence for edge c6-6to7: 0 ways (1 neighbours), 0 cells closed
[final]   383.01s    edge c6-6to7: 16 cells of its slots (20 and 20 cells) were closed and are open again
[final]   383.05s    edge of chain 6 from 6 to 7: no way; source (3380, 1619) heading 7 -> (3395, 1604) free, target (3952, 45) heading 0 -> (3952, 56) free | waypoint 6 way (3376,1615)..(3354,2128) 578 cells, outer (4002,47)..(3354,2128) 2109 cells, target (3354,2128)
[final]   383.09s    fence for edge c6-6to7: 0 ways (1 neighbours), 0 cells closed
[final]   383.09s    edge c6-6to7: 16 cells of its slots (20 and 20 cells) were closed and are open again
[final]   383.25s    fence for edge c6-5to6: 0 ways (2 neighbours), 0 cells closed
[final]   383.25s    edge c6-5to6: 26 cells of its slots (20 and 20 cells) were closed and are open again
[final]   383.27s    edge of chain 6 from 5 to 6: no way; source (3534, 1356) heading 3 -> (3519, 1371) free, target (3366, 1633) heading 7 -> (3351, 1648) free | waypoint 5 way (3552,1346)..(3587,1896) 574 cells, outer (4401,47)..(3587,1896) 1881 cells, target (3587,1896) | waypoint 6 way (3376,1615)..(3354,2128) 578 cells, outer (4002,47)..(3354,2128) 2109 cells, target (3354,2128)
[final]   383.32s    fence for edge c6-5to6: 0 ways (2 neighbours), 0 cells closed
[final]   383.32s    edge c6-5to6: 16 cells of its slots (20 and 20 cells) were closed and are open again
[final]   383.44s    fence for edge c6-4to5: 0 ways (2 neighbours), 0 cells closed
[final]   383.44s    edge c6-4to5: 16 cells of its slots (20 and 20 cells) were closed and are open again
[final]   383.50s    fence for edge c6-4to5: 0 ways (2 neighbours), 0 cells closed
[final]   383.50s    edge c6-4to5: 32 cells of its slots (20 and 20 cells) were closed and are open again
[final]   383.56s    fence for edge c6-3to4: 0 ways (2 neighbours), 0 cells closed
[final]   383.56s    edge c6-3to4: 32 cells of its slots (20 and 20 cells) were closed and are open again
[final]   383.63s    fence for edge c6-4to5: 0 ways (2 neighbours), 0 cells closed
[final]   383.63s    edge c6-4to5: 24 cells of its slots (20 and 26 cells) were closed and are open again
[final]   383.69s    fence for edge c6-4to5: 0 ways (2 neighbours), 0 cells closed
[final]   383.69s    edge c6-4to5: 16 cells of its slots (20 and 20 cells) were closed and are open again
[final]   383.76s    fence for edge c6-3to4: 0 ways (2 neighbours), 0 cells closed
[final]   383.76s    edge c6-3to4: 16 cells of its slots (20 and 26 cells) were closed and are open again
[final]   383.83s    fence for edge c6-4to5: 0 ways (2 neighbours), 0 cells closed
[final]   383.83s    edge c6-4to5: 48 cells of its slots (26 and 26 cells) were closed and are open again
[final]   383.89s    fence for edge c6-4to5: 0 ways (2 neighbours), 0 cells closed
[final]   383.89s    edge c6-4to5: 40 cells of its slots (26 and 20 cells) were closed and are open again
[final]   383.96s    fence for edge c6-3to4: 0 ways (2 neighbours), 0 cells closed
[final]   383.96s    edge c6-3to4: 40 cells of its slots (20 and 26 cells) were closed and are open again
[final]   384.03s    fence for edge c6-4to5: 0 ways (2 neighbours), 0 cells closed
[final]   384.03s    edge c6-4to5: 16 cells of its slots (26 and 20 cells) were closed and are open again
[final]   384.09s    fence for edge c6-3to4: 0 ways (2 neighbours), 0 cells closed
[final]   384.09s    edge c6-3to4: 16 cells of its slots (20 and 20 cells) were closed and are open again
[final]   384.18s    fence for edge c6-3to4: 0 ways (2 neighbours), 0 cells closed
[final]   384.18s    edge c6-3to4: 32 cells of its slots (20 and 20 cells) were closed and are open again
[final]   384.27s    fence for edge c6-2to3: 0 ways (2 neighbours), 0 cells closed
[final]   384.27s    edge c6-2to3: 40 cells of its slots (26 and 20 cells) were closed and are open again
[final]   384.34s    fence for edge c6-3to4: 0 ways (2 neighbours), 0 cells closed
[final]   384.41s    fence for edge c6-3to4: 0 ways (2 neighbours), 0 cells closed
[final]   384.41s    edge c6-3to4: 24 cells of its slots (20 and 26 cells) were closed and are open again
[final]   384.49s    fence for edge c6-3to4: 0 ways (2 neighbours), 0 cells closed
[final]   384.56s    fence for edge c6-5to6: 0 ways (2 neighbours), 0 cells closed
[final]   384.63s    fence for edge c6-5to6: 0 ways (2 neighbours), 0 cells closed
[final]   384.63s    edge c6-5to6: 24 cells of its slots (20 and 26 cells) were closed and are open again
[final]   384.69s    fence for edge c6-6to7: 0 ways (1 neighbours), 0 cells closed
[final]   384.87s    [Coupler Insertion]   chain 6: every feedline edge drawn on options launcher 18 0 9 6 9 14 launcher -> cost 160000
[final]   384.91s    fence for edge c6-5to6: 0 ways (2 neighbours), 0 cells closed
[final]   384.99s    fence for edge c6-5to6: 0 ways (2 neighbours), 0 cells closed
[final]   384.99s    edge c6-5to6: 16 cells of its slots (20 and 20 cells) were closed and are open again
[final]   385.06s    fence for edge c6-6to7: 0 ways (1 neighbours), 0 cells closed
[final]   385.06s    edge c6-6to7: 5 cells of its slots (20 and 20 cells) were closed and are open again
[final]   385.25s    edge of chain 6 from 6 to 7: no way; source (3348, 1633) heading 5 -> (3363, 1648) free, target (3952, 45) heading 0 -> (3952, 56) free | waypoint 6 way (3338,1615)..(3354,2128) 578 cells, outer (4002,47)..(3354,2128) 2109 cells, target (3354,2128)
[final]   385.30s    fence for edge c6-6to7: 0 ways (1 neighbours), 0 cells closed
[final]   385.30s    edge c6-6to7: 5 cells of its slots (20 and 20 cells) were closed and are open again
[final]   385.47s    fence for edge c6-5to6: 0 ways (2 neighbours), 0 cells closed
[final]   385.47s    edge c6-5to6: 37 cells of its slots (20 and 20 cells) were closed and are open again
[final]   385.49s    edge of chain 6 from 5 to 6: no way; source (3534, 1356) heading 3 -> (3519, 1371) free, target (3334, 1619) heading 5 -> (3319, 1604) free | waypoint 5 way (3552,1346)..(3587,1896) 574 cells, outer (4401,47)..(3587,1896) 1881 cells, target (3587,1896) | waypoint 6 way (3338,1615)..(3354,2128) 578 cells, outer (4002,47)..(3354,2128) 2109 cells, target (3354,2128)
[final]   385.53s    fence for edge c6-5to6: 0 ways (2 neighbours), 0 cells closed
[final]   385.53s    edge c6-5to6: 24 cells of its slots (20 and 26 cells) were closed and are open again
[final]   385.60s    fence for edge c6-6to7: 0 ways (1 neighbours), 0 cells closed
[final]   385.63s    edge of chain 6 from 6 to 7: no way; source (3381, 1726) heading 6 -> (3402, 1726) free, target (3952, 45) heading 0 -> (3952, 56) free | waypoint 6 way (3361,1722)..(3354,2128) 473 cells, outer (4002,47)..(3354,2128) 2109 cells, target (3354,2128)
[final]   385.68s    fence for edge c6-6to7: 0 ways (1 neighbours), 0 cells closed
[final]   385.85s    fence for edge c6-5to6: 0 ways (2 neighbours), 0 cells closed
[final]   385.85s    edge c6-5to6: 24 cells of its slots (20 and 26 cells) were closed and are open again
[final]   385.87s    edge of chain 6 from 5 to 6: no way; source (3534, 1356) heading 3 -> (3519, 1371) free, target (3361, 1726) heading 6 -> (3340, 1726) free | waypoint 5 way (3552,1346)..(3587,1896) 574 cells, outer (4401,47)..(3587,1896) 1881 cells, target (3587,1896) | waypoint 6 way (3361,1722)..(3354,2128) 473 cells, outer (4002,47)..(3354,2128) 2109 cells, target (3354,2128)
[final]   385.92s    fence for edge c6-5to6: 0 ways (2 neighbours), 0 cells closed
[final]   385.92s    edge c6-5to6: 5 cells of its slots (20 and 20 cells) were closed and are open again
[final]   385.99s    fence for edge c6-6to7: 0 ways (1 neighbours), 0 cells closed
[final]   385.99s    edge c6-6to7: 16 cells of its slots (20 and 20 cells) were closed and are open again
[final]   386.02s    edge of chain 6 from 6 to 7: no way; source (3380, 1619) heading 7 -> (3395, 1604) free, target (3952, 45) heading 0 -> (3952, 56) free | waypoint 6 way (3376,1615)..(3354,2128) 578 cells, outer (4002,47)..(3354,2128) 2109 cells, target (3354,2128)
[final]   386.06s    fence for edge c6-6to7: 0 ways (1 neighbours), 0 cells closed
[final]   386.06s    edge c6-6to7: 16 cells of its slots (20 and 20 cells) were closed and are open again
[final]   386.23s    fence for edge c6-5to6: 0 ways (2 neighbours), 0 cells closed
[final]   386.23s    edge c6-5to6: 26 cells of its slots (20 and 20 cells) were closed and are open again
[final]   386.25s    edge of chain 6 from 5 to 6: no way; source (3534, 1356) heading 3 -> (3519, 1371) free, target (3366, 1633) heading 7 -> (3351, 1648) free | waypoint 5 way (3552,1346)..(3587,1896) 574 cells, outer (4401,47)..(3587,1896) 1881 cells, target (3587,1896) | waypoint 6 way (3376,1615)..(3354,2128) 578 cells, outer (4002,47)..(3354,2128) 2109 cells, target (3354,2128)
[final]   386.29s    fence for edge c6-5to6: 0 ways (2 neighbours), 0 cells closed
[final]   386.29s    edge c6-5to6: 16 cells of its slots (20 and 20 cells) were closed and are open again
[final]   386.41s    fence for edge c6-3to4: 0 ways (2 neighbours), 0 cells closed
[final]   386.41s    edge c6-3to4: 16 cells of its slots (20 and 20 cells) were closed and are open again
[final]   386.48s    fence for edge c6-3to4: 0 ways (2 neighbours), 0 cells closed
[final]   386.54s    fence for edge c6-3to4: 0 ways (2 neighbours), 0 cells closed
[final]   386.54s    edge c6-3to4: 24 cells of its slots (20 and 26 cells) were closed and are open again
[final]   386.61s    fence for edge c6-3to4: 0 ways (2 neighbours), 0 cells closed
[final]   386.61s    edge c6-3to4: 16 cells of its slots (20 and 20 cells) were closed and are open again
[final]   386.69s    fence for edge c6-2to3: 0 ways (2 neighbours), 0 cells closed
[final]   386.69s    edge c6-2to3: 24 cells of its slots (26 and 26 cells) were closed and are open again
[final]   386.76s    fence for edge c6-3to4: 0 ways (2 neighbours), 0 cells closed
[final]   386.76s    edge c6-3to4: 24 cells of its slots (26 and 26 cells) were closed and are open again
[final]   386.83s    fence for edge c6-3to4: 0 ways (2 neighbours), 0 cells closed
[final]   386.83s    edge c6-3to4: 48 cells of its slots (26 and 26 cells) were closed and are open again
[final]   386.90s    fence for edge c6-5to6: 0 ways (2 neighbours), 0 cells closed
[final]   386.97s    fence for edge c6-5to6: 0 ways (2 neighbours), 0 cells closed
[final]   386.97s    edge c6-5to6: 24 cells of its slots (20 and 26 cells) were closed and are open again
[final]   387.03s    fence for edge c6-6to7: 0 ways (1 neighbours), 0 cells closed
[final]   387.21s    [Coupler Insertion]   chain 6: every feedline edge drawn on options launcher 18 0 12 3 9 14 launcher -> cost 160000
[final]   387.25s    fence for edge c6-5to6: 0 ways (2 neighbours), 0 cells closed
[final]   387.33s    fence for edge c6-5to6: 0 ways (2 neighbours), 0 cells closed
[final]   387.33s    edge c6-5to6: 16 cells of its slots (20 and 20 cells) were closed and are open again
[final]   387.40s    fence for edge c6-6to7: 0 ways (1 neighbours), 0 cells closed
[final]   387.40s    edge c6-6to7: 5 cells of its slots (20 and 20 cells) were closed and are open again
[final]   387.59s    edge of chain 6 from 6 to 7: no way; source (3348, 1633) heading 5 -> (3363, 1648) free, target (3952, 45) heading 0 -> (3952, 56) free | waypoint 6 way (3338,1615)..(3354,2128) 578 cells, outer (4002,47)..(3354,2128) 2109 cells, target (3354,2128)
[final]   387.63s    fence for edge c6-6to7: 0 ways (1 neighbours), 0 cells closed
[final]   387.63s    edge c6-6to7: 5 cells of its slots (20 and 20 cells) were closed and are open again
[final]   387.80s    fence for edge c6-5to6: 0 ways (2 neighbours), 0 cells closed
[final]   387.80s    edge c6-5to6: 37 cells of its slots (20 and 20 cells) were closed and are open again
[final]   387.82s    edge of chain 6 from 5 to 6: no way; source (3534, 1356) heading 3 -> (3519, 1371) free, target (3334, 1619) heading 5 -> (3319, 1604) free | waypoint 5 way (3552,1346)..(3587,1896) 574 cells, outer (4401,47)..(3587,1896) 1881 cells, target (3587,1896) | waypoint 6 way (3338,1615)..(3354,2128) 578 cells, outer (4002,47)..(3354,2128) 2109 cells, target (3354,2128)
[final]   387.87s    fence for edge c6-5to6: 0 ways (2 neighbours), 0 cells closed
[final]   387.87s    edge c6-5to6: 24 cells of its slots (20 and 26 cells) were closed and are open again
[final]   387.94s    fence for edge c6-6to7: 0 ways (1 neighbours), 0 cells closed
[final]   387.97s    edge of chain 6 from 6 to 7: no way; source (3381, 1726) heading 6 -> (3402, 1726) free, target (3952, 45) heading 0 -> (3952, 56) free | waypoint 6 way (3361,1722)..(3354,2128) 473 cells, outer (4002,47)..(3354,2128) 2109 cells, target (3354,2128)
[final]   388.02s    fence for edge c6-6to7: 0 ways (1 neighbours), 0 cells closed
[final]   388.19s    fence for edge c6-5to6: 0 ways (2 neighbours), 0 cells closed
[final]   388.19s    edge c6-5to6: 24 cells of its slots (20 and 26 cells) were closed and are open again
[final]   388.21s    edge of chain 6 from 5 to 6: no way; source (3534, 1356) heading 3 -> (3519, 1371) free, target (3361, 1726) heading 6 -> (3340, 1726) free | waypoint 5 way (3552,1346)..(3587,1896) 574 cells, outer (4401,47)..(3587,1896) 1881 cells, target (3587,1896) | waypoint 6 way (3361,1722)..(3354,2128) 473 cells, outer (4002,47)..(3354,2128) 2109 cells, target (3354,2128)
[final]   388.26s    fence for edge c6-5to6: 0 ways (2 neighbours), 0 cells closed
[final]   388.26s    edge c6-5to6: 5 cells of its slots (20 and 20 cells) were closed and are open again
[final]   388.32s    fence for edge c6-6to7: 0 ways (1 neighbours), 0 cells closed
[final]   388.32s    edge c6-6to7: 16 cells of its slots (20 and 20 cells) were closed and are open again
[final]   388.36s    edge of chain 6 from 6 to 7: no way; source (3380, 1619) heading 7 -> (3395, 1604) free, target (3952, 45) heading 0 -> (3952, 56) free | waypoint 6 way (3376,1615)..(3354,2128) 578 cells, outer (4002,47)..(3354,2128) 2109 cells, target (3354,2128)
[final]   388.40s    fence for edge c6-6to7: 0 ways (1 neighbours), 0 cells closed
[final]   388.40s    edge c6-6to7: 16 cells of its slots (20 and 20 cells) were closed and are open again
[final]   388.56s    fence for edge c6-5to6: 0 ways (2 neighbours), 0 cells closed
[final]   388.56s    edge c6-5to6: 26 cells of its slots (20 and 20 cells) were closed and are open again
[final]   388.58s    edge of chain 6 from 5 to 6: no way; source (3534, 1356) heading 3 -> (3519, 1371) free, target (3366, 1633) heading 7 -> (3351, 1648) free | waypoint 5 way (3552,1346)..(3587,1896) 574 cells, outer (4401,47)..(3587,1896) 1881 cells, target (3587,1896) | waypoint 6 way (3376,1615)..(3354,2128) 578 cells, outer (4002,47)..(3354,2128) 2109 cells, target (3354,2128)
[final]   388.58s  [Coupler Insertion] chain 6: best in the time given 160000 over 8 layers, 36 prefixes expanded, 106 steps routed
[final]   388.62s    fence for edge c7-0to1: 0 ways (1 neighbours), 0 cells closed
[final]   388.85s    fence for edge c7-0to1: 0 ways (1 neighbours), 0 cells closed
[final]   388.85s    edge c7-0to1: 24 cells of its slots (20 and 26 cells) were closed and are open again
[final]   389.07s    fence for edge c7-0to1: 0 ways (1 neighbours), 0 cells closed
[final]   389.21s    fence for edge c7-0to1: 0 ways (1 neighbours), 0 cells closed
[final]   389.21s    edge c7-0to1: 16 cells of its slots (20 and 20 cells) were closed and are open again
[final]   389.35s    fence for edge c7-1to2: 0 ways (2 neighbours), 0 cells closed
[final]   389.35s    edge c7-1to2: 24 cells of its slots (26 and 20 cells) were closed and are open again
[final]   389.42s    fence for edge c7-2to3: 0 ways (2 neighbours), 0 cells closed
[final]   389.42s    edge c7-2to3: 16 cells of its slots (20 and 26 cells) were closed and are open again
[final]   389.48s    fence for edge c7-3to4: 0 ways (2 neighbours), 0 cells closed
[final]   389.48s    edge c7-3to4: 24 cells of its slots (26 and 26 cells) were closed and are open again
[final]   389.55s    fence for edge c7-4to5: 0 ways (2 neighbours), 0 cells closed
[final]   389.55s    edge c7-4to5: 24 cells of its slots (26 and 26 cells) were closed and are open again
[final]   389.61s    fence for edge c7-5to6: 0 ways (2 neighbours), 0 cells closed
[final]   389.61s    edge c7-5to6: 24 cells of its slots (26 and 20 cells) were closed and are open again
[final]   389.68s    fence for edge c7-6to7: 0 ways (1 neighbours), 0 cells closed
[final]   389.68s    edge c7-6to7: 16 cells of its slots (20 and 20 cells) were closed and are open again
[final]   389.71s    [Coupler Insertion]   chain 7: every feedline edge drawn on options launcher 0 6 0 31 0 40 launcher -> cost 120000
[final]   389.71s  [Coupler Insertion] chain 7: optimum 120000 over 8 layers, 7 prefixes expanded, 10 steps routed
[final]   389.76s    fence for edge c8-0to1: 0 ways (1 neighbours), 0 cells closed
[final]   389.97s    fence for edge c8-1to2: 0 ways (2 neighbours), 0 cells closed
[final]   389.97s    edge c8-1to2: 48 cells of its slots (26 and 26 cells) were closed and are open again
[final]   390.04s    fence for edge c8-1to2: 0 ways (2 neighbours), 0 cells closed
[final]   390.04s    edge c8-1to2: 40 cells of its slots (26 and 20 cells) were closed and are open again
[final]   390.10s    fence for edge c8-0to1: 0 ways (1 neighbours), 0 cells closed
[final]   390.10s    edge c8-0to1: 24 cells of its slots (20 and 26 cells) were closed and are open again
[final]   390.31s    fence for edge c8-1to2: 0 ways (2 neighbours), 0 cells closed
[final]   390.31s    edge c8-1to2: 16 cells of its slots (26 and 20 cells) were closed and are open again
[final]   390.37s    fence for edge c8-0to1: 0 ways (1 neighbours), 0 cells closed
[final]   390.55s    fence for edge c8-1to2: 0 ways (2 neighbours), 0 cells closed
[final]   390.55s    edge c8-1to2: 32 cells of its slots (20 and 20 cells) were closed and are open again
[final]   390.62s    fence for edge c8-0to1: 0 ways (1 neighbours), 0 cells closed
[final]   390.75s    fence for edge c8-0to1: 0 ways (1 neighbours), 0 cells closed
[final]   390.75s    edge c8-0to1: 16 cells of its slots (20 and 20 cells) were closed and are open again
[final]   390.89s    fence for edge c8-0to1: 0 ways (1 neighbours), 0 cells closed
[final]   391.08s    fence for edge c8-0to1: 0 ways (1 neighbours), 0 cells closed
[final]   391.08s    edge c8-0to1: 24 cells of its slots (20 and 26 cells) were closed and are open again
[final]   391.28s    fence for edge c8-0to1: 0 ways (1 neighbours), 0 cells closed
[final]   391.28s    edge c8-0to1: 5 cells of its slots (20 and 20 cells) were closed and are open again
[final]   391.51s    fence for edge c8-0to1: 0 ways (1 neighbours), 0 cells closed
[final]   391.51s    edge c8-0to1: 16 cells of its slots (20 and 20 cells) were closed and are open again
[final]   391.97s    fence for edge c8-0to1: 0 ways (1 neighbours), 0 cells closed
[final]   392.38s    fence for edge c8-0to1: 0 ways (1 neighbours), 0 cells closed
[final]   392.38s    edge c8-0to1: 24 cells of its slots (20 and 26 cells) were closed and are open again
[final]   392.77s    fence for edge c8-0to1: 0 ways (1 neighbours), 0 cells closed
[final]   393.04s    fence for edge c8-1to2: 0 ways (2 neighbours), 0 cells closed
[final]   393.04s    edge c8-1to2: 48 cells of its slots (20 and 26 cells) were closed and are open again
[final]   393.05s    edge of chain 8 from 1 to 2: no way; source (1902, 1358) heading 1 -> (1887, 1343) free, target (1660, 1118) heading 2 -> (1681, 1118) free | waypoint 1 way (1898,1362)..(1918,1856) 537 cells, outer (1397,47)..(1918,1856) 1876 cells, target (1918,1856) | waypoint 2 way (1640,1122)..(1851,1618) 517 cells, outer (1196,47)..(1851,1618) 1607 cells, target (1851,1618)
[final]   393.10s    fence for edge c8-1to2: 0 ways (2 neighbours), 0 cells closed
[final]   393.10s    edge c8-1to2: 16 cells of its slots (20 and 26 cells) were closed and are open again
[final]   393.17s    fence for edge c8-0to1: 0 ways (1 neighbours), 0 cells closed
[final]   393.36s    [Coupler Insertion]   chain 8 edge 1: no way after edge 0, but both fit with edge 1 laid first — edge 0 redone at 50000 instead of 50000
[final]   393.41s    fence for edge c8-1to2: 0 ways (2 neighbours), 0 cells closed
[final]   393.41s    edge c8-1to2: 47 cells of its slots (20 and 26 cells) were closed and are open again
[final]   393.43s    edge of chain 8 from 1 to 2: no way; source (1902, 1358) heading 1 -> (1887, 1343) free, target (1630, 1118) heading 2 -> (1651, 1118) free | waypoint 1 way (1898,1362)..(1918,1856) 537 cells, outer (1397,47)..(1918,1856) 1876 cells, target (1918,1856) | waypoint 2 way (1630,1122)..(1851,1618) 517 cells, outer (1196,47)..(1851,1618) 1607 cells, target (1851,1618)
[final]   393.47s    fence for edge c8-1to2: 0 ways (2 neighbours), 0 cells closed
[final]   393.47s    edge c8-1to2: 40 cells of its slots (20 and 26 cells) were closed and are open again
[final]   393.54s    fence for edge c8-0to1: 0 ways (1 neighbours), 0 cells closed
[final]   393.74s    [Coupler Insertion]   chain 8 edge 1: no way after edge 0, but both fit with edge 1 laid first — edge 0 redone at 50000 instead of 50000
[final]   393.79s    fence for edge c8-2to3: 0 ways (2 neighbours), 0 cells closed
[final]   393.86s    fence for edge c8-2to3: 0 ways (2 neighbours), 0 cells closed
[final]   393.86s    edge c8-2to3: 24 cells of its slots (26 and 26 cells) were closed and are open again
[final]   393.93s    fence for edge c8-3to4: 0 ways (2 neighbours), 0 cells closed
[final]   393.99s    fence for edge c8-4to5: 0 ways (2 neighbours), 0 cells closed
[final]   393.99s    edge c8-4to5: 48 cells of its slots (26 and 26 cells) were closed and are open again
[final]   394.06s    fence for edge c8-3to4: 0 ways (2 neighbours), 0 cells closed
[final]   394.06s    edge c8-3to4: 24 cells of its slots (26 and 26 cells) were closed and are open again
[final]   394.13s    fence for edge c8-4to5: 0 ways (2 neighbours), 0 cells closed
[final]   394.13s    edge c8-4to5: 24 cells of its slots (26 and 26 cells) were closed and are open again
[final]   394.20s    fence for edge c8-3to4: 0 ways (2 neighbours), 0 cells closed
[final]   394.27s    fence for edge c8-4to5: 0 ways (2 neighbours), 0 cells closed
[final]   394.27s    edge c8-4to5: 16 cells of its slots (20 and 26 cells) were closed and are open again
[final]   394.33s    fence for edge c8-5to6: 0 ways (2 neighbours), 0 cells closed
[final]   394.33s    edge c8-5to6: 24 cells of its slots (26 and 26 cells) were closed and are open again
[final]   394.40s    fence for edge c8-6to7: 0 ways (1 neighbours), 0 cells closed
[final]   394.40s    edge c8-6to7: 24 cells of its slots (26 and 20 cells) were closed and are open again
[final]   394.47s    [Coupler Insertion]   chain 8: every feedline edge drawn on options launcher 39 3 3 39 0 0 launcher -> cost 160000
[final]   394.47s  [Coupler Insertion] chain 8: optimum 160000 over 8 layers, 12 prefixes expanded, 32 steps routed
[final]   394.52s    fence for edge c9-0to1: 0 ways (1 neighbours), 0 cells closed
[final]   394.63s    fence for edge c9-1to2: 0 ways (2 neighbours), 0 cells closed
[final]   394.63s    edge c9-1to2: 16 cells of its slots (20 and 26 cells) were closed and are open again
[final]   394.70s    fence for edge c9-0to1: 0 ways (1 neighbours), 0 cells closed
[final]   394.70s    edge c9-0to1: 16 cells of its slots (20 and 20 cells) were closed and are open again
[final]   394.82s    fence for edge c9-1to2: 0 ways (2 neighbours), 0 cells closed
[final]   394.88s    fence for edge c9-2to3: 0 ways (2 neighbours), 0 cells closed
[final]   394.88s    edge c9-2to3: 24 cells of its slots (26 and 20 cells) were closed and are open again
[final]   394.96s    fence for edge c9-2to3: 0 ways (2 neighbours), 0 cells closed
[final]   394.96s    edge c9-2to3: 40 cells of its slots (26 and 20 cells) were closed and are open again
[final]   395.03s    fence for edge c9-1to2: 0 ways (2 neighbours), 0 cells closed
[final]   395.03s    edge c9-1to2: 40 cells of its slots (20 and 26 cells) were closed and are open again
[final]   395.10s    fence for edge c9-2to3: 0 ways (2 neighbours), 0 cells closed
[final]   395.18s    fence for edge c9-3to4: 0 ways (2 neighbours), 0 cells closed
[final]   395.18s    edge c9-3to4: 24 cells of its slots (26 and 26 cells) were closed and are open again
[final]   395.25s    fence for edge c9-4to5: 0 ways (2 neighbours), 0 cells closed
[final]   395.25s    edge c9-4to5: 24 cells of its slots (26 and 26 cells) were closed and are open again
[final]   395.33s    fence for edge c9-5to6: 0 ways (2 neighbours), 0 cells closed
[final]   395.33s    edge c9-5to6: 48 cells of its slots (26 and 26 cells) were closed and are open again
[final]   395.39s    fence for edge c9-6to7: 0 ways (1 neighbours), 0 cells closed
[final]   395.46s    [Coupler Insertion]   chain 9: every feedline edge drawn on options launcher 6 3 0 0 0 32 launcher -> cost 160000
[final]   395.46s  [Coupler Insertion] chain 9: optimum 160000 over 8 layers, 9 prefixes expanded, 12 steps routed
[final]   395.51s    fence for edge c10-0to1: 0 ways (1 neighbours), 0 cells closed
[final]   395.70s    fence for edge c10-1to2: 0 ways (2 neighbours), 0 cells closed
[final]   395.70s    edge c10-1to2: 24 cells of its slots (26 and 20 cells) were closed and are open again
[final]   395.76s    fence for edge c10-2to3: 0 ways (2 neighbours), 0 cells closed
[final]   395.76s    edge c10-2to3: 48 cells of its slots (20 and 26 cells) were closed and are open again
[final]   395.78s    edge of chain 10 from 2 to 3: no way; source (2082, 2981) heading 5 -> (2097, 2996) free, target (2089, 3016) heading 4 -> (2089, 2995) free | waypoint 2 way (2086,2977)..(2602,3031) 530 cells, outer (47,3184)..(2602,3031) 2588 cells, target (2602,3031) | waypoint 3 way (2093,3016)..(2600,3065) 535 cells, outer (47,3216)..(2600,3065) 2585 cells, target (2600,3065)
[final]   395.82s    fence for edge c10-0to1: 0 ways (1 neighbours), 0 cells closed
[final]   395.82s    edge c10-0to1: 24 cells of its slots (20 and 26 cells) were closed and are open again
[final]   396.00s    fence for edge c10-1to2: 0 ways (2 neighbours), 0 cells closed
[final]   396.06s    fence for edge c10-0to1: 0 ways (1 neighbours), 0 cells closed
[final]   396.20s    fence for edge c10-1to2: 0 ways (2 neighbours), 0 cells closed
[final]   396.21s    edge c10-1to2: 16 cells of its slots (20 and 26 cells) were closed and are open again
[final]   396.27s    fence for edge c10-2to3: 0 ways (2 neighbours), 0 cells closed
[final]   396.27s    edge c10-2to3: 41 cells of its slots (26 and 26 cells) were closed and are open again
[final]   396.38s    edge of chain 10 from 2 to 3: no way; source (2084, 2953) heading 4 -> (2084, 2974) free, target (2089, 2986) heading 4 -> (2089, 2965) free | waypoint 2 way (2088,2953)..(2602,3031) 535 cells, outer (47,3184)..(2602,3031) 2588 cells, target (2602,3031) | waypoint 3 way (2093,3006)..(2600,3065) 535 cells, outer (47,3216)..(2600,3065) 2585 cells, target (2600,3065)
[final]   396.43s    fence for edge c10-2to3: 0 ways (2 neighbours), 0 cells closed
[final]   396.43s    edge c10-2to3: 48 cells of its slots (26 and 26 cells) were closed and are open again
[final]   396.49s    fence for edge c10-3to4: 0 ways (2 neighbours), 0 cells closed
[final]   396.56s    fence for edge c10-3to4: 0 ways (2 neighbours), 0 cells closed
[final]   396.56s    edge c10-3to4: 24 cells of its slots (26 and 26 cells) were closed and are open again
[final]   396.62s    fence for edge c10-2to3: 0 ways (2 neighbours), 0 cells closed
[final]   396.62s    edge c10-2to3: 48 cells of its slots (26 and 20 cells) were closed and are open again
[final]   396.64s    edge of chain 10 from 2 to 3: no way; source (2084, 2953) heading 4 -> (2084, 2974) free, target (2087, 2988) heading 3 -> (2102, 2973) free | waypoint 2 way (2088,2953)..(2602,3031) 535 cells, outer (47,3184)..(2602,3031) 2588 cells, target (2602,3031) | waypoint 3 way (2091,2992)..(2600,3065) 530 cells, outer (47,3216)..(2600,3065) 2585 cells, target (2600,3065)
[final]   396.68s    fence for edge c10-1to2: 0 ways (2 neighbours), 0 cells closed
[final]   396.68s    edge c10-1to2: 40 cells of its slots (20 and 26 cells) were closed and are open again
[final]   396.75s    fence for edge c10-2to3: 0 ways (2 neighbours), 0 cells closed
[final]   396.75s    edge c10-2to3: 38 cells of its slots (26 and 26 cells) were closed and are open again
[final]   396.76s    edge of chain 10 from 2 to 3: no way; source (2084, 2983) heading 4 -> (2084, 3004) free, target (2089, 3016) heading 4 -> (2089, 2995) free | waypoint 2 way (2088,2963)..(2602,3031) 535 cells, outer (47,3184)..(2602,3031) 2588 cells, target (2602,3031) | waypoint 3 way (2093,3016)..(2600,3065) 535 cells, outer (47,3216)..(2600,3065) 2585 cells, target (2600,3065)
[final]   396.81s    fence for edge c10-1to2: 0 ways (2 neighbours), 0 cells closed
[final]   396.81s    edge c10-1to2: 16 cells of its slots (20 and 20 cells) were closed and are open again
[final]   396.88s    fence for edge c10-0to1: 0 ways (1 neighbours), 0 cells closed
[final]   396.88s    edge c10-0to1: 16 cells of its slots (20 and 20 cells) were closed and are open again
[final]   397.02s    fence for edge c10-1to2: 0 ways (2 neighbours), 0 cells closed
[final]   397.08s    fence for edge c10-1to2: 0 ways (2 neighbours), 0 cells closed
[final]   397.08s    edge c10-1to2: 24 cells of its slots (20 and 26 cells) were closed and are open again
[final]   397.14s    fence for edge c10-1to2: 0 ways (2 neighbours), 0 cells closed
[final]   397.21s    fence for edge c10-0to1: 0 ways (1 neighbours), 0 cells closed
[final]   397.31s    fence for edge c10-1to2: 0 ways (2 neighbours), 0 cells closed
[final]   397.31s    edge c10-1to2: 24 cells of its slots (26 and 26 cells) were closed and are open again
[final]   397.38s    fence for edge c10-1to2: 0 ways (2 neighbours), 0 cells closed
[final]   397.38s    edge c10-1to2: 48 cells of its slots (26 and 26 cells) were closed and are open again
[final]   397.44s    fence for edge c10-1to2: 0 ways (2 neighbours), 0 cells closed
[final]   397.44s    edge c10-1to2: 24 cells of its slots (26 and 20 cells) were closed and are open again
[final]   397.51s    fence for edge c10-3to4: 0 ways (2 neighbours), 0 cells closed
[final]   397.51s    edge c10-3to4: 5 cells of its slots (26 and 20 cells) were closed and are open again
[final]   397.58s    edge of chain 10 from 3 to 4: no way; source (2089, 3036) heading 4 -> (2089, 3057) free, target (2030, 3076) heading 1 -> (2045, 3091) free | waypoint 3 way (2093,3016)..(2600,3065) 535 cells, outer (47,3216)..(2600,3065) 2585 cells, target (2600,3065) | waypoint 4 way (2012,3066)..(2423,3060) 556 cells, outer (47,3299)..(2423,3060) 2480 cells, target (2423,3060)
[final]   397.63s    fence for edge c10-3to4: 0 ways (2 neighbours), 0 cells closed
[final]   397.63s    edge c10-3to4: 16 cells of its slots (26 and 20 cells) were closed and are open again
[final]   397.69s    fence for edge c10-4to5: 0 ways (2 neighbours), 0 cells closed
[final]   397.76s    fence for edge c10-5to6: 0 ways (1 neighbours), 0 cells closed
[final]   397.76s    edge c10-5to6: 16 cells of its slots (20 and 20 cells) were closed and are open again
[final]   397.87s    [Coupler Insertion]   chain 10: every feedline edge drawn on options launcher 6 0 3 27 40 launcher -> cost 140000
[final]   397.91s    fence for edge c10-4to5: 0 ways (2 neighbours), 0 cells closed
[final]   397.91s    edge c10-4to5: 16 cells of its slots (20 and 20 cells) were closed and are open again
[final]   397.98s    fence for edge c10-5to6: 0 ways (1 neighbours), 0 cells closed
[final]   398.08s    [Coupler Insertion]   chain 10: every feedline edge drawn on options launcher 6 0 3 27 43 launcher -> cost 140000
[final]   398.13s    fence for edge c10-4to5: 0 ways (2 neighbours), 0 cells closed
[final]   398.13s    edge c10-4to5: 24 cells of its slots (26 and 20 cells) were closed and are open again
[final]   398.20s    fence for edge c10-5to6: 0 ways (1 neighbours), 0 cells closed
[final]   398.20s    edge c10-5to6: 16 cells of its slots (20 and 20 cells) were closed and are open again
[final]   398.29s    [Coupler Insertion]   chain 10: every feedline edge drawn on options launcher 6 0 3 29 40 launcher -> cost 140000
[final]   398.34s    fence for edge c10-4to5: 0 ways (2 neighbours), 0 cells closed
[final]   398.34s    edge c10-4to5: 40 cells of its slots (26 and 20 cells) were closed and are open again
[final]   398.40s    fence for edge c10-5to6: 0 ways (1 neighbours), 0 cells closed
[final]   398.50s    [Coupler Insertion]   chain 10: every feedline edge drawn on options launcher 6 0 3 29 43 launcher -> cost 140000
[final]   398.54s    fence for edge c10-4to5: 0 ways (2 neighbours), 0 cells closed
[final]   398.61s    fence for edge c10-5to6: 0 ways (1 neighbours), 0 cells closed
[final]   398.61s    edge c10-5to6: 16 cells of its slots (20 and 20 cells) were closed and are open again
[final]   398.70s    [Coupler Insertion]   chain 10: every feedline edge drawn on options launcher 6 0 3 32 40 launcher -> cost 140000
[final]   398.75s    fence for edge c10-4to5: 0 ways (2 neighbours), 0 cells closed
[final]   398.75s    edge c10-4to5: 16 cells of its slots (26 and 20 cells) were closed and are open again
[final]   398.81s    fence for edge c10-5to6: 0 ways (1 neighbours), 0 cells closed
[final]   398.90s    [Coupler Insertion]   chain 10: every feedline edge drawn on options launcher 6 0 3 32 43 launcher -> cost 140000
[final]   398.95s    fence for edge c10-3to4: 0 ways (2 neighbours), 0 cells closed
[final]   398.95s    edge c10-3to4: 16 cells of its slots (26 and 20 cells) were closed and are open again
[final]   399.01s    fence for edge c10-4to5: 0 ways (2 neighbours), 0 cells closed
[final]   399.08s    fence for edge c10-5to6: 0 ways (1 neighbours), 0 cells closed
[final]   399.08s    edge c10-5to6: 16 cells of its slots (20 and 20 cells) were closed and are open again
[final]   399.18s    [Coupler Insertion]   chain 10: every feedline edge drawn on options launcher 9 0 3 27 40 launcher -> cost 140000
[final]   399.22s    fence for edge c10-4to5: 0 ways (2 neighbours), 0 cells closed
[final]   399.22s    edge c10-4to5: 16 cells of its slots (20 and 20 cells) were closed and are open again
[final]   399.29s    fence for edge c10-5to6: 0 ways (1 neighbours), 0 cells closed
[final]   399.38s    [Coupler Insertion]   chain 10: every feedline edge drawn on options launcher 9 0 3 27 43 launcher -> cost 140000
[final]   399.43s    fence for edge c10-4to5: 0 ways (2 neighbours), 0 cells closed
[final]   399.43s    edge c10-4to5: 24 cells of its slots (26 and 20 cells) were closed and are open again
[final]   399.50s    fence for edge c10-5to6: 0 ways (1 neighbours), 0 cells closed
[final]   399.50s    edge c10-5to6: 16 cells of its slots (20 and 20 cells) were closed and are open again
[final]   399.59s    [Coupler Insertion]   chain 10: every feedline edge drawn on options launcher 9 0 3 29 40 launcher -> cost 140000
[final]   399.64s    fence for edge c10-4to5: 0 ways (2 neighbours), 0 cells closed
[final]   399.64s    edge c10-4to5: 40 cells of its slots (26 and 20 cells) were closed and are open again
[final]   399.71s    fence for edge c10-5to6: 0 ways (1 neighbours), 0 cells closed
[final]   399.80s    [Coupler Insertion]   chain 10: every feedline edge drawn on options launcher 9 0 3 29 43 launcher -> cost 140000
[final]   399.84s    fence for edge c10-4to5: 0 ways (2 neighbours), 0 cells closed
[final]   399.91s    fence for edge c10-5to6: 0 ways (1 neighbours), 0 cells closed
[final]   399.91s    edge c10-5to6: 16 cells of its slots (20 and 20 cells) were closed and are open again
[final]   400.00s    [Coupler Insertion]   chain 10: every feedline edge drawn on options launcher 9 0 3 32 40 launcher -> cost 140000
[final]   400.05s    fence for edge c10-4to5: 0 ways (2 neighbours), 0 cells closed
[final]   400.05s    edge c10-4to5: 16 cells of its slots (26 and 20 cells) were closed and are open again
[final]   400.11s    fence for edge c10-5to6: 0 ways (1 neighbours), 0 cells closed
[final]   400.20s    [Coupler Insertion]   chain 10: every feedline edge drawn on options launcher 9 0 3 32 43 launcher -> cost 140000
[final]   400.25s    fence for edge c10-2to3: 0 ways (2 neighbours), 0 cells closed
[final]   400.25s    edge c10-2to3: 24 cells of its slots (26 and 20 cells) were closed and are open again
[final]   400.32s    fence for edge c10-2to3: 0 ways (2 neighbours), 0 cells closed
[final]   400.32s    edge c10-2to3: 40 cells of its slots (26 and 20 cells) were closed and are open again
[final]   400.38s    fence for edge c10-2to3: 0 ways (2 neighbours), 0 cells closed
[final]   400.38s    edge c10-2to3: 24 cells of its slots (26 and 26 cells) were closed and are open again
[final]   400.44s    fence for edge c10-2to3: 0 ways (2 neighbours), 0 cells closed
[final]   400.44s    edge c10-2to3: 48 cells of its slots (26 and 26 cells) were closed and are open again
[final]   400.51s    fence for edge c10-3to4: 0 ways (2 neighbours), 0 cells closed
[final]   400.58s    fence for edge c10-3to4: 0 ways (2 neighbours), 0 cells closed
[final]   400.58s    edge c10-3to4: 24 cells of its slots (26 and 26 cells) were closed and are open again
[final]   400.64s    fence for edge c10-2to3: 0 ways (2 neighbours), 0 cells closed
[final]   400.64s    edge c10-2to3: 47 cells of its slots (26 and 20 cells) were closed and are open again
[final]   400.66s    edge of chain 10 from 2 to 3: no way; source (2084, 2953) heading 4 -> (2084, 2974) free, target (2108, 2967) heading 3 -> (2123, 2952) free | waypoint 2 way (2088,2953)..(2602,3031) 535 cells, outer (47,3184)..(2602,3031) 2588 cells, target (2602,3031) | waypoint 3 way (2098,2985)..(2600,3065) 530 cells, outer (47,3216)..(2600,3065) 2585 cells, target (2600,3065)
[final]   400.70s    fence for edge c10-2to3: 0 ways (2 neighbours), 0 cells closed
[final]   400.78s    fence for edge c10-2to3: 0 ways (2 neighbours), 0 cells closed
[final]   400.78s    edge c10-2to3: 16 cells of its slots (26 and 20 cells) were closed and are open again
[final]   400.84s    fence for edge c10-2to3: 0 ways (2 neighbours), 0 cells closed
[final]   400.91s    fence for edge c10-2to3: 0 ways (2 neighbours), 0 cells closed
[final]   400.91s    edge c10-2to3: 24 cells of its slots (26 and 26 cells) were closed and are open again
[final]   400.97s    fence for edge c10-1to2: 0 ways (2 neighbours), 0 cells closed
[final]   400.97s    edge c10-1to2: 24 cells of its slots (26 and 26 cells) were closed and are open again
[final]   401.03s    fence for edge c10-1to2: 0 ways (2 neighbours), 0 cells closed
[final]   401.03s    edge c10-1to2: 48 cells of its slots (26 and 26 cells) were closed and are open again
[final]   401.10s    fence for edge c10-1to2: 0 ways (2 neighbours), 0 cells closed
[final]   401.17s    fence for edge c10-1to2: 0 ways (2 neighbours), 0 cells closed
[final]   401.17s    edge c10-1to2: 24 cells of its slots (26 and 26 cells) were closed and are open again
[final]   401.23s    fence for edge c10-1to2: 0 ways (2 neighbours), 0 cells closed
[final]   401.23s    edge c10-1to2: 16 cells of its slots (20 and 26 cells) were closed and are open again
[final]   401.30s    fence for edge c10-1to2: 0 ways (2 neighbours), 0 cells closed
[final]   401.30s    edge c10-1to2: 32 cells of its slots (20 and 20 cells) were closed and are open again
[final]   401.36s    fence for edge c10-2to3: 0 ways (2 neighbours), 0 cells closed
[final]   401.36s    edge c10-2to3: 2 cells of its slots (20 and 26 cells) were closed and are open again
[final]   401.45s    fence for edge c10-2to3: 0 ways (2 neighbours), 0 cells closed
[final]   401.45s    edge c10-2to3: 24 cells of its slots (20 and 26 cells) were closed and are open again
[final]   401.52s    fence for edge c10-2to3: 0 ways (2 neighbours), 0 cells closed
[final]   401.58s    fence for edge c10-3to4: 0 ways (2 neighbours), 0 cells closed
[final]   401.58s    edge c10-3to4: 16 cells of its slots (20 and 26 cells) were closed and are open again
[final]   401.65s    fence for edge c10-3to4: 0 ways (2 neighbours), 0 cells closed
[final]   401.65s    edge c10-3to4: 40 cells of its slots (20 and 26 cells) were closed and are open again
[final]   401.71s    fence for edge c10-2to3: 0 ways (2 neighbours), 0 cells closed
[final]   401.71s    edge c10-2to3: 21 cells of its slots (20 and 20 cells) were closed and are open again
[final]   401.73s    edge of chain 10 from 2 to 3: no way; source (2068, 2949) heading 3 -> (2053, 2964) free, target (2087, 2988) heading 3 -> (2102, 2973) free | waypoint 2 way (2086,2939)..(2602,3031) 530 cells, outer (47,3184)..(2602,3031) 2588 cells, target (2602,3031) | waypoint 3 way (2091,2992)..(2600,3065) 530 cells, outer (47,3216)..(2600,3065) 2585 cells, target (2600,3065)
[final]   401.77s    fence for edge c10-1to2: 0 ways (2 neighbours), 0 cells closed
[final]   401.86s    fence for edge c10-1to2: 0 ways (2 neighbours), 0 cells closed
[final]   401.86s    edge c10-1to2: 16 cells of its slots (20 and 20 cells) were closed and are open again
[final]   401.92s    fence for edge c10-1to2: 0 ways (2 neighbours), 0 cells closed
[final]   401.92s    edge c10-1to2: 24 cells of its slots (26 and 26 cells) were closed and are open again
[final]   402.00s    fence for edge c10-1to2: 0 ways (2 neighbours), 0 cells closed
[final]   402.00s    edge c10-1to2: 24 cells of its slots (26 and 26 cells) were closed and are open again
[final]   402.07s    fence for edge c10-2to3: 0 ways (2 neighbours), 0 cells closed
[final]   402.07s    edge c10-2to3: 24 cells of its slots (26 and 26 cells) were closed and are open again
[final]   402.13s    fence for edge c10-3to4: 0 ways (2 neighbours), 0 cells closed
[final]   402.13s    edge c10-3to4: 24 cells of its slots (26 and 26 cells) were closed and are open again
[final]   402.20s    fence for edge c10-4to5: 0 ways (2 neighbours), 0 cells closed
[final]   402.20s    edge c10-4to5: 24 cells of its slots (26 and 20 cells) were closed and are open again
[final]   402.26s    fence for edge c10-5to6: 0 ways (1 neighbours), 0 cells closed
[final]   402.26s    edge c10-5to6: 16 cells of its slots (20 and 20 cells) were closed and are open again
[final]   402.36s    [Coupler Insertion]   chain 10: every feedline edge drawn on options launcher 12 36 0 29 40 launcher -> cost 140000
[final]   402.40s    fence for edge c10-4to5: 0 ways (2 neighbours), 0 cells closed
[final]   402.40s    edge c10-4to5: 40 cells of its slots (26 and 20 cells) were closed and are open again
[final]   402.47s    fence for edge c10-5to6: 0 ways (1 neighbours), 0 cells closed
[final]   402.56s    [Coupler Insertion]   chain 10: every feedline edge drawn on options launcher 12 36 0 29 43 launcher -> cost 140000
[final]   402.61s    fence for edge c10-3to4: 0 ways (2 neighbours), 0 cells closed
[final]   402.61s    edge c10-3to4: 48 cells of its slots (26 and 26 cells) were closed and are open again
[final]   402.67s    fence for edge c10-4to5: 0 ways (2 neighbours), 0 cells closed
[final]   402.74s    fence for edge c10-5to6: 0 ways (1 neighbours), 0 cells closed
[final]   402.74s    edge c10-5to6: 16 cells of its slots (20 and 20 cells) were closed and are open again
[final]   402.83s    [Coupler Insertion]   chain 10: every feedline edge drawn on options launcher 12 36 0 32 40 launcher -> cost 140000
[final]   402.88s    fence for edge c10-4to5: 0 ways (2 neighbours), 0 cells closed
[final]   402.88s    edge c10-4to5: 16 cells of its slots (26 and 20 cells) were closed and are open again
[final]   402.95s    fence for edge c10-5to6: 0 ways (1 neighbours), 0 cells closed
[final]   403.04s    [Coupler Insertion]   chain 10: every feedline edge drawn on options launcher 12 36 0 32 43 launcher -> cost 140000
[final]   403.08s    fence for edge c10-2to3: 0 ways (2 neighbours), 0 cells closed
[final]   403.08s    edge c10-2to3: 48 cells of its slots (26 and 26 cells) were closed and are open again
[final]   403.15s    fence for edge c10-2to3: 0 ways (2 neighbours), 0 cells closed
[final]   403.15s    edge c10-2to3: 45 cells of its slots (26 and 20 cells) were closed and are open again
[final]   403.16s    edge of chain 10 from 2 to 3: no way; source (2117, 2930) heading 2 -> (2096, 2930) free, target (2108, 2967) heading 3 -> (2123, 2952) free | waypoint 2 way (2117,2934)..(2602,3031) 535 cells, outer (47,3184)..(2602,3031) 2588 cells, target (2602,3031) | waypoint 3 way (2098,2985)..(2600,3065) 530 cells, outer (47,3216)..(2600,3065) 2585 cells, target (2600,3065)
[final]   403.21s    fence for edge c10-2to3: 0 ways (2 neighbours), 0 cells closed
[final]   403.21s    edge c10-2to3: 45 cells of its slots (26 and 20 cells) were closed and are open again
[final]   403.22s    edge of chain 10 from 2 to 3: no way; source (2117, 2930) heading 2 -> (2096, 2930) free, target (2087, 2988) heading 3 -> (2102, 2973) free | waypoint 2 way (2117,2934)..(2602,3031) 535 cells, outer (47,3184)..(2602,3031) 2588 cells, target (2602,3031) | waypoint 3 way (2091,2992)..(2600,3065) 530 cells, outer (47,3216)..(2600,3065) 2585 cells, target (2600,3065)
[final]   403.27s    fence for edge c10-1to2: 0 ways (2 neighbours), 0 cells closed
[final]   403.27s    edge c10-1to2: 24 cells of its slots (26 and 20 cells) were closed and are open again
[final]   403.33s    fence for edge c10-2to3: 0 ways (2 neighbours), 0 cells closed
[final]   403.33s    edge c10-2to3: 18 cells of its slots (20 and 26 cells) were closed and are open again
[final]   403.40s    fence for edge c10-2to3: 0 ways (2 neighbours), 0 cells closed
[final]   403.40s    edge c10-2to3: 40 cells of its slots (20 and 26 cells) were closed and are open again
[final]   403.47s    fence for edge c10-2to3: 0 ways (2 neighbours), 0 cells closed
[final]   403.47s    edge c10-2to3: 16 cells of its slots (20 and 20 cells) were closed and are open again
[final]   403.53s    fence for edge c10-2to3: 0 ways (2 neighbours), 0 cells closed
[final]   403.53s    edge c10-2to3: 36 cells of its slots (20 and 20 cells) were closed and are open again
[final]   403.55s    edge of chain 10 from 2 to 3: no way; source (2089, 2928) heading 3 -> (2074, 2943) free, target (2108, 2967) heading 3 -> (2123, 2952) free | waypoint 2 way (2093,2932)..(2602,3031) 530 cells, outer (47,3184)..(2602,3031) 2588 cells, target (2602,3031) | waypoint 3 way (2098,2985)..(2600,3065) 530 cells, outer (47,3216)..(2600,3065) 2585 cells, target (2600,3065)
[final]   403.59s    fence for edge c10-2to3: 0 ways (2 neighbours), 0 cells closed
[final]   403.59s    edge c10-2to3: 37 cells of its slots (20 and 20 cells) were closed and are open again
[final]   403.61s    edge of chain 10 from 2 to 3: no way; source (2089, 2928) heading 3 -> (2074, 2943) free, target (2087, 2988) heading 3 -> (2102, 2973) free | waypoint 2 way (2093,2932)..(2602,3031) 530 cells, outer (47,3184)..(2602,3031) 2588 cells, target (2602,3031) | waypoint 3 way (2091,2992)..(2600,3065) 530 cells, outer (47,3216)..(2600,3065) 2585 cells, target (2600,3065)
[final]   403.65s    fence for edge c10-1to2: 0 ways (2 neighbours), 0 cells closed
[final]   403.65s    edge c10-1to2: 40 cells of its slots (26 and 20 cells) were closed and are open again
[final]   403.72s    fence for edge c10-0to1: 0 ways (1 neighbours), 0 cells closed
[final]   403.72s    edge c10-0to1: 24 cells of its slots (20 and 26 cells) were closed and are open again
[final]   403.82s    fence for edge c10-1to2: 0 ways (2 neighbours), 0 cells closed
[final]   403.89s    fence for edge c10-1to2: 0 ways (2 neighbours), 0 cells closed
[final]   403.89s    edge c10-1to2: 24 cells of its slots (26 and 26 cells) were closed and are open again
[final]   403.95s    fence for edge c10-1to2: 0 ways (2 neighbours), 0 cells closed
[final]   404.02s    fence for edge c10-1to2: 0 ways (2 neighbours), 0 cells closed
[final]   404.08s    fence for edge c10-4to5: 0 ways (2 neighbours), 0 cells closed
[final]   404.08s    edge c10-4to5: 24 cells of its slots (26 and 20 cells) were closed and are open again
[final]   404.15s    fence for edge c10-5to6: 0 ways (1 neighbours), 0 cells closed
[final]   404.15s    edge c10-5to6: 16 cells of its slots (20 and 20 cells) were closed and are open again
[final]   404.24s    [Coupler Insertion]   chain 10: every feedline edge drawn on options launcher 14 36 0 29 40 launcher -> cost 140000
[final]   404.29s    fence for edge c10-4to5: 0 ways (2 neighbours), 0 cells closed
[final]   404.29s    edge c10-4to5: 40 cells of its slots (26 and 20 cells) were closed and are open again
[final]   404.36s    fence for edge c10-5to6: 0 ways (1 neighbours), 0 cells closed
[final]   404.45s    [Coupler Insertion]   chain 10: every feedline edge drawn on options launcher 14 36 0 29 43 launcher -> cost 140000
[final]   404.49s    fence for edge c10-4to5: 0 ways (2 neighbours), 0 cells closed
[final]   404.56s    fence for edge c10-5to6: 0 ways (1 neighbours), 0 cells closed
[final]   404.56s    edge c10-5to6: 16 cells of its slots (20 and 20 cells) were closed and are open again
[final]   404.65s    [Coupler Insertion]   chain 10: every feedline edge drawn on options launcher 14 36 0 32 40 launcher -> cost 140000
[final]   404.70s    fence for edge c10-4to5: 0 ways (2 neighbours), 0 cells closed
[final]   404.70s    edge c10-4to5: 16 cells of its slots (26 and 20 cells) were closed and are open again
[final]   404.76s    fence for edge c10-5to6: 0 ways (1 neighbours), 0 cells closed
[final]   404.85s    [Coupler Insertion]   chain 10: every feedline edge drawn on options launcher 14 36 0 32 43 launcher -> cost 140000
[final]   404.90s    fence for edge c10-1to2: 0 ways (2 neighbours), 0 cells closed
[final]   404.96s    fence for edge c10-1to2: 0 ways (2 neighbours), 0 cells closed
[final]   404.96s    edge c10-1to2: 16 cells of its slots (26 and 20 cells) were closed and are open again
[final]   405.03s    fence for edge c10-0to1: 0 ways (1 neighbours), 0 cells closed
[final]   405.12s    fence for edge c10-1to2: 0 ways (2 neighbours), 0 cells closed
[final]   405.12s    edge c10-1to2: 16 cells of its slots (20 and 26 cells) were closed and are open again
[final]   405.19s    fence for edge c10-1to2: 0 ways (2 neighbours), 0 cells closed
[final]   405.19s    edge c10-1to2: 40 cells of its slots (20 and 26 cells) were closed and are open again
[final]   405.25s    fence for edge c10-1to2: 0 ways (2 neighbours), 0 cells closed
[final]   405.25s    edge c10-1to2: 16 cells of its slots (20 and 20 cells) were closed and are open again
[final]   405.32s    fence for edge c10-1to2: 0 ways (2 neighbours), 0 cells closed
[final]   405.32s    edge c10-1to2: 16 cells of its slots (20 and 26 cells) were closed and are open again
[final]   405.38s    fence for edge c10-4to5: 0 ways (2 neighbours), 0 cells closed
[final]   405.38s    edge c10-4to5: 24 cells of its slots (26 and 20 cells) were closed and are open again
[final]   405.45s    fence for edge c10-5to6: 0 ways (1 neighbours), 0 cells closed
[final]   405.45s    edge c10-5to6: 16 cells of its slots (20 and 20 cells) were closed and are open again
[final]   405.54s    [Coupler Insertion]   chain 10: every feedline edge drawn on options launcher 16 36 0 29 40 launcher -> cost 140000
[final]   405.54s  [Coupler Insertion] chain 10: best in the time given 140000 over 7 layers, 92 prefixes expanded, 120 steps routed
[final]   405.54s    [Coupler Insertion]   chain 11 waypoint 1: 2 of 15 options closed, their body on a feedline
[final]   405.59s    fence for edge c11-0to1: 0 ways (1 neighbours), 0 cells closed
[final]   405.77s    fence for edge c11-1to2: 0 ways (2 neighbours), 0 cells closed
[final]   405.77s    edge c11-1to2: 48 cells of its slots (26 and 26 cells) were closed and are open again
[final]   405.84s    fence for edge c11-1to2: 0 ways (2 neighbours), 0 cells closed
[final]   405.84s    edge c11-1to2: 24 cells of its slots (26 and 20 cells) were closed and are open again
[final]   405.91s    fence for edge c11-1to2: 0 ways (2 neighbours), 0 cells closed
[final]   405.92s    edge c11-1to2: 40 cells of its slots (26 and 20 cells) were closed and are open again
[final]   405.98s    fence for edge c11-2to3: 0 ways (2 neighbours), 0 cells closed
[final]   406.04s    fence for edge c11-3to4: 0 ways (2 neighbours), 0 cells closed
[final]   406.05s    edge c11-3to4: 24 cells of its slots (26 and 20 cells) were closed and are open again
[final]   406.11s    fence for edge c11-4to5: 0 ways (2 neighbours), 0 cells closed
[final]   406.11s    edge c11-4to5: 16 cells of its slots (20 and 26 cells) were closed and are open again
[final]   406.18s    fence for edge c11-5to6: 0 ways (2 neighbours), 0 cells closed
[final]   406.18s    edge c11-5to6: 40 cells of its slots (26 and 20 cells) were closed and are open again
[final]   406.26s    fence for edge c11-5to6: 0 ways (2 neighbours), 0 cells closed
[final]   406.26s    edge c11-5to6: 24 cells of its slots (26 and 26 cells) were closed and are open again
[final]   406.33s    fence for edge c11-5to6: 0 ways (2 neighbours), 0 cells closed
[final]   406.33s    edge c11-5to6: 48 cells of its slots (26 and 26 cells) were closed and are open again
[final]   406.39s    fence for edge c11-6to7: 0 ways (1 neighbours), 0 cells closed
[final]   406.43s    [Coupler Insertion]   chain 11: every feedline edge drawn on options launcher 0 9 0 20 0 36 launcher -> cost 160000
[final]   406.43s  [Coupler Insertion] chain 11: optimum 160000 over 8 layers, 7 prefixes expanded, 11 steps routed
[final]   406.48s    fence for edge c0-0to1: 80 ways (1 neighbours), 1906405 cells closed
[final]   406.53s    fence for edge c0-1to2: 80 ways (2 neighbours), 1941433 cells closed
[final]   406.53s    edge c0-1to2: 24 cells of its slots (26 and 20 cells) were closed and are open again
[final]   406.58s    fence for edge c0-2to3: 80 ways (2 neighbours), 1942202 cells closed
[final]   406.58s    edge c0-2to3: 32 cells of its slots (20 and 20 cells) were closed and are open again
[final]   406.63s    fence for edge c0-3to4: 80 ways (2 neighbours), 1937475 cells closed
[final]   406.67s    fence for edge c0-4to5: 80 ways (2 neighbours), 1945615 cells closed
[final]   406.67s    edge c0-4to5: 24 cells of its slots (26 and 20 cells) were closed and are open again
[final]   406.72s    fence for edge c0-5to6: 80 ways (1 neighbours), 1896539 cells closed
[final]   406.72s    edge c0-5to6: 16 cells of its slots (20 and 20 cells) were closed and are open again
[final]   406.77s    fence for edge c1-0to1: 80 ways (1 neighbours), 1887691 cells closed
[final]   406.82s    fence for edge c1-1to2: 80 ways (2 neighbours), 1942612 cells closed
[final]   406.82s    edge c1-1to2: 48 cells of its slots (26 and 26 cells) were closed and are open again
[final]   406.87s    fence for edge c1-2to3: 80 ways (2 neighbours), 1934224 cells closed
[final]   406.91s    fence for edge c1-3to4: 80 ways (2 neighbours), 1943814 cells closed
[final]   406.91s    edge c1-3to4: 16 cells of its slots (20 and 26 cells) were closed and are open again
[final]   406.96s    fence for edge c1-4to5: 80 ways (2 neighbours), 1934202 cells closed
[final]   406.96s    edge c1-4to5: 24 cells of its slots (26 and 26 cells) were closed and are open again
[final]   407.01s    fence for edge c1-5to6: 80 ways (2 neighbours), 1942603 cells closed
[final]   407.01s    edge c1-5to6: 48 cells of its slots (26 and 26 cells) were closed and are open again
[final]   407.06s    fence for edge c1-6to7: 80 ways (1 neighbours), 1888075 cells closed
[final]   407.11s    fence for edge c2-0to1: 80 ways (1 neighbours), 1897930 cells closed
[final]   407.15s    fence for edge c2-1to2: 80 ways (2 neighbours), 1943860 cells closed
[final]   407.15s    edge c2-1to2: 40 cells of its slots (20 and 26 cells) were closed and are open again
[final]   407.20s    fence for edge c2-2to3: 80 ways (2 neighbours), 1933699 cells closed
[final]   407.20s    edge c2-2to3: 27 cells of its slots (26 and 26 cells) were closed and are open again
[final]   407.25s    fence for edge c2-3to4: 80 ways (2 neighbours), 1943978 cells closed
[final]   407.25s    edge c2-3to4: 24 cells of its slots (26 and 26 cells) were closed and are open again
[final]   407.30s    fence for edge c2-4to5: 80 ways (2 neighbours), 1937970 cells closed
[final]   407.30s    edge c2-4to5: 24 cells of its slots (26 and 26 cells) were closed and are open again
[final]   407.34s    fence for edge c2-5to6: 80 ways (1 neighbours), 1911698 cells closed
[final]   407.34s    edge c2-5to6: 24 cells of its slots (26 and 20 cells) were closed and are open again
[final]   407.39s    fence for edge c3-0to1: 80 ways (1 neighbours), 1917534 cells closed
[final]   407.44s    fence for edge c3-1to2: 80 ways (2 neighbours), 1936674 cells closed
[final]   407.44s    edge c3-1to2: 24 cells of its slots (26 and 20 cells) were closed and are open again
[final]   407.49s    fence for edge c3-2to3: 80 ways (2 neighbours), 1940230 cells closed
[final]   407.49s    edge c3-2to3: 16 cells of its slots (20 and 26 cells) were closed and are open again
[final]   407.54s    fence for edge c3-3to4: 80 ways (2 neighbours), 1931023 cells closed
[final]   407.54s    edge c3-3to4: 24 cells of its slots (26 and 26 cells) were closed and are open again
[final]   407.58s    fence for edge c3-4to5: 80 ways (2 neighbours), 1943356 cells closed
[final]   407.58s    edge c3-4to5: 24 cells of its slots (26 and 26 cells) were closed and are open again
[final]   407.63s    fence for edge c3-5to6: 80 ways (2 neighbours), 1932572 cells closed
[final]   407.63s    edge c3-5to6: 48 cells of its slots (26 and 26 cells) were closed and are open again
[final]   407.68s    fence for edge c3-6to7: 80 ways (1 neighbours), 1904141 cells closed
[final]   407.73s    fence for edge c4-0to1: 80 ways (1 neighbours), 1899606 cells closed
[final]   407.77s    fence for edge c4-1to2: 80 ways (2 neighbours), 1936257 cells closed
[final]   407.77s    edge c4-1to2: 24 cells of its slots (26 and 26 cells) were closed and are open again
[final]   407.82s    fence for edge c4-2to3: 80 ways (2 neighbours), 1935215 cells closed
[final]   407.82s    edge c4-2to3: 24 cells of its slots (26 and 20 cells) were closed and are open again
[final]   407.87s    fence for edge c4-3to4: 80 ways (2 neighbours), 1942936 cells closed
[final]   407.87s    edge c4-3to4: 16 cells of its slots (20 and 26 cells) were closed and are open again
[final]   407.92s    fence for edge c4-4to5: 80 ways (2 neighbours), 1940022 cells closed
[final]   407.92s    edge c4-4to5: 24 cells of its slots (26 and 26 cells) were closed and are open again
[final]   407.96s    fence for edge c4-5to6: 80 ways (2 neighbours), 1945268 cells closed
[final]   407.96s    edge c4-5to6: 24 cells of its slots (26 and 20 cells) were closed and are open again
[final]   408.01s    fence for edge c4-6to7: 80 ways (1 neighbours), 1883846 cells closed
[final]   408.01s    edge c4-6to7: 16 cells of its slots (20 and 20 cells) were closed and are open again
[final]   408.06s    fence for edge c5-0to1: 80 ways (1 neighbours), 1887739 cells closed
[final]   408.06s    edge c5-0to1: 21 cells of its slots (20 and 26 cells) were closed and are open again
[final]   408.11s    fence for edge c5-1to2: 80 ways (2 neighbours), 1941433 cells closed
[final]   408.11s    edge c5-1to2: 48 cells of its slots (26 and 26 cells) were closed and are open again
[final]   408.15s    fence for edge c5-2to3: 80 ways (2 neighbours), 1940630 cells closed
[final]   408.20s    fence for edge c5-3to4: 80 ways (2 neighbours), 1936512 cells closed
[final]   408.20s    edge c5-3to4: 24 cells of its slots (26 and 20 cells) were closed and are open again
[final]   408.25s    fence for edge c5-4to5: 80 ways (2 neighbours), 1939036 cells closed
[final]   408.25s    edge c5-4to5: 16 cells of its slots (20 and 26 cells) were closed and are open again
[final]   408.30s    fence for edge c5-5to6: 80 ways (2 neighbours), 1940731 cells closed
[final]   408.30s    edge c5-5to6: 40 cells of its slots (26 and 20 cells) were closed and are open again
[final]   408.35s    fence for edge c5-6to7: 80 ways (1 neighbours), 1908182 cells closed
[final]   408.39s    fence for edge c6-0to1: 80 ways (1 neighbours), 1909626 cells closed
[final]   408.44s    fence for edge c6-1to2: 80 ways (2 neighbours), 1933097 cells closed
[final]   408.44s    edge c6-1to2: 16 cells of its slots (20 and 26 cells) were closed and are open again
[final]   408.49s    fence for edge c6-2to3: 80 ways (2 neighbours), 1931187 cells closed
[final]   408.49s    edge c6-2to3: 24 cells of its slots (26 and 20 cells) were closed and are open again
[final]   408.54s    fence for edge c6-3to4: 80 ways (2 neighbours), 1940984 cells closed
[final]   408.54s    edge c6-3to4: 40 cells of its slots (20 and 26 cells) were closed and are open again
[final]   408.58s    fence for edge c6-4to5: 80 ways (2 neighbours), 1942636 cells closed
[final]   408.58s    edge c6-4to5: 16 cells of its slots (26 and 20 cells) were closed and are open again
[final]   408.63s    fence for edge c6-5to6: 80 ways (2 neighbours), 1936328 cells closed
[final]   408.63s    edge c6-5to6: 27 cells of its slots (20 and 26 cells) were closed and are open again
[final]   408.68s    fence for edge c6-6to7: 80 ways (1 neighbours), 1875361 cells closed
[final]   408.73s    fence for edge c7-0to1: 80 ways (1 neighbours), 1875163 cells closed
[final]   408.77s    fence for edge c7-1to2: 80 ways (2 neighbours), 1934096 cells closed
[final]   408.78s    edge c7-1to2: 24 cells of its slots (26 and 20 cells) were closed and are open again
[final]   408.82s    fence for edge c7-2to3: 80 ways (2 neighbours), 1944002 cells closed
[final]   408.82s    edge c7-2to3: 16 cells of its slots (20 and 26 cells) were closed and are open again
[final]   408.87s    fence for edge c7-3to4: 80 ways (2 neighbours), 1938731 cells closed
[final]   408.87s    edge c7-3to4: 24 cells of its slots (26 and 26 cells) were closed and are open again
[final]   408.92s    fence for edge c7-4to5: 80 ways (2 neighbours), 1935345 cells closed
[final]   408.92s    edge c7-4to5: 24 cells of its slots (26 and 26 cells) were closed and are open again
[final]   408.97s    fence for edge c7-5to6: 80 ways (2 neighbours), 1937268 cells closed
[final]   408.97s    edge c7-5to6: 24 cells of its slots (26 and 20 cells) were closed and are open again
[final]   409.02s    fence for edge c7-6to7: 80 ways (1 neighbours), 1887849 cells closed
[final]   409.02s    edge c7-6to7: 16 cells of its slots (20 and 20 cells) were closed and are open again
[final]   409.06s    fence for edge c8-0to1: 80 ways (1 neighbours), 1887913 cells closed
[final]   409.11s    fence for edge c8-1to2: 80 ways (2 neighbours), 1934512 cells closed
[final]   409.11s    edge c8-1to2: 40 cells of its slots (20 and 26 cells) were closed and are open again
[final]   409.16s    fence for edge c8-2to3: 80 ways (2 neighbours), 1944751 cells closed
[final]   409.16s    edge c8-2to3: 24 cells of its slots (26 and 26 cells) were closed and are open again
[final]   409.21s    fence for edge c8-3to4: 80 ways (2 neighbours), 1939744 cells closed
[final]   409.26s    fence for edge c8-4to5: 80 ways (2 neighbours), 1939024 cells closed
[final]   409.26s    edge c8-4to5: 16 cells of its slots (20 and 26 cells) were closed and are open again
[final]   409.30s    fence for edge c8-5to6: 80 ways (2 neighbours), 1936412 cells closed
[final]   409.30s    edge c8-5to6: 24 cells of its slots (26 and 26 cells) were closed and are open again
[final]   409.35s    fence for edge c8-6to7: 80 ways (1 neighbours), 1902601 cells closed
[final]   409.35s    edge c8-6to7: 24 cells of its slots (26 and 20 cells) were closed and are open again
[final]   409.40s    fence for edge c9-0to1: 80 ways (1 neighbours), 1895155 cells closed
[final]   409.45s    fence for edge c9-1to2: 80 ways (2 neighbours), 1941124 cells closed
[final]   409.45s    edge c9-1to2: 40 cells of its slots (20 and 26 cells) were closed and are open again
[final]   409.50s    fence for edge c9-2to3: 80 ways (2 neighbours), 1934960 cells closed
[final]   409.54s    fence for edge c9-3to4: 80 ways (2 neighbours), 1944419 cells closed
[final]   409.54s    edge c9-3to4: 24 cells of its slots (26 and 26 cells) were closed and are open again
[final]   409.59s    fence for edge c9-4to5: 80 ways (2 neighbours), 1934206 cells closed
[final]   409.59s    edge c9-4to5: 24 cells of its slots (26 and 26 cells) were closed and are open again
[final]   409.64s    fence for edge c9-5to6: 80 ways (2 neighbours), 1942390 cells closed
[final]   409.64s    edge c9-5to6: 48 cells of its slots (26 and 26 cells) were closed and are open again
[final]   409.69s    fence for edge c9-6to7: 80 ways (1 neighbours), 1877966 cells closed
[final]   409.74s    fence for edge c10-0to1: 80 ways (1 neighbours), 1869132 cells closed
[final]   409.78s    fence for edge c10-1to2: 80 ways (2 neighbours), 1944220 cells closed
[final]   409.78s    edge c10-1to2: 16 cells of its slots (20 and 26 cells) were closed and are open again
[final]   409.83s    fence for edge c10-2to3: 80 ways (2 neighbours), 1945850 cells closed
[final]   409.83s    edge c10-2to3: 48 cells of its slots (26 and 26 cells) were closed and are open again
[final]   409.88s    fence for edge c10-3to4: 80 ways (2 neighbours), 1943784 cells closed
[final]   409.88s    edge c10-3to4: 16 cells of its slots (26 and 20 cells) were closed and are open again
[final]   409.93s    fence for edge c10-4to5: 80 ways (2 neighbours), 1934435 cells closed
[final]   409.97s    fence for edge c10-5to6: 80 ways (1 neighbours), 1876542 cells closed
[final]   409.98s    edge c10-5to6: 16 cells of its slots (20 and 20 cells) were closed and are open again
[final]   410.02s    fence for edge c11-0to1: 80 ways (1 neighbours), 1885311 cells closed
[final]   410.02s    edge c11-0to1: 21 cells of its slots (20 and 26 cells) were closed and are open again
[final]   410.07s    fence for edge c11-1to2: 80 ways (2 neighbours), 1933402 cells closed
[final]   410.07s    edge c11-1to2: 40 cells of its slots (26 and 20 cells) were closed and are open again
[final]   410.12s    fence for edge c11-2to3: 80 ways (2 neighbours), 1945201 cells closed
[final]   410.17s    fence for edge c11-3to4: 80 ways (2 neighbours), 1930031 cells closed
[final]   410.17s    edge c11-3to4: 24 cells of its slots (26 and 20 cells) were closed and are open again
[final]   410.21s    fence for edge c11-4to5: 80 ways (2 neighbours), 1938222 cells closed
[final]   410.21s    edge c11-4to5: 16 cells of its slots (20 and 26 cells) were closed and are open again
[final]   410.26s    fence for edge c11-5to6: 80 ways (2 neighbours), 1940005 cells closed
[final]   410.26s    edge c11-5to6: 48 cells of its slots (26 and 26 cells) were closed and are open again
[final]   410.31s    fence for edge c11-6to7: 80 ways (1 neighbours), 1915007 cells closed
[final]   410.31s  [Coupler Insertion] 12 of 12 chains settled each on its own chip, 15 edges would not survive this state
[final]   410.41s    fence for edge c0-0to1: 1 ways (1 neighbours), 8229 cells closed
[final]   410.41s    [Coupler Insertion] edge f0 chain 0 (0->1): 915 cells, angle 2, as the greedy chose it
[final]   410.46s    fence for edge c0-1to2: 2 ways (2 neighbours), 50717 cells closed
[final]   410.46s    edge c0-1to2: 24 cells of its slots (26 and 20 cells) were closed and are open again
[final]   410.46s    [Coupler Insertion] edge f1 chain 0 (1->2): 145 cells, angle 1, as the greedy chose it
[final]   410.50s    fence for edge c0-2to3: 2 ways (2 neighbours), 20416 cells closed
[final]   410.51s    edge c0-2to3: 32 cells of its slots (20 and 20 cells) were closed and are open again
[final]   410.51s    [Coupler Insertion] edge f2 chain 0 (2->3): 126 cells, angle 4, as the greedy chose it
[final]   410.55s    fence for edge c0-3to4: 3 ways (2 neighbours), 19736 cells closed
[final]   410.55s    [Coupler Insertion] edge f3 chain 0 (3->4): 277 cells, angle 3, as the greedy chose it
[final]   410.60s    fence for edge c0-4to5: 4 ways (2 neighbours), 80999 cells closed
[final]   410.60s    edge c0-4to5: 24 cells of its slots (26 and 20 cells) were closed and are open again
[final]   410.60s    [Coupler Insertion] edge f4 chain 0 (4->5): 69 cells, angle 1, as the greedy chose it
[final]   410.64s    fence for edge c0-5to6: 5 ways (1 neighbours), 75180 cells closed
[final]   410.64s    edge c0-5to6: 16 cells of its slots (20 and 20 cells) were closed and are open again
[final]   410.64s    [Coupler Insertion] edge f5 chain 0 (5->6): 1201 cells, angle 3, as the greedy chose it
[final]   410.69s    fence for edge c1-0to1: 1 ways (1 neighbours), 7050 cells closed
[final]   410.69s    [Coupler Insertion] edge f6 chain 1 (0->1): 1509 cells, angle 4, as the greedy chose it
[final]   410.74s    fence for edge c1-1to2: 2 ways (2 neighbours), 77409 cells closed
[final]   410.74s    edge c1-1to2: 48 cells of its slots (26 and 26 cells) were closed and are open again
[final]   410.74s    [Coupler Insertion] edge f7 chain 1 (1->2): 132 cells, angle 2, as the greedy chose it
[final]   410.78s    fence for edge c1-2to3: 2 ways (2 neighbours), 12898 cells closed
[final]   410.78s    [Coupler Insertion] edge f8 chain 1 (2->3): 290 cells, angle 1, as the greedy chose it
[final]   410.83s    fence for edge c1-3to4: 3 ways (2 neighbours), 37948 cells closed
[final]   410.83s    edge c1-3to4: 16 cells of its slots (20 and 26 cells) were closed and are open again
[final]   410.83s    [Coupler Insertion] edge f9 chain 1 (3->4): 108 cells, angle 1, as the greedy chose it
[final]   410.88s    fence for edge c1-4to5: 4 ways (2 neighbours), 35395 cells closed
[final]   410.88s    edge c1-4to5: 24 cells of its slots (26 and 26 cells) were closed and are open again
[final]   410.88s    [Coupler Insertion] edge f10 chain 1 (4->5): 348 cells, angle 4, as the greedy chose it
[final]   410.92s    fence for edge c1-5to6: 5 ways (2 neighbours), 105383 cells closed
[final]   410.92s    edge c1-5to6: 48 cells of its slots (26 and 26 cells) were closed and are open again
[final]   410.92s    [Coupler Insertion] edge f11 chain 1 (5->6): 129 cells, angle 2, as the greedy chose it
[final]   410.97s    fence for edge c1-6to7: 6 ways (1 neighbours), 112826 cells closed
[final]   410.97s    [Coupler Insertion] edge f12 chain 1 (6->7): 1497 cells, angle 4, as the greedy chose it
[final]   411.02s    fence for edge c2-0to1: 1 ways (1 neighbours), 5802 cells closed
[final]   411.02s    [Coupler Insertion] edge f13 chain 2 (0->1): 1156 cells, angle 3, as the greedy chose it
[final]   411.06s    fence for edge c2-1to2: 2 ways (2 neighbours), 67695 cells closed
[final]   411.06s    edge c2-1to2: 40 cells of its slots (20 and 26 cells) were closed and are open again
[final]   411.06s    [Coupler Insertion] edge f14 chain 2 (1->2): 100 cells, angle 1, as the greedy chose it
[final]   411.11s    fence for edge c2-2to3: 2 ways (2 neighbours), 11486 cells closed
[final]   411.11s    [Coupler Insertion] edge f15 chain 2 (2->3): 367 cells, angle 4, as the greedy chose it
[final]   411.15s    fence for edge c2-3to4: 3 ways (2 neighbours), 33457 cells closed
[final]   411.15s    edge c2-3to4: 24 cells of its slots (26 and 26 cells) were closed and are open again
[final]   411.15s    [Coupler Insertion] edge f16 chain 2 (3->4): 102 cells, angle 2, as the greedy chose it
[final]   411.20s    fence for edge c2-4to5: 4 ways (2 neighbours), 65413 cells closed
[final]   411.20s    edge c2-4to5: 24 cells of its slots (26 and 26 cells) were closed and are open again
[final]   411.20s    [Coupler Insertion] edge f17 chain 2 (4->5): 232 cells, angle 2, as the greedy chose it
[final]   411.25s    fence for edge c2-5to6: 5 ways (1 neighbours), 90873 cells closed
[final]   411.25s    edge c2-5to6: 24 cells of its slots (26 and 20 cells) were closed and are open again
[final]   411.25s    [Coupler Insertion] edge f18 chain 2 (5->6): 738 cells, angle 2, as the greedy chose it
[final]   411.30s    fence for edge c3-0to1: 1 ways (1 neighbours), 12988 cells closed
[final]   411.30s    [Coupler Insertion] edge f19 chain 3 (0->1): 616 cells, angle 4, as the greedy chose it
[final]   411.34s    fence for edge c3-1to2: 2 ways (2 neighbours), 41560 cells closed
[final]   411.34s    edge c3-1to2: 24 cells of its slots (26 and 20 cells) were closed and are open again
[final]   411.34s    [Coupler Insertion] edge f20 chain 3 (1->2): 276 cells, angle 1, as the greedy chose it
[final]   411.39s    fence for edge c3-2to3: 2 ways (2 neighbours), 31627 cells closed
[final]   411.39s    edge c3-2to3: 16 cells of its slots (20 and 26 cells) were closed and are open again
[final]   411.39s    [Coupler Insertion] edge f21 chain 3 (2->3): 206 cells, angle 1, as the greedy chose it
[final]   411.43s    fence for edge c3-3to4: 3 ways (2 neighbours), 28726 cells closed
[final]   411.44s    edge c3-3to4: 24 cells of its slots (26 and 26 cells) were closed and are open again
[final]   411.44s    [Coupler Insertion] edge f22 chain 3 (3->4): 385 cells, angle 2, as the greedy chose it
[final]   411.48s    fence for edge c3-4to5: 4 ways (2 neighbours), 58149 cells closed
[final]   411.48s    edge c3-4to5: 24 cells of its slots (26 and 26 cells) were closed and are open again
[final]   411.48s    [Coupler Insertion] edge f23 chain 3 (4->5): 114 cells, angle 2, as the greedy chose it
[final]   411.53s    fence for edge c3-5to6: 5 ways (2 neighbours), 92886 cells closed
[final]   411.53s    edge c3-5to6: 48 cells of its slots (26 and 26 cells) were closed and are open again
[final]   411.53s    [Coupler Insertion] edge f24 chain 3 (5->6): 318 cells, angle 2, as the greedy chose it
[final]   411.57s    fence for edge c3-6to7: 6 ways (1 neighbours), 96583 cells closed
[final]   411.57s    [Coupler Insertion] edge f25 chain 3 (6->7): 963 cells, angle 4, as the greedy chose it
[final]   411.62s    fence for edge c4-0to1: 1 ways (1 neighbours), 13405 cells closed
[final]   411.62s    [Coupler Insertion] edge f26 chain 4 (0->1): 1178 cells, angle 2, as the greedy chose it
[final]   411.67s    fence for edge c4-1to2: 2 ways (2 neighbours), 64503 cells closed
[final]   411.67s    edge c4-1to2: 24 cells of its slots (26 and 26 cells) were closed and are open again
[final]   411.67s    [Coupler Insertion] edge f27 chain 4 (1->2): 249 cells, angle 2, as the greedy chose it
[final]   411.73s    fence for edge c4-2to3: 2 ways (2 neighbours), 20131 cells closed
[final]   411.73s    edge c4-2to3: 24 cells of its slots (26 and 20 cells) were closed and are open again
[final]   411.73s    [Coupler Insertion] edge f28 chain 4 (2->3): 261 cells, angle 1, as the greedy chose it
[final]   411.78s    fence for edge c4-3to4: 3 ways (2 neighbours), 37492 cells closed
[final]   411.78s    edge c4-3to4: 16 cells of its slots (20 and 26 cells) were closed and are open again
[final]   411.78s    [Coupler Insertion] edge f29 chain 4 (3->4): 114 cells, angle 1, as the greedy chose it
[final]   411.83s    fence for edge c4-4to5: 4 ways (2 neighbours), 38972 cells closed
[final]   411.83s    edge c4-4to5: 24 cells of its slots (26 and 26 cells) were closed and are open again
[final]   411.83s    [Coupler Insertion] edge f30 chain 4 (4->5): 202 cells, angle 4, as the greedy chose it
[final]   411.87s    fence for edge c4-5to6: 5 ways (2 neighbours), 110034 cells closed
[final]   411.87s    edge c4-5to6: 24 cells of its slots (26 and 20 cells) were closed and are open again
[final]   411.87s    [Coupler Insertion] edge f31 chain 4 (5->6): 70 cells, angle 1, as the greedy chose it
[final]   411.92s    fence for edge c4-6to7: 6 ways (1 neighbours), 98668 cells closed
[final]   411.92s    edge c4-6to7: 16 cells of its slots (20 and 20 cells) were closed and are open again
[final]   411.97s    fence for edge c4-6to7: 6 ways (1 neighbours), 98668 cells closed
[final]   411.97s    edge c4-6to7: 16 cells of its slots (20 and 20 cells) were closed and are open again
[final]   412.08s    [Coupler Insertion] edge f32 chain 4 (6->7): 1535 cells, angle 5, routed again
[final]   412.12s    fence for edge c5-0to1: 1 ways (1 neighbours), 8229 cells closed
[final]   412.12s    [Coupler Insertion] edge f33 chain 5 (0->1): 1371 cells, angle 4, as the greedy chose it
[final]   412.17s    fence for edge c5-1to2: 2 ways (2 neighbours), 70955 cells closed
[final]   412.17s    edge c5-1to2: 48 cells of its slots (26 and 26 cells) were closed and are open again
[final]   412.17s    [Coupler Insertion] edge f34 chain 5 (1->2): 173 cells, angle 2, as the greedy chose it
[final]   412.21s    fence for edge c5-2to3: 2 ways (2 neighbours), 21379 cells closed
[final]   412.22s    [Coupler Insertion] edge f35 chain 5 (2->3): 176 cells, angle 2, as the greedy chose it
[final]   412.26s    fence for edge c5-3to4: 3 ways (2 neighbours), 27887 cells closed
[final]   412.26s    edge c5-3to4: 24 cells of its slots (26 and 20 cells) were closed and are open again
[final]   412.26s    [Coupler Insertion] edge f36 chain 5 (3->4): 236 cells, angle 1, as the greedy chose it
[final]   412.31s    fence for edge c5-4to5: 4 ways (2 neighbours), 39342 cells closed
[final]   412.31s    edge c5-4to5: 16 cells of its slots (20 and 26 cells) were closed and are open again
[final]   412.31s    [Coupler Insertion] edge f37 chain 5 (4->5): 228 cells, angle 1, as the greedy chose it
[final]   412.35s    fence for edge c5-5to6: 5 ways (2 neighbours), 82517 cells closed
[final]   412.35s    edge c5-5to6: 40 cells of its slots (26 and 20 cells) were closed and are open again
[final]   412.35s    [Coupler Insertion] edge f38 chain 5 (5->6): 191 cells, angle 1, as the greedy chose it
[final]   412.40s    fence for edge c5-6to7: 6 ways (1 neighbours), 111891 cells closed
[final]   412.40s    [Coupler Insertion] edge f39 chain 5 (6->7): 812 cells, angle 1, as the greedy chose it
[final]   412.45s    fence for edge c6-0to1: 1 ways (1 neighbours), 16565 cells closed
[final]   412.45s    [Coupler Insertion] edge f40 chain 6 (0->1): 808 cells, angle 1, as the greedy chose it
[final]   412.49s    fence for edge c6-1to2: 2 ways (2 neighbours), 58511 cells closed
[final]   412.49s    edge c6-1to2: 16 cells of its slots (20 and 26 cells) were closed and are open again
[final]   412.49s    [Coupler Insertion] edge f41 chain 6 (1->2): 367 cells, angle 1, as the greedy chose it
[final]   412.54s    fence for edge c6-2to3: 2 ways (2 neighbours), 25243 cells closed
[final]   412.54s    edge c6-2to3: 24 cells of its slots (26 and 20 cells) were closed and are open again
[final]   412.54s    [Coupler Insertion] edge f42 chain 6 (2->3): 393 cells, angle 1, as the greedy chose it
[final]   412.58s    fence for edge c6-3to4: 3 ways (2 neighbours), 42066 cells closed
[final]   412.59s    edge c6-3to4: 40 cells of its slots (20 and 26 cells) were closed and are open again
[final]   412.59s    [Coupler Insertion] edge f43 chain 6 (3->4): 182 cells, angle 3, as the greedy chose it
[final]   412.63s    fence for edge c6-4to5: 4 ways (2 neighbours), 57052 cells closed
[final]   412.63s    edge c6-4to5: 16 cells of its slots (26 and 20 cells) were closed and are open again
[final]   412.63s    [Coupler Insertion] edge f44 chain 6 (4->5): 126 cells, angle 3, as the greedy chose it
[final]   412.68s    fence for edge c6-5to6: 5 ways (2 neighbours), 125045 cells closed
[final]   412.68s    edge c6-5to6: 24 cells of its slots (20 and 26 cells) were closed and are open again
[final]   412.68s    [Coupler Insertion] edge f45 chain 6 (5->6): 240 cells, angle 1, as the greedy chose it
[final]   412.72s    fence for edge c6-6to7: 6 ways (1 neighbours), 104114 cells closed
[final]   412.72s    [Coupler Insertion] edge f46 chain 6 (6->7): 1641 cells, angle 6, as the greedy chose it
[final]   412.77s    fence for edge c7-0to1: 1 ways (1 neighbours), 15566 cells closed
[final]   412.77s    [Coupler Insertion] edge f47 chain 7 (0->1): 1785 cells, angle 4, as the greedy chose it
[final]   412.82s    fence for edge c7-1to2: 2 ways (2 neighbours), 80159 cells closed
[final]   412.82s    edge c7-1to2: 24 cells of its slots (26 and 20 cells) were closed and are open again
[final]   412.82s    [Coupler Insertion] edge f48 chain 7 (1->2): 294 cells, angle 1, as the greedy chose it
[final]   412.86s    fence for edge c7-2to3: 2 ways (2 neighbours), 26497 cells closed
[final]   412.86s    edge c7-2to3: 16 cells of its slots (20 and 26 cells) were closed and are open again
[final]   412.86s    [Coupler Insertion] edge f49 chain 7 (2->3): 110 cells, angle 1, as the greedy chose it
[final]   412.91s    fence for edge c7-3to4: 3 ways (2 neighbours), 35543 cells closed
[final]   412.91s    edge c7-3to4: 24 cells of its slots (26 and 26 cells) were closed and are open again
[final]   412.91s    [Coupler Insertion] edge f50 chain 7 (3->4): 229 cells, angle 2, as the greedy chose it
[final]   412.96s    fence for edge c7-4to5: 4 ways (2 neighbours), 44551 cells closed
[final]   412.96s    edge c7-4to5: 24 cells of its slots (26 and 26 cells) were closed and are open again
[final]   412.96s    [Coupler Insertion] edge f51 chain 7 (4->5): 295 cells, angle 2, as the greedy chose it
[final]   413.00s    fence for edge c7-5to6: 5 ways (2 neighbours), 108287 cells closed
[final]   413.00s    edge c7-5to6: 24 cells of its slots (26 and 20 cells) were closed and are open again
[final]   413.00s    [Coupler Insertion] edge f52 chain 7 (5->6): 222 cells, angle 1, as the greedy chose it
[final]   413.05s    fence for edge c7-6to7: 6 ways (1 neighbours), 133367 cells closed
[final]   413.05s    edge c7-6to7: 16 cells of its slots (20 and 20 cells) were closed and are open again
[final]   413.05s    [Coupler Insertion] edge f53 chain 7 (6->7): 1431 cells, angle 1, as the greedy chose it
[final]   413.09s    fence for edge c8-0to1: 1 ways (1 neighbours), 15150 cells closed
[final]   413.09s    [Coupler Insertion] edge f54 chain 8 (0->1): 1373 cells, angle 5, as the greedy chose it
[final]   413.14s    fence for edge c8-1to2: 2 ways (2 neighbours), 66660 cells closed
[final]   413.14s    edge c8-1to2: 40 cells of its slots (20 and 26 cells) were closed and are open again
[final]   413.14s    [Coupler Insertion] edge f55 chain 8 (1->2): 274 cells, angle 1, as the greedy chose it
[final]   413.19s    fence for edge c8-2to3: 2 ways (2 neighbours), 25068 cells closed
[final]   413.19s    edge c8-2to3: 24 cells of its slots (26 and 26 cells) were closed and are open again
[final]   413.19s    [Coupler Insertion] edge f56 chain 8 (2->3): 89 cells, angle 2, as the greedy chose it
[final]   413.23s    fence for edge c8-3to4: 3 ways (2 neighbours), 30699 cells closed
[final]   413.23s    [Coupler Insertion] edge f57 chain 8 (3->4): 184 cells, angle 1, as the greedy chose it
[final]   413.28s    fence for edge c8-4to5: 4 ways (2 neighbours), 43229 cells closed
[final]   413.28s    edge c8-4to5: 16 cells of its slots (20 and 26 cells) were closed and are open again
[final]   413.28s    [Coupler Insertion] edge f58 chain 8 (4->5): 238 cells, angle 1, as the greedy chose it
[final]   413.32s    fence for edge c8-5to6: 5 ways (2 neighbours), 87678 cells closed
[final]   413.33s    edge c8-5to6: 24 cells of its slots (26 and 26 cells) were closed and are open again
[final]   413.33s    [Coupler Insertion] edge f59 chain 8 (5->6): 296 cells, angle 2, as the greedy chose it
[final]   413.37s    fence for edge c8-6to7: 6 ways (1 neighbours), 115616 cells closed
[final]   413.37s    edge c8-6to7: 24 cells of its slots (26 and 20 cells) were closed and are open again
[final]   413.37s    [Coupler Insertion] edge f60 chain 8 (6->7): 977 cells, angle 4, as the greedy chose it
[final]   413.42s    fence for edge c9-0to1: 1 ways (1 neighbours), 8538 cells closed
[final]   413.42s    [Coupler Insertion] edge f61 chain 9 (0->1): 1183 cells, angle 1, as the greedy chose it
[final]   413.46s    fence for edge c9-1to2: 2 ways (2 neighbours), 69209 cells closed
[final]   413.46s    edge c9-1to2: 40 cells of its slots (20 and 26 cells) were closed and are open again
[final]   413.46s    [Coupler Insertion] edge f62 chain 9 (1->2): 154 cells, angle 1, as the greedy chose it
[final]   413.51s    fence for edge c9-2to3: 2 ways (2 neighbours), 13781 cells closed
[final]   413.51s    [Coupler Insertion] edge f63 chain 9 (2->3): 302 cells, angle 4, as the greedy chose it
[final]   413.56s    fence for edge c9-3to4: 3 ways (2 neighbours), 38696 cells closed
[final]   413.56s    edge c9-3to4: 24 cells of its slots (26 and 26 cells) were closed and are open again
[final]   413.56s    [Coupler Insertion] edge f64 chain 9 (3->4): 95 cells, angle 2, as the greedy chose it
[final]   413.60s    fence for edge c9-4to5: 4 ways (2 neighbours), 35755 cells closed
[final]   413.60s    edge c9-4to5: 24 cells of its slots (26 and 26 cells) were closed and are open again
[final]   413.60s    [Coupler Insertion] edge f65 chain 9 (4->5): 340 cells, angle 4, as the greedy chose it
[final]   413.65s    fence for edge c9-5to6: 5 ways (2 neighbours), 115635 cells closed
[final]   413.65s    edge c9-5to6: 48 cells of its slots (26 and 26 cells) were closed and are open again
[final]   413.65s    [Coupler Insertion] edge f66 chain 9 (5->6): 156 cells, angle 2, as the greedy chose it
[final]   413.69s    fence for edge c9-6to7: 6 ways (1 neighbours), 105718 cells closed
[final]   413.69s    [Coupler Insertion] edge f67 chain 9 (6->7): 1744 cells, angle 2, as the greedy chose it
[final]   413.74s    fence for edge c10-0to1: 1 ways (1 neighbours), 5442 cells closed
[final]   413.74s    [Coupler Insertion] edge f68 chain 10 (0->1): 1982 cells, angle 3, as the greedy chose it
[final]   413.79s    fence for edge c10-1to2: 2 ways (2 neighbours), 84342 cells closed
[final]   413.79s    edge c10-1to2: 16 cells of its slots (20 and 26 cells) were closed and are open again
[final]   413.79s    [Coupler Insertion] edge f69 chain 10 (1->2): 94 cells, angle 1, as the greedy chose it
[final]   413.83s    fence for edge c10-2to3: 2 ways (2 neighbours), 11320 cells closed
[final]   413.83s    edge c10-2to3: 48 cells of its slots (26 and 26 cells) were closed and are open again
[final]   413.83s    [Coupler Insertion] edge f70 chain 10 (2->3): 68 cells, angle 2, as the greedy chose it
[final]   413.88s    fence for edge c10-3to4: 3 ways (2 neighbours), 24481 cells closed
[final]   413.88s    edge c10-3to4: 16 cells of its slots (26 and 20 cells) were closed and are open again
[final]   413.88s    [Coupler Insertion] edge f71 chain 10 (3->4): 112 cells, angle 3, as the greedy chose it
[final]   413.93s    fence for edge c10-4to5: 4 ways (2 neighbours), 88252 cells closed
[final]   413.93s    [Coupler Insertion] edge f72 chain 10 (4->5): 281 cells, angle 2, as the greedy chose it
[final]   413.97s    fence for edge c10-5to6: 5 ways (1 neighbours), 110889 cells closed
[final]   413.97s    edge c10-5to6: 16 cells of its slots (20 and 20 cells) were closed and are open again
[final]   414.02s    fence for edge c10-5to6: 5 ways (1 neighbours), 110889 cells closed
[final]   414.02s    edge c10-5to6: 16 cells of its slots (20 and 20 cells) were closed and are open again
[final]   414.12s    [Coupler Insertion] edge f73 chain 10 (5->6): 1666 cells, angle 3, routed again
[final]   414.16s    fence for edge c11-0to1: 1 ways (1 neighbours), 16260 cells closed
[final]   414.16s    [Coupler Insertion] edge f74 chain 11 (0->1): 1327 cells, angle 4, as the greedy chose it
[final]   414.21s    fence for edge c11-1to2: 2 ways (2 neighbours), 68812 cells closed
[final]   414.21s    edge c11-1to2: 40 cells of its slots (26 and 20 cells) were closed and are open again
[final]   414.21s    [Coupler Insertion] edge f75 chain 11 (1->2): 296 cells, angle 3, as the greedy chose it
[final]   414.25s    fence for edge c11-2to3: 2 ways (2 neighbours), 35891 cells closed
[final]   414.25s    [Coupler Insertion] edge f76 chain 11 (2->3): 71 cells, angle 1, as the greedy chose it
[final]   414.30s    fence for edge c11-3to4: 3 ways (2 neighbours), 32161 cells closed
[final]   414.30s    edge c11-3to4: 24 cells of its slots (26 and 20 cells) were closed and are open again
[final]   414.30s    [Coupler Insertion] edge f77 chain 11 (3->4): 423 cells, angle 1, as the greedy chose it
[final]   414.35s    fence for edge c11-4to5: 4 ways (2 neighbours), 50009 cells closed
[final]   414.35s    edge c11-4to5: 16 cells of its slots (20 and 26 cells) were closed and are open again
[final]   414.35s    [Coupler Insertion] edge f78 chain 11 (4->5): 246 cells, angle 3, as the greedy chose it
[final]   414.39s    fence for edge c11-5to6: 5 ways (2 neighbours), 86447 cells closed
[final]   414.39s    edge c11-5to6: 48 cells of its slots (26 and 26 cells) were closed and are open again
[final]   414.39s    [Coupler Insertion] edge f79 chain 11 (5->6): 215 cells, angle 2, as the greedy chose it
[final]   414.44s    fence for edge c11-6to7: 6 ways (1 neighbours), 125800 cells closed
[final]   414.44s    [Coupler Insertion] edge f80 chain 11 (6->7): 679 cells, angle 2, as the greedy chose it
[final]   414.44s    [Coupler Insertion] Coupler for '0 -> Qb1.port0' inserted at (1056, 4621) with angle 0°, resonator leaves on 270° (axial), search starts on 0°, offset 0 of the nearest launcher, resonator port 1 at (1066,4619), guarded 14, 5911 units of way + 111 to the port = 6021, target 6000
[final]   414.44s    [Coupler Insertion] Coupler for '3 -> Qb2.port0' inserted at (1254, 4670) with angle 270°, resonator leaves on 0° (axial), search starts on 270°, offset 6 of the nearest launcher, resonator port 2 at (1256,4660), guarded 13, 5928 units of way + 101 to the port = 6029, target 6000
[final]   414.44s    [Coupler Insertion] Coupler for '9 -> Qb7.port0' inserted at (1843, 4465) with angle 0°, resonator leaves on 270° (axial), search starts on 0°, offset 0 of the nearest launcher, resonator port 1 at (1853,4463), guarded 9, 5957 units of way + 113 to the port = 6071, target 6000
[final]   414.44s    [Coupler Insertion] Coupler for '11 -> Qb12.port0' inserted at (1999, 4351) with angle 45°, resonator leaves on 315° (diagonal), search starts on 45°, offset 1 of the nearest launcher, resonator port 1 at (2004,4342), guarded 11, 6032 units of way + 100 to the port = 6133, target 6000
[final]   414.44s    [Coupler Insertion] Coupler for '13 -> Qb13.port0' inserted at (2133, 4376) with angle 45°, resonator leaves on 135° (diagonal), search starts on 45°, offset 1 of the nearest launcher, resonator port 2 at (2124,4381), guarded 54, 6009 units of way + 109 to the port = 6118, target 6000
[final]   414.44s    [Coupler Insertion] Coupler for '16 -> Qb18.port0' inserted at (2195, 4123) with angle 0°, resonator leaves on 270° (axial), search starts on 0°, offset 0 of the nearest launcher, resonator port 1 at (2205,4121), guarded 18, 5940 units of way + 100 to the port = 6041, target 6000
[final]   414.44s    [Coupler Insertion] Coupler for '18 -> Qb19.port0' inserted at (2279, 4150) with angle 315°, resonator leaves on 225° (diagonal), search starts on 315°, offset 7 of the nearest launcher, resonator port 1 at (2288,4155), guarded 98, 6004 units of way + 113 to the port = 6118, target 6000
[final]   414.44s    [Coupler Insertion] Coupler for '21 -> Qb24.port0' inserted at (2427, 3877) with angle 0°, resonator leaves on 270° (axial), search starts on 0°, offset 0 of the nearest launcher, resonator port 1 at (2437,3875), guarded 13, 5939 units of way + 100 to the port = 6039, target 6000
[final]   414.44s    [Coupler Insertion] Coupler for '23 -> Qb25.port0' inserted at (2574, 3935) with angle 0°, resonator leaves on 90° (axial), search starts on 0°, offset 0 of the nearest launcher, resonator port 2 at (2564,3933), guarded 13, 5926 units of way + 103 to the port = 6029, target 6000
[final]   414.44s    [Coupler Insertion] Coupler for '29 -> Qb31.port0' inserted at (2875, 3710) with angle 45°, resonator leaves on 315° (diagonal), search starts on 45°, offset 1 of the nearest launcher, resonator port 1 at (2880,3701), guarded 13, 6013 units of way + 100 to the port = 6113, target 6000
[final]   414.44s    [Coupler Insertion] Coupler for '32 -> Qb32.port0' inserted at (3000, 3665) with angle 0°, resonator leaves on 270° (axial), search starts on 0°, offset 0 of the nearest launcher, resonator port 1 at (3010,3663), guarded 13, 5918 units of way + 113 to the port = 6031, target 6000
[final]   414.44s    [Coupler Insertion] Coupler for '35 -> Qb26.port0' inserted at (3123, 3956) with angle 0°, resonator leaves on 270° (axial), search starts on 0°, offset 0 of the nearest launcher, resonator port 1 at (3133,3954), guarded 12, 5941 units of way + 100 to the port = 6042, target 6000
[final]   414.44s    [Coupler Insertion] Coupler for '37 -> Qb27.port0' inserted at (3267, 3889) with angle 0°, resonator leaves on 90° (axial), search starts on 0°, offset 0 of the nearest launcher, resonator port 2 at (3257,3887), guarded 11, 5945 units of way + 113 to the port = 6058, target 6000
[final]   414.44s    [Coupler Insertion] Coupler for '40 -> Qb20.port0' inserted at (3389, 4194) with angle 45°, resonator leaves on 315° (diagonal), search starts on 45°, offset 1 of the nearest launcher, resonator port 1 at (3394,4185), guarded 11, 6029 units of way + 100 to the port = 6129, target 6000
[final]   414.44s    [Coupler Insertion] Coupler for '42 -> Qb21.port0' inserted at (3506, 4130) with angle 0°, resonator leaves on 90° (axial), search starts on 0°, offset 0 of the nearest launcher, resonator port 2 at (3496,4128), guarded 12, 5935 units of way + 113 to the port = 6047, target 6000
[final]   414.44s    [Coupler Insertion] Coupler for '45 -> Qb14.port0' inserted at (3612, 4440) with angle 0°, resonator leaves on 270° (axial), search starts on 0°, offset 0 of the nearest launcher, resonator port 1 at (3622,4438), guarded 14, 5924 units of way + 100 to the port = 6024, target 6000
[final]   414.44s    [Coupler Insertion] Coupler for '47 -> Qb15.port0' inserted at (3729, 4396) with angle 0°, resonator leaves on 270° (axial), search starts on 0°, offset 0 of the nearest launcher, resonator port 1 at (3739,4394), guarded 14, 5912 units of way + 113 to the port = 6025, target 6000
[final]   414.44s    [Coupler Insertion] Coupler for '50 -> Qb8.port0' inserted at (3876, 4611) with angle 270°, resonator leaves on 180° (axial), search starts on 270°, offset 6 of the nearest launcher, resonator port 1 at (3878,4621), guarded 13, 5938 units of way + 100 to the port = 6038, target 6000
[final]   414.44s    [Coupler Insertion] Coupler for '55 -> Qb3.port0' inserted at (4491, 4770) with angle 0°, resonator leaves on 270° (axial), search starts on 0°, offset 0 of the nearest launcher, resonator port 1 at (4501,4768), guarded 15, 5903 units of way + 114 to the port = 6017, target 6000
[final]   414.44s    [Coupler Insertion] Coupler for '58 -> Qb4.port0' inserted at (4778, 4681) with angle 45°, resonator leaves on 315° (diagonal), search starts on 45°, offset 7 of the nearest launcher, resonator port 1 at (4783,4672), guarded 15, 5977 units of way + 113 to the port = 6090, target 6000
[final]   414.44s    [Coupler Insertion] Coupler for '60 -> Qb10.port0' inserted at (4806, 4462) with angle 90°, resonator leaves on 0° (axial), search starts on 90°, offset 0 of the nearest launcher, resonator port 1 at (4804,4452), guarded 14, 5913 units of way + 114 to the port = 6027, target 6000
[final]   414.44s    [Coupler Insertion] Coupler for '63 -> Qb9.port0' inserted at (4625, 4062) with angle 90°, resonator leaves on 0° (axial), search starts on 90°, offset 0 of the nearest launcher, resonator port 1 at (4623,4052), guarded 14, 5913 units of way + 113 to the port = 6026, target 6000
[final]   414.44s    [Coupler Insertion] Coupler for '65 -> Qb16.port0' inserted at (4680, 3933) with angle 90°, resonator leaves on 0° (axial), search starts on 90°, offset 0 of the nearest launcher, resonator port 1 at (4678,3923), guarded 15, 5898 units of way + 114 to the port = 6012, target 6000
[final]   414.44s    [Coupler Insertion] Coupler for '71 -> Qb22.port0' inserted at (4423, 3600) with angle 90°, resonator leaves on 180° (axial), search starts on 90°, offset 0 of the nearest launcher, resonator port 2 at (4421,3610), guarded 13, 5934 units of way + 100 to the port = 6034, target 6000
[final]   414.44s    [Coupler Insertion] Coupler for '76 -> Qb28.port0' inserted at (4171, 3337) with angle 180°, resonator leaves on 90° (axial), search starts on 180°, offset 2 of the nearest launcher, resonator port 1 at (4161,3339), guarded 12, 5939 units of way + 100 to the port = 6040, target 6000
[final]   414.44s    [Coupler Insertion] Coupler for '81 -> Qb33.port0' inserted at (3949, 3105) with angle 90°, resonator leaves on 0° (axial), search starts on 90°, offset 0 of the nearest launcher, resonator port 1 at (3947,3095), guarded 13, 5931 units of way + 100 to the port = 6031, target 6000
[final]   414.44s    [Coupler Insertion] Coupler for '86 -> Qb36.port0' inserted at (3714, 2833) with angle 135°, resonator leaves on 45° (diagonal), search starts on 135°, offset 1 of the nearest launcher, resonator port 1 at (3705,2828), guarded 13, 6011 units of way + 100 to the port = 6112, target 6000
[final]   414.44s    [Coupler Insertion] Coupler for '89 -> Qb40.port0' inserted at (3623, 2702) with angle 90°, resonator leaves on 0° (axial), search starts on 90°, offset 0 of the nearest launcher, resonator port 1 at (3621,2692), guarded 10, 5962 units of way + 100 to the port = 6062, target 6000
[final]   414.44s    [Coupler Insertion] Coupler for '91 -> Qb41.port0' inserted at (3768, 2588) with angle 90°, resonator leaves on 0° (axial), search starts on 90°, offset 0 of the nearest launcher, resonator port 1 at (3766,2578), guarded 28, 5941 units of way + 108 to the port = 6049, target 6000
[final]   414.44s    [Coupler Insertion] Coupler for '94 -> Qb46.port0' inserted at (3817, 2503) with angle 45°, resonator leaves on 315° (diagonal), search starts on 45°, offset 7 of the nearest launcher, resonator port 1 at (3822,2494), guarded 14, 6051 units of way + 100 to the port = 6151, target 6000
[final]   414.44s    [Coupler Insertion] Coupler for '96 -> Qb47.port0' inserted at (4015, 2435) with angle 90°, resonator leaves on 0° (axial), search starts on 90°, offset 0 of the nearest launcher, resonator port 1 at (4013,2425), guarded 9, 5959 units of way + 112 to the port = 6071, target 6000
[final]   414.44s    [Coupler Insertion] Coupler for '99 -> Qb52.port0' inserted at (4079, 2279) with angle 0°, resonator leaves on 90° (axial), search starts on 0°, offset 6 of the nearest launcher, resonator port 2 at (4069,2277), guarded 11, 5952 units of way + 100 to the port = 6052, target 6000
[final]   414.44s    [Coupler Insertion] Coupler for '101 -> Qb53.port0' inserted at (4235, 2171) with angle 90°, resonator leaves on 0° (axial), search starts on 90°, offset 0 of the nearest launcher, resonator port 1 at (4233,2161), guarded 35, 5960 units of way + 102 to the port = 6062, target 6000
[final]   414.44s    [Coupler Insertion] Coupler for '106 -> Qb59.port0' inserted at (4447, 1920) with angle 45°, resonator leaves on 315° (diagonal), search starts on 45°, offset 7 of the nearest launcher, resonator port 1 at (4452,1911), guarded 128, 6030 units of way + 113 to the port = 6144, target 6000
[final]   414.44s    [Coupler Insertion] Coupler for '109 -> Qb64.port0' inserted at (4499, 1679) with angle 90°, resonator leaves on 0° (axial), search starts on 90°, offset 0 of the nearest launcher, resonator port 1 at (4497,1669), guarded 19, 5930 units of way + 107 to the port = 6037, target 6000
[final]   414.44s    [Coupler Insertion] Coupler for '111 -> Qb65.port0' inserted at (4535, 1473) with angle 45°, resonator leaves on 135° (diagonal), search starts on 45°, offset 7 of the nearest launcher, resonator port 2 at (4526,1478), guarded 11, 6019 units of way + 110 to the port = 6130, target 6000
[final]   414.44s    [Coupler Insertion] Coupler for '115 -> Qb69.port0' inserted at (4545, 987) with angle 225°, resonator leaves on 135° (diagonal), search starts on 225°, offset 3 of the nearest launcher, resonator port 1 at (4540,996), guarded 16, 5975 units of way + 111 to the port = 6086, target 6000
[final]   414.44s    [Coupler Insertion] Coupler for '118 -> Qb68.port0' inserted at (4161, 1076) with angle 180°, resonator leaves on 90° (axial), search starts on 180°, offset 0 of the nearest launcher, resonator port 1 at (4151,1078), guarded 10, 5948 units of way + 110 to the port = 6058, target 6000
[final]   414.44s    [Coupler Insertion] Coupler for '123 -> Qb63.port0' inserted at (3757, 1231) with angle 225°, resonator leaves on 135° (diagonal), search starts on 225°, offset 1 of the nearest launcher, resonator port 1 at (3752,1240), guarded 11, 6022 units of way + 113 to the port = 6136, target 6000
[final]   414.44s    [Coupler Insertion] Coupler for '125 -> Qb58.port0' inserted at (3679, 1387) with angle 180°, resonator leaves on 270° (axial), search starts on 180°, offset 0 of the nearest launcher, resonator port 2 at (3689,1389), guarded 13, 5923 units of way + 111 to the port = 6034, target 6000
[final]   414.44s    [Coupler Insertion] Coupler for '127 -> Qb57.port0' inserted at (3543, 1351) with angle 225°, resonator leaves on 315° (diagonal), search starts on 225°, offset 1 of the nearest launcher, resonator port 2 at (3552,1346), guarded 53, 6020 units of way + 109 to the port = 6129, target 6000
[final]   414.44s    [Coupler Insertion] Coupler for '132 -> Qb51.port0' inserted at (3331, 1604) with angle 270°, resonator leaves on 0° (axial), search starts on 270°, offset 2 of the nearest launcher, resonator port 2 at (3333,1594), guarded 13, 5924 units of way + 113 to the port = 6037, target 6000
[final]   414.44s    [Coupler Insertion] Coupler for '137 -> Qb45.port0' inserted at (3147, 1798) with angle 180°, resonator leaves on 90° (axial), search starts on 180°, offset 0 of the nearest launcher, resonator port 1 at (3137,1800), guarded 13, 5931 units of way + 103 to the port = 6034, target 6000
[final]   414.44s    [Coupler Insertion] Coupler for '143 -> Qb39.port0' inserted at (2842, 2021) with angle 225°, resonator leaves on 135° (diagonal), search starts on 225°, offset 1 of the nearest launcher, resonator port 1 at (2837,2030), guarded 13, 6014 units of way + 100 to the port = 6114, target 6000
[final]   414.44s    [Coupler Insertion] Coupler for '146 -> Qb38.port0' inserted at (2715, 2047) with angle 180°, resonator leaves on 90° (axial), search starts on 180°, offset 0 of the nearest launcher, resonator port 1 at (2705,2049), guarded 12, 5928 units of way + 113 to the port = 6041, target 6000
[final]   414.44s    [Coupler Insertion] Coupler for '148 -> Qb44.port0' inserted at (2614, 1835) with angle 90°, resonator leaves on 0° (axial), search starts on 90°, offset 6 of the nearest launcher, resonator port 1 at (2612,1825), guarded 12, 5939 units of way + 100 to the port = 6039, target 6000
[final]   414.44s    [Coupler Insertion] Coupler for '153 -> Qb50.port0' inserted at (2340, 1680) with angle 180°, resonator leaves on 90° (axial), search starts on 180°, offset 0 of the nearest launcher, resonator port 1 at (2330,1682), guarded 11, 5949 units of way + 101 to the port = 6050, target 6000
[final]   414.44s    [Coupler Insertion] Coupler for '158 -> Qb56.port0' inserted at (2103, 1483) with angle 135°, resonator leaves on 45° (diagonal), search starts on 135°, offset 7 of the nearest launcher, resonator port 1 at (2094,1478), guarded 87, 6067 units of way + 101 to the port = 6167, target 6000
[final]   414.44s    [Coupler Insertion] Coupler for '161 -> Qb55.port0' inserted at (1907, 1367) with angle 135°, resonator leaves on 45° (diagonal), search starts on 135°, offset 7 of the nearest launcher, resonator port 1 at (1898,1362), guarded 97, 6023 units of way + 113 to the port = 6135, target 6000
[final]   414.44s    [Coupler Insertion] Coupler for '164 -> Qb62.port0' inserted at (1620, 1120) with angle 180°, resonator leaves on 270° (axial), search starts on 180°, offset 0 of the nearest launcher, resonator port 2 at (1630,1122), guarded 13, 5919 units of way + 110 to the port = 6029, target 6000
[final]   414.44s    [Coupler Insertion] Coupler for '166 -> Qb61.port0' inserted at (1516, 1145) with angle 180°, resonator leaves on 270° (axial), search starts on 180°, offset 0 of the nearest launcher, resonator port 2 at (1526,1147), guarded 11, 5945 units of way + 113 to the port = 6058, target 6000
[final]   414.44s    [Coupler Insertion] Coupler for '168 -> Qb67.port0' inserted at (1317, 1019) with angle 135°, resonator leaves on 45° (diagonal), search starts on 135°, offset 7 of the nearest launcher, resonator port 1 at (1308,1014), guarded 10, 6038 units of way + 100 to the port = 6138, target 6000
[final]   414.44s    [Coupler Insertion] Coupler for '171 -> Qb66.port0' inserted at (1066, 994) with angle 180°, resonator leaves on 90° (axial), search starts on 180°, offset 0 of the nearest launcher, resonator port 1 at (1056,996), guarded 13, 5919 units of way + 113 to the port = 6032, target 6000
[final]   414.44s    [Coupler Insertion] Coupler for '175 -> Qb60.port0' inserted at (990, 1269) with angle 270°, resonator leaves on 180° (axial), search starts on 270°, offset 0 of the nearest launcher, resonator port 1 at (992,1279), guarded 12, 5947 units of way + 100 to the port = 6047, target 6000
[final]   414.44s    [Coupler Insertion] Coupler for '180 -> Qb54.port0' inserted at (1233, 1773) with angle 315°, resonator leaves on 225° (diagonal), search starts on 315°, offset 1 of the nearest launcher, resonator port 1 at (1242,1778), guarded 132, 6038 units of way + 101 to the port = 6139, target 6000
[final]   414.44s    [Coupler Insertion] Coupler for '184 -> Qb48.port0' inserted at (1342, 1944) with angle 270°, resonator leaves on 0° (axial), search starts on 270°, offset 0 of the nearest launcher, resonator port 2 at (1344,1934), guarded 47, 5916 units of way + 111 to the port = 6027, target 6000
[final]   414.44s    [Coupler Insertion] Coupler for '187 -> Qb49.port0' inserted at (1587, 2141) with angle 270°, resonator leaves on 180° (axial), search starts on 270°, offset 0 of the nearest launcher, resonator port 1 at (1589,2151), guarded 15, 5922 units of way + 113 to the port = 6035, target 6000
[final]   414.44s    [Coupler Insertion] Coupler for '189 -> Qb42.port0' inserted at (1555, 2251) with angle 270°, resonator leaves on 180° (axial), search starts on 270°, offset 0 of the nearest launcher, resonator port 1 at (1557,2261), guarded 14, 5925 units of way + 111 to the port = 6035, target 6000
[final]   414.44s    [Coupler Insertion] Coupler for '192 -> Qb43.port0' inserted at (1837, 2397) with angle 270°, resonator leaves on 180° (axial), search starts on 270°, offset 0 of the nearest launcher, resonator port 1 at (1839,2407), guarded 15, 5928 units of way + 113 to the port = 6041, target 6000
[final]   414.44s    [Coupler Insertion] Coupler for '195 -> Qb37.port0' inserted at (1794, 2536) with angle 180°, resonator leaves on 270° (axial), search starts on 180°, offset 6 of the nearest launcher, resonator port 2 at (1804,2538), guarded 11, 5942 units of way + 111 to the port = 6053, target 6000
[final]   414.44s    [Coupler Insertion] Coupler for '201 -> Qb34.port0' inserted at (2031, 2832) with angle 315°, resonator leaves on 225° (diagonal), search starts on 315°, offset 1 of the nearest launcher, resonator port 1 at (2040,2837), guarded 15, 6014 units of way + 100 to the port = 6114, target 6000
[final]   414.44s    [Coupler Insertion] Coupler for '204 -> Coupler30_34.port3' inserted at (2086, 2943) with angle 270°, resonator leaves on 180° (axial), search starts on 270°, offset 0 of the nearest launcher, resonator port 1 at (2088,2953), guarded 12, 5829 units of way + 209 to the port = 6039, target 6000
[final]   414.44s    [Coupler Insertion] Coupler for '205 -> Qb30.port0' inserted at (2091, 3026) with angle 270°, resonator leaves on 0° (axial), search starts on 270°, offset 0 of the nearest launcher, resonator port 2 at (2093,3016), guarded 15, 5945 units of way + 111 to the port = 6056, target 6000
[final]   414.44s    [Coupler Insertion] Coupler for '207 -> Qb29.port0' inserted at (2000, 3050) with angle 135°, resonator leaves on 225° (diagonal), search starts on 135°, offset 5 of the nearest launcher, resonator port 2 at (2005,3059), guarded 112, 6038 units of way + 108 to the port = 6147, target 6000
[final]   414.44s    [Coupler Insertion] Coupler for '212 -> Qb23.port0' inserted at (1714, 3243) with angle 225°, resonator leaves on 135° (diagonal), search starts on 225°, offset 7 of the nearest launcher, resonator port 1 at (1709,3252), guarded 40, 6025 units of way + 112 to the port = 6137, target 6000
[final]   414.44s    [Coupler Insertion] Coupler for '218 -> Qb17.port0' inserted at (1340, 3569) with angle 270°, resonator leaves on 180° (axial), search starts on 270°, offset 0 of the nearest launcher, resonator port 1 at (1342,3579), guarded 12, 5933 units of way + 109 to the port = 6042, target 6000
[final]   414.44s    [Coupler Insertion] Coupler for '223 -> Qb11.port0' inserted at (1118, 3875) with angle 315°, resonator leaves on 45° (diagonal), search starts on 315°, offset 1 of the nearest launcher, resonator port 2 at (1113,3866), guarded 20, 6001 units of way + 112 to the port = 6113, target 6000
[final]   414.44s    [Coupler Insertion] Coupler for '225 -> Qb6.port0' inserted at (1167, 3963) with angle 270°, resonator leaves on 180° (axial), search starts on 270°, offset 0 of the nearest launcher, resonator port 1 at (1169,3973), guarded 13, 5932 units of way + 104 to the port = 6036, target 6000
[final]   414.44s    [Coupler Insertion] Coupler for '228 -> Qb5.port0' inserted at (1013, 4401) with angle 225°, resonator leaves on 135° (diagonal), search starts on 225°, offset 5 of the nearest launcher, resonator port 1 at (1008,4410), guarded 16, 5982 units of way + 101 to the port = 6083, target 6000
[final]   414.60s  coupler insertion: CHECK feedline room — 0 feedline/lead pairs closer than the rule; the check is GREEN
[final]   414.60s  coupler insertion: CHECK coupler crossings — 0 pairs of edges meeting at a coupler cross; the check is GREEN
[final]   414.79s  coupler insertion: CHECK resonator crossings — 0 feedlines cross a resonator; the check is GREEN
[final]   414.80s  coupler insertion: CHECK feedline crossings — 4 pairs of edges of different chains cross: f5 (chain 0) x f6 (chain 1) · f45 (chain 6) x f47 (chain 7) · f46 (chain 6) x f47 (chain 7) · f60 (chain 8) x f61 (chain 9)
[final]   414.80s    [Coupler Insertion] room R1 chain 0 edge 1->2 (f1): 1 plain wire must cross it (10); its straights carry 4 lanes over 3 runs of 9 1 87 cells (pitch 20, margin 10; 7 at margin 0) — room enough
[final]   414.80s    [Coupler Insertion] room R1 chain 0 edge 2->3 (f2): 1 plain wire must cross it (12); its straights carry 3 lanes over 3 runs of 9 1 70 cells (pitch 20, margin 10; 6 at margin 0) — room enough
[final]   414.80s    [Coupler Insertion] room R1 chain 0 edge 3->4 (f3): 2 plain wires must cross it (14 15); its straights carry 11 lanes over 4 runs of 225 1 1 1 cells (pitch 20, margin 10; 15 at margin 0) — room enough
[final]   414.80s    [Coupler Insertion] room R1 chain 0 edge 4->5 (f4): 1 plain wire must cross it (17); its straights carry 0 lanes over 2 runs of 20 1 cells (pitch 20, margin 10; 2 at margin 0) — R1 would refuse
[final]   414.80s    [Coupler Insertion] room R1 chain 1 edge 1->2 (f7): 1 plain wire must cross it (22); its straights carry 2 lanes over 4 runs of 19 1 56 1 cells (pitch 20, margin 10; 6 at margin 0) — room enough
[final]   414.80s    [Coupler Insertion] room R1 chain 1 edge 2->3 (f8): 5 plain wires must cross it (24 25 26 27 28); its straights carry 11 lanes over 3 runs of 43 1 198 cells (pitch 20, margin 10; 14 at margin 0) — room enough
[final]   414.80s    [Coupler Insertion] room R1 chain 1 edge 3->4 (f9): 2 plain wires must cross it (30 31); its straights carry 2 lanes over 3 runs of 17 1 42 cells (pitch 20, margin 10; 5 at margin 0) — room enough
[final]   414.80s    [Coupler Insertion] room R1 chain 1 edge 4->5 (f10): 2 plain wires must cross it (33 34); its straights carry 13 lanes over 6 runs of 1 1 1 234 1 52 cells (pitch 20, margin 10; 19 at margin 0) — room enough
[final]   414.80s    [Coupler Insertion] room R1 chain 1 edge 5->6 (f11): 1 plain wire must cross it (36); its straights carry 3 lanes over 3 runs of 8 1 65 cells (pitch 20, margin 10; 6 at margin 0) — room enough
[final]   414.80s    [Coupler Insertion] room R1 chain 2 edge 1->2 (f14): 1 plain wire must cross it (41); its straights carry 1 lane over 3 runs of 36 1 15 cells (pitch 20, margin 10; 4 at margin 0) — room enough
[final]   414.80s    [Coupler Insertion] room R1 chain 2 edge 2->3 (f15): 2 plain wires must cross it (43 44); its straights carry 14 lanes over 6 runs of 1 1 1 270 1 35 cells (pitch 20, margin 10; 20 at margin 0) — room enough
[final]   414.80s    [Coupler Insertion] room R1 chain 2 edge 3->4 (f16): 1 plain wire must cross it (46); its straights carry 2 lanes over 3 runs of 5 1 42 cells (pitch 20, margin 10; 5 at margin 0) — room enough
[final]   414.80s    [Coupler Insertion] room R1 chain 2 edge 4->5 (f17): 2 plain wires must cross it (48 49); its straights carry 8 lanes over 4 runs of 1 109 1 66 cells (pitch 20, margin 10; 12 at margin 0) — room enough
[final]   414.80s    [Coupler Insertion] room R1 chain 3 edge 1->2 (f20): 2 plain wires must cross it (56 57); its straights carry 11 lanes over 3 runs of 165 1 62 cells (pitch 20, margin 10; 14 at margin 0) — room enough
[final]   414.80s    [Coupler Insertion] room R1 chain 3 edge 2->3 (f21): 1 plain wire must cross it (59); its straights carry 7 lanes over 2 runs of 1 157 cells (pitch 20, margin 10; 9 at margin 0) — room enough
[final]   414.80s    [Coupler Insertion] room R1 chain 3 edge 3->4 (f22): 2 plain wires must cross it (61 62); its straights carry 15 lanes over 3 runs of 151 1 179 cells (pitch 20, margin 10; 18 at margin 0) — room enough
[final]   414.80s    [Coupler Insertion] room R1 chain 3 edge 4->5 (f23): 1 plain wire must cross it (64); its straights carry 2 lanes over 3 runs of 6 1 53 cells (pitch 20, margin 10; 5 at margin 0) — room enough
[final]   414.80s    [Coupler Insertion] room R1 chain 3 edge 5->6 (f24): 5 plain wires must cross it (66 67 68 69 70); its straights carry 12 lanes over 3 runs of 7 1 255 cells (pitch 20, margin 10; 15 at margin 0) — room enough
[final]   414.80s    [Coupler Insertion] room R1 chain 4 edge 1->2 (f27): 4 plain wires must cross it (77 78 79 80); its straights carry 9 lanes over 4 runs of 1 184 1 8 cells (pitch 20, margin 10; 13 at margin 0) — room enough
[final]   414.80s    [Coupler Insertion] room R1 chain 4 edge 2->3 (f28): 4 plain wires must cross it (82 83 84 85); its straights carry 10 lanes over 3 runs of 4 1 208 cells (pitch 20, margin 10; 13 at margin 0) — room enough
[final]   414.80s    [Coupler Insertion] room R1 chain 4 edge 3->4 (f29): 2 plain wires must cross it (87 88); its straights carry 3 lanes over 3 runs of 63 1 2 cells (pitch 20, margin 10; 6 at margin 0) — room enough
[final]   414.80s    [Coupler Insertion] room R1 chain 4 edge 4->5 (f30): 1 plain wire must cross it (90); its straights carry 6 lanes over 6 runs of 1 1 1 97 1 43 cells (pitch 20, margin 10; 12 at margin 0) — room enough
[final]   414.80s    [Coupler Insertion] room R1 chain 4 edge 5->6 (f31): 2 plain wires must cross it (92 93); its straights carry 1 lane over 2 runs of 1 22 cells (pitch 20, margin 10; 3 at margin 0) — R1 would refuse
[final]   414.80s    [Coupler Insertion] room R1 chain 5 edge 1->2 (f34): 2 plain wires must cross it (97 98); its straights carry 5 lanes over 3 runs of 91 1 26 cells (pitch 20, margin 10; 8 at margin 0) — room enough
[final]   414.80s    [Coupler Insertion] room R1 chain 5 edge 2->3 (f35): 1 plain wire must cross it (100); its straights carry 5 lanes over 3 runs of 46 1 75 cells (pitch 20, margin 10; 8 at margin 0) — room enough
[final]   414.80s    [Coupler Insertion] room R1 chain 5 edge 3->4 (f36): 4 plain wires must cross it (102 103 104 105); its straights carry 9 lanes over 3 runs of 2 1 185 cells (pitch 20, margin 10; 12 at margin 0) — room enough
[final]   414.80s    [Coupler Insertion] room R1 chain 5 edge 4->5 (f37): 2 plain wires must cross it (107 108); its straights carry 8 lanes over 3 runs of 24 1 155 cells (pitch 20, margin 10; 11 at margin 0) — room enough
[final]   414.80s    [Coupler Insertion] room R1 chain 5 edge 5->6 (f38): 1 plain wire must cross it (110); its straights carry 6 lanes over 3 runs of 133 1 9 cells (pitch 20, margin 10; 9 at margin 0) — room enough
[final]   414.80s    [Coupler Insertion] room R1 chain 6 edge 1->2 (f41): 2 plain wires must cross it (116 117); its straights carry 15 lanes over 3 runs of 61 1 257 cells (pitch 20, margin 10; 18 at margin 0) — room enough
[final]   414.80s    [Coupler Insertion] room R1 chain 6 edge 2->3 (f42): 4 plain wires must cross it (119 120 121 122); its straights carry 16 lanes over 3 runs of 216 1 128 cells (pitch 20, margin 10; 19 at margin 0) — room enough
[final]   414.80s    [Coupler Insertion] room R1 chain 6 edge 3->4 (f43): 1 plain wire must cross it (124); its straights carry 5 lanes over 7 runs of 10 1 115 1 1 1 1 cells (pitch 20, margin 10; 12 at margin 0) — room enough
[final]   414.80s    [Coupler Insertion] room R1 chain 6 edge 4->5 (f44): 1 plain wire must cross it (126); its straights carry 2 lanes over 3 runs of 16 1 57 cells (pitch 20, margin 10; 5 at margin 0) — room enough
[final]   414.80s    [Coupler Insertion] room R1 chain 6 edge 5->6 (f45): 4 plain wires must cross it (128 129 130 131); its straights carry 9 lanes over 3 runs of 184 1 7 cells (pitch 20, margin 10; 12 at margin 0) — room enough
[final]   414.80s    [Coupler Insertion] room R1 chain 7 edge 1->2 (f48): 5 plain wires must cross it (138 139 140 141 142); its straights carry 11 lanes over 3 runs of 49 1 196 cells (pitch 20, margin 10; 14 at margin 0) — room enough
[final]   414.80s    [Coupler Insertion] room R1 chain 7 edge 2->3 (f49): 2 plain wires must cross it (144 145); its straights carry 3 lanes over 1 run of 63 cells (pitch 20, margin 10; 4 at margin 0) — room enough
[final]   414.80s    [Coupler Insertion] room R1 chain 7 edge 3->4 (f50): 1 plain wire must cross it (147); its straights carry 8 lanes over 4 runs of 1 63 1 109 cells (pitch 20, margin 10; 12 at margin 0) — room enough
[final]   414.80s    [Coupler Insertion] room R1 chain 7 edge 4->5 (f51): 4 plain wires must cross it (149 150 151 152); its straights carry 11 lanes over 4 runs of 1 121 1 117 cells (pitch 20, margin 10; 15 at margin 0) — room enough
[final]   414.80s    [Coupler Insertion] room R1 chain 7 edge 5->6 (f52): 4 plain wires must cross it (154 155 156 157); its straights carry 8 lanes over 3 runs of 3 1 170 cells (pitch 20, margin 10; 11 at margin 0) — room enough
[final]   414.80s    [Coupler Insertion] room R1 chain 8 edge 1->2 (f55): 2 plain wires must cross it (162 163); its straights carry 10 lanes over 3 runs of 219 1 6 cells (pitch 20, margin 10; 13 at margin 0) — room enough
[final]   414.80s    [Coupler Insertion] room R1 chain 8 edge 2->3 (f56): 1 plain wire must cross it (165); its straights carry 1 lane over 3 runs of 10 1 23 cells (pitch 20, margin 10; 4 at margin 0) — room enough
[final]   414.80s    [Coupler Insertion] room R1 chain 8 edge 3->4 (f57): 1 plain wire must cross it (167); its straights carry 5 lanes over 3 runs of 36 1 99 cells (pitch 20, margin 10; 8 at margin 0) — room enough
[final]   414.80s    [Coupler Insertion] room R1 chain 8 edge 4->5 (f58): 2 plain wires must cross it (169 170); its straights carry 9 lanes over 1 run of 192 cells (pitch 20, margin 10; 10 at margin 0) — room enough
[final]   414.80s    [Coupler Insertion] room R1 chain 8 edge 5->6 (f59): 3 plain wires must cross it (172 173 174); its straights carry 11 lanes over 4 runs of 1 42 1 197 cells (pitch 20, margin 10; 15 at margin 0) — room enough
[final]   414.80s    [Coupler Insertion] room R1 chain 9 edge 1->2 (f62): 3 plain wires must cross it (181 182 183); its straights carry 5 lanes over 3 runs of 81 1 24 cells (pitch 20, margin 10; 8 at margin 0) — room enough
[final]   414.80s    [Coupler Insertion] room R1 chain 9 edge 2->3 (f63): 2 plain wires must cross it (185 186); its straights carry 11 lanes over 6 runs of 1 1 1 114 1 126 cells (pitch 20, margin 10; 17 at margin 0) — room enough
[final]   414.80s    [Coupler Insertion] room R1 chain 9 edge 3->4 (f64): 1 plain wire must cross it (188); its straights carry 1 lane over 3 runs of 10 1 30 cells (pitch 20, margin 10; 4 at margin 0) — room enough
[final]   414.80s    [Coupler Insertion] room R1 chain 9 edge 4->5 (f65): 2 plain wires must cross it (190 191); its straights carry 13 lanes over 7 runs of 1 74 1 203 1 1 1 cells (pitch 20, margin 10; 20 at margin 0) — room enough
[final]   414.80s    [Coupler Insertion] room R1 chain 9 edge 5->6 (f66): 2 plain wires must cross it (193 194); its straights carry 4 lanes over 3 runs of 95 1 5 cells (pitch 20, margin 10; 7 at margin 0) — room enough
[final]   414.80s    [Coupler Insertion] room R1 chain 10 edge 1->2 (f69): 2 plain wires must cross it (202 203); its straights carry 1 lane over 3 runs of 27 1 18 cells (pitch 20, margin 10; 4 at margin 0) — R1 would refuse
[final]   414.80s    [Coupler Insertion] room R1 chain 10 edge 2->3 (f70): 0 plain wires must cross it (-); its straights carry 0 lanes over 3 runs of 9 1 3 cells (pitch 20, margin 10; 3 at margin 0) — room enough
[final]   414.80s    [Coupler Insertion] room R1 chain 10 edge 3->4 (f71): 1 plain wire must cross it (206); its straights carry 2 lanes over 4 runs of 1 11 1 49 cells (pitch 20, margin 10; 6 at margin 0) — room enough
[final]   414.80s    [Coupler Insertion] room R1 chain 10 edge 4->5 (f72): 4 plain wires must cross it (208 209 210 211); its straights carry 11 lanes over 3 runs of 48 1 190 cells (pitch 20, margin 10; 14 at margin 0) — room enough
[final]   414.80s    [Coupler Insertion] room R1 chain 11 edge 1->2 (f75): 4 plain wires must cross it (219 220 221 222); its straights carry 12 lanes over 2 runs of 1 243 cells (pitch 20, margin 10; 14 at margin 0) — room enough
[final]   414.80s    [Coupler Insertion] room R1 chain 11 edge 2->3 (f76): 1 plain wire must cross it (224); its straights carry 1 lane over 3 runs of 21 1 1 cells (pitch 20, margin 10; 4 at margin 0) — room enough
[final]   414.80s    [Coupler Insertion] room R1 chain 11 edge 3->4 (f77): 2 plain wires must cross it (226 227); its straights carry 18 lanes over 3 runs of 247 1 127 cells (pitch 20, margin 10; 21 at margin 0) — room enough
[final]   414.80s    [Coupler Insertion] room R1 chain 11 edge 4->5 (f78): 1 plain wire must cross it (229); its straights carry 9 lanes over 3 runs of 163 1 34 cells (pitch 20, margin 10; 12 at margin 0) — room enough
[final]   414.80s    [Coupler Insertion] room R1 chain 11 edge 5->6 (f79): 2 plain wires must cross it (1 2); its straights carry 7 lanes over 3 runs of 148 1 11 cells (pitch 20, margin 10; 10 at margin 0) — room enough
[final]   414.80s    [Coupler Insertion] room R2 chain 11 coupler '0' option 0: the arms of f78 and f79 do not come closer than at the pad (64.0 cells, other sides) — silent
[final]   414.80s    [Coupler Insertion] room R2 chain 11 coupler '3' option 36: the arms of f79 and f80 do not come closer than at the pad (64.0 cells, same side) — silent
[final]   414.80s    [Coupler Insertion] room R2 chain 0 coupler '9' option 0: the arms of f0 and f1 do not come closer than at the pad (64.0 cells, other sides) — silent
[final]   414.80s    [Coupler Insertion] room R2 chain 0 coupler '11' option 6: the arms of f1 and f2 do not come closer than at the pad (65.1 cells, same side) — silent
[final]   414.80s    [Coupler Insertion] room R2 chain 0 coupler '13' option 9: the arms of f2 and f3 do not come closer than at the pad (65.1 cells, same side) — silent
[final]   414.80s    [Coupler Insertion] room R2 chain 0 coupler '16' option 0: the arms of f3 and f4 do not come closer than at the pad (63.0 cells, same side) — silent
[final]   414.80s    [Coupler Insertion] room R2 chain 0 coupler '18' option 35: the arms of f4 and f5 do not come closer than at the pad (65.1 cells, same side) — silent
[final]   414.80s    [Coupler Insertion] room R2 chain 1 coupler '21' option 0: the arms of f6 and f7 do not come closer than at the pad (63.0 cells, same side) — silent
[final]   414.80s    [Coupler Insertion] room R2 chain 1 coupler '23' option 3: the arms of f7 and f8 do not come closer than at the pad (64.0 cells, other sides) — silent
[final]   414.80s    [Coupler Insertion] room R2 chain 1 coupler '29' option 6: the arms of f8 and f9 do not come closer than at the pad (65.1 cells, same side) — silent
[final]   414.80s    [Coupler Insertion] room R2 chain 1 coupler '32' option 0: the arms of f9 and f10 do not come closer than at the pad (64.0 cells, same side) — silent
[final]   414.80s    [Coupler Insertion] room R2 chain 1 coupler '35' option 0: the arms of f10 and f11 do not come closer than at the pad (64.0 cells, same side) — silent
[final]   414.80s    [Coupler Insertion] room R2 chain 1 coupler '37' option 3: the arms of f11 and f12 do not come closer than at the pad (64.0 cells, same side) — silent
[final]   414.80s    [Coupler Insertion] room R2 chain 2 coupler '40' option 6: the arms of f13 and f14 do not come closer than at the pad (65.1 cells, same side) — silent
[final]   414.80s    [Coupler Insertion] room R2 chain 2 coupler '42' option 3: the arms of f14 and f15 do not come closer than at the pad (64.0 cells, same side) — silent
[final]   414.80s    [Coupler Insertion] room R2 chain 2 coupler '45' option 0: the arms of f15 and f16 do not come closer than at the pad (64.0 cells, same side) — silent
[final]   414.80s    [Coupler Insertion] room R2 chain 2 coupler '47' option 0: the arms of f16 and f17 do not come closer than at the pad (64.0 cells, same side) — silent
[final]   414.80s    [Coupler Insertion] room R2 chain 2 coupler '50' option 34: the arms of f17 and f18 do not come closer than at the pad (64.0 cells, same side) — silent
[final]   414.80s    [Coupler Insertion] room R2 chain 3 coupler '55' option 0: channel between f19 and f20 narrows to 53.0 cells at (4485,4809), 45 cells past the pad (from 63.0 at the pad), same side; 0 wires in it (-), 0 running along it (-); need 20 — room enough; along-runners alone need 20 — room enough
[final]   414.80s    [Coupler Insertion] room R2 chain 3 coupler '58' option 30: the arms of f20 and f21 do not come closer than at the pad (65.1 cells, other sides) — silent
[final]   414.80s    [Coupler Insertion] room R2 chain 3 coupler '60' option 0: the arms of f21 and f22 do not come closer than at the pad (64.0 cells, same side) — silent
[final]   414.80s    [Coupler Insertion] room R2 chain 3 coupler '63' option 0: the arms of f22 and f23 do not come closer than at the pad (64.0 cells, same side) — silent
[final]   414.80s    [Coupler Insertion] room R2 chain 3 coupler '65' option 0: the arms of f23 and f24 do not come closer than at the pad (64.0 cells, same side) — silent
[final]   414.80s    [Coupler Insertion] room R2 chain 3 coupler '71' option 3: the arms of f24 and f25 do not come closer than at the pad (64.0 cells, same side) — silent
[final]   414.80s    [Coupler Insertion] room R2 chain 4 coupler '76' option 12: the arms of f26 and f27 do not come closer than at the pad (64.0 cells, other sides) — silent
[final]   414.80s    [Coupler Insertion] room R2 chain 4 coupler '81' option 0: the arms of f27 and f28 do not come closer than at the pad (64.0 cells, other sides) — silent
[final]   414.80s    [Coupler Insertion] room R2 chain 4 coupler '86' option 6: the arms of f28 and f29 do not come closer than at the pad (65.1 cells, same side) — silent
[final]   414.80s    [Coupler Insertion] room R2 chain 4 coupler '89' option 0: the arms of f29 and f30 do not come closer than at the pad (64.0 cells, same side) — silent
[final]   414.80s    [Coupler Insertion] room R2 chain 4 coupler '91' option 0: the arms of f30 and f31 do not come closer than at the pad (64.0 cells, other sides) — silent
[final]   414.80s    [Coupler Insertion] room R2 chain 4 coupler '94' option 42: the arms of f31 and f32 do not come closer than at the pad (64.4 cells, same side) — silent
[final]   414.80s    [Coupler Insertion] room R2 chain 5 coupler '96' option 0: channel between f33 and f34 narrows to 53.0 cells at (4054,2441), 45 cells past the pad (from 63.0 at the pad), same side; 0 wires in it (-), 0 running along it (-); need 20 — room enough; along-runners alone need 20 — room enough
[final]   414.81s    [Coupler Insertion] room R2 chain 5 coupler '99' option 39: the arms of f34 and f35 do not come closer than at the pad (64.0 cells, same side) — silent
[final]   414.81s    [Coupler Insertion] room R2 chain 5 coupler '101' option 0: the arms of f35 and f36 do not come closer than at the pad (64.0 cells, other sides) — silent
[final]   414.81s    [Coupler Insertion] room R2 chain 5 coupler '106' option 36: the arms of f36 and f37 do not come closer than at the pad (65.1 cells, same side) — silent
[final]   414.81s    [Coupler Insertion] room R2 chain 5 coupler '109' option 0: the arms of f37 and f38 do not come closer than at the pad (64.0 cells, same side) — silent
[final]   414.81s    [Coupler Insertion] room R2 chain 5 coupler '111' option 42: the arms of f38 and f39 do not come closer than at the pad (65.1 cells, same side) — silent
[final]   414.81s    [Coupler Insertion] room R2 chain 6 coupler '115' option 18: the arms of f40 and f41 do not come closer than at the pad (65.1 cells, same side) — silent
[final]   414.81s    [Coupler Insertion] room R2 chain 6 coupler '118' option 0: the arms of f41 and f42 do not come closer than at the pad (64.0 cells, same side) — silent
[final]   414.81s    [Coupler Insertion] room R2 chain 6 coupler '123' option 6: the arms of f42 and f43 do not come closer than at the pad (65.1 cells, other sides) — silent
[final]   414.81s    [Coupler Insertion] room R2 chain 6 coupler '125' option 3: the arms of f43 and f44 do not come closer than at the pad (64.0 cells, same side) — silent
[final]   414.81s    [Coupler Insertion] room R2 chain 6 coupler '127' option 9: the arms of f44 and f45 do not come closer than at the pad (65.1 cells, other sides) — silent
[final]   414.81s    [Coupler Insertion] room R2 chain 6 coupler '132' option 14: channel between f45 and f46 narrows to 20.0 cells at (3329,1572), 0 cells past the pad (from 64.0 at the pad), other sides; 0 wires in it (-), 0 running along it (-); need 20 — room enough; along-runners alone need 20 — room enough
[final]   414.81s    [Coupler Insertion] room R2 chain 7 coupler '137' option 0: the arms of f47 and f48 do not come closer than at the pad (63.0 cells, same side) — silent
[final]   414.81s    [Coupler Insertion] room R2 chain 7 coupler '143' option 6: the arms of f48 and f49 do not come closer than at the pad (65.1 cells, same side) — silent
[final]   414.81s    [Coupler Insertion] room R2 chain 7 coupler '146' option 0: the arms of f49 and f50 do not come closer than at the pad (64.0 cells, same side) — silent
[final]   414.81s    [Coupler Insertion] room R2 chain 7 coupler '148' option 31: the arms of f50 and f51 do not come closer than at the pad (64.0 cells, other sides) — silent
[final]   414.81s    [Coupler Insertion] room R2 chain 7 coupler '153' option 0: the arms of f51 and f52 do not come closer than at the pad (64.0 cells, same side) — silent
[final]   414.81s    [Coupler Insertion] room R2 chain 7 coupler '158' option 40: the arms of f52 and f53 do not come closer than at the pad (65.1 cells, same side) — silent
[final]   414.81s    [Coupler Insertion] room R2 chain 8 coupler '161' option 39: channel between f54 and f55 narrows to 19.1 cells at (1900,1329), 69 cells past the pad (from 65.1 at the pad), same side; 1 wire in it (160), 1 running along it (160); need 40 — R2 would refuse; along-runners alone need 40 — would refuse
[final]   414.81s    [Coupler Insertion] room R2 chain 8 coupler '164' option 3: the arms of f55 and f56 do not come closer than at the pad (64.0 cells, same side) — silent
[final]   414.81s    [Coupler Insertion] room R2 chain 8 coupler '166' option 3: the arms of f56 and f57 do not come closer than at the pad (64.0 cells, same side) — silent
[final]   414.81s    [Coupler Insertion] room R2 chain 8 coupler '168' option 39: the arms of f57 and f58 do not come closer than at the pad (65.1 cells, other sides) — silent
[final]   414.81s    [Coupler Insertion] room R2 chain 8 coupler '171' option 0: the arms of f58 and f59 do not come closer than at the pad (64.0 cells, other sides) — silent
[final]   414.81s    [Coupler Insertion] room R2 chain 8 coupler '175' option 0: the arms of f59 and f60 do not come closer than at the pad (64.0 cells, same side) — silent
[final]   414.81s    [Coupler Insertion] room R2 chain 9 coupler '180' option 6: the arms of f61 and f62 do not come closer than at the pad (65.1 cells, same side) — silent
[final]   414.81s    [Coupler Insertion] room R2 chain 9 coupler '184' option 3: the arms of f62 and f63 do not come closer than at the pad (64.0 cells, other sides) — silent
[final]   414.81s    [Coupler Insertion] room R2 chain 9 coupler '187' option 0: the arms of f63 and f64 do not come closer than at the pad (64.0 cells, same side) — silent
[final]   414.81s    [Coupler Insertion] room R2 chain 9 coupler '189' option 0: the arms of f64 and f65 do not come closer than at the pad (64.0 cells, same side) — silent
[final]   414.81s    [Coupler Insertion] room R2 chain 9 coupler '192' option 0: the arms of f65 and f66 do not come closer than at the pad (63.0 cells, same side) — silent
[final]   414.81s    [Coupler Insertion] room R2 chain 9 coupler '195' option 32: the arms of f66 and f67 do not come closer than at the pad (64.0 cells, same side) — silent
[final]   414.81s    [Coupler Insertion] room R2 chain 10 coupler '201' option 6: the arms of f68 and f69 do not come closer than at the pad (65.1 cells, same side) — silent
[final]   414.81s    [Coupler Insertion] room R2 chain 10 coupler '204' option 0: the arms of f69 and f70 do not come closer than at the pad (64.0 cells, other sides) — silent
[final]   414.81s    [Coupler Insertion] room R2 chain 10 coupler '205' option 3: the arms of f70 and f71 do not come closer than at the pad (64.0 cells, same side) — silent
[final]   414.81s    [Coupler Insertion] room R2 chain 10 coupler '207' option 27: the arms of f71 and f72 do not come closer than at the pad (65.1 cells, other sides) — silent
[final]   414.81s    [Coupler Insertion] room R2 chain 10 coupler '212' option 40: the arms of f72 and f73 do not come closer than at the pad (65.1 cells, same side) — silent
[final]   414.81s    [Coupler Insertion] room R2 chain 11 coupler '218' option 0: channel between f74 and f75 narrows to 53.0 cells at (1301,3563), 45 cells past the pad (from 63.0 at the pad), same side; 0 wires in it (-), 0 running along it (-); need 20 — room enough; along-runners alone need 20 — room enough
[final]   414.81s    [Coupler Insertion] room R2 chain 11 coupler '223' option 9: the arms of f75 and f76 do not come closer than at the pad (65.1 cells, other sides) — silent
[final]   414.81s    [Coupler Insertion] room R2 chain 11 coupler '225' option 0: the arms of f76 and f77 do not come closer than at the pad (64.0 cells, same side) — silent
[final]   414.81s    [Coupler Insertion] room R2 chain 11 coupler '228' option 20: the arms of f77 and f78 do not come closer than at the pad (65.1 cells, other sides) — silent
[final]   414.81s    [Coupler Insertion] room R3 chain 11 coupler '0' option 0: no plain wire within 19 cells of its pad or lead; no plain wire within 19 cells of its run
[final]   414.81s    [Coupler Insertion] room R3 chain 11 coupler '3' option 36: no plain wire within 19 cells of its pad or lead; no plain wire within 19 cells of its run
[final]   414.81s    [Coupler Insertion] room R3 chain 0 coupler '9' option 0: no plain wire within 19 cells of its pad or lead; no plain wire within 19 cells of its run
[final]   414.81s    [Coupler Insertion] room R3 chain 0 coupler '11' option 6: no plain wire within 19 cells of its pad or lead; no plain wire within 19 cells of its run
[final]   414.82s    [Coupler Insertion] room R3 chain 0 coupler '13' option 9: plain wire 14 lies 14.0 cells from its pad at (2141,4370) — R3 would refuse at a reach of 14 or more; plain wire 14 lies 2.0 cells from its run at (2153,4360)
[final]   414.82s    [Coupler Insertion] room R3 chain 0 coupler '16' option 0: no plain wire within 19 cells of its pad or lead; plain wire 15 lies 14.0 cells from its run at (2174,4125)
[final]   414.82s    [Coupler Insertion] room R3 chain 0 coupler '18' option 35: plain wire 17 lies 10.0 cells from its pad at (2271,4144) — R3 would refuse at a reach of 10 or more; plain wire 17 lies 1.0 cells from its run at (2260,4135)
[final]   414.82s    [Coupler Insertion] room R3 chain 1 coupler '21' option 0: no plain wire within 19 cells of its pad or lead; plain wire 20 lies 19.0 cells from its run at (2406,3879)
[final]   414.82s    [Coupler Insertion] room R3 chain 1 coupler '23' option 3: no plain wire within 19 cells of its pad or lead; no plain wire within 19 cells of its run
[final]   414.82s    [Coupler Insertion] room R3 chain 1 coupler '29' option 6: no plain wire within 19 cells of its pad or lead; no plain wire within 19 cells of its run
[final]   414.82s    [Coupler Insertion] room R3 chain 1 coupler '32' option 0: no plain wire within 19 cells of its pad or lead; no plain wire within 19 cells of its run
[final]   414.82s    [Coupler Insertion] room R3 chain 1 coupler '35' option 0: no plain wire within 19 cells of its pad or lead; no plain wire within 19 cells of its run
[final]   414.82s    [Coupler Insertion] room R3 chain 1 coupler '37' option 3: no plain wire within 19 cells of its pad or lead; no plain wire within 19 cells of its run
[final]   414.82s    [Coupler Insertion] room R3 chain 2 coupler '40' option 6: no plain wire within 19 cells of its pad or lead; no plain wire within 19 cells of its run
[final]   414.82s    [Coupler Insertion] room R3 chain 2 coupler '42' option 3: no plain wire within 19 cells of its pad or lead; no plain wire within 19 cells of its run
[final]   414.82s    [Coupler Insertion] room R3 chain 2 coupler '45' option 0: no plain wire within 19 cells of its pad or lead; no plain wire within 19 cells of its run
[final]   414.82s    [Coupler Insertion] room R3 chain 2 coupler '47' option 0: no plain wire within 19 cells of its pad or lead; no plain wire within 19 cells of its run
[final]   414.82s    [Coupler Insertion] room R3 chain 2 coupler '50' option 34: no plain wire within 19 cells of its pad or lead; no plain wire within 19 cells of its run
[final]   414.82s    [Coupler Insertion] room R3 chain 3 coupler '55' option 0: no plain wire within 19 cells of its pad or lead; no plain wire within 19 cells of its run
[final]   414.82s    [Coupler Insertion] room R3 chain 3 coupler '58' option 30: no plain wire within 19 cells of its pad or lead; no plain wire within 19 cells of its run
[final]   414.82s    [Coupler Insertion] room R3 chain 3 coupler '60' option 0: no plain wire within 19 cells of its pad or lead; no plain wire within 19 cells of its run
[final]   414.82s    [Coupler Insertion] room R3 chain 3 coupler '63' option 0: no plain wire within 19 cells of its pad or lead; no plain wire within 19 cells of its run
[final]   414.82s    [Coupler Insertion] room R3 chain 3 coupler '65' option 0: no plain wire within 19 cells of its pad or lead; no plain wire within 19 cells of its run
[final]   414.82s    [Coupler Insertion] room R3 chain 3 coupler '71' option 3: no plain wire within 19 cells of its pad or lead; no plain wire within 19 cells of its run
[final]   414.82s    [Coupler Insertion] room R3 chain 4 coupler '76' option 12: no plain wire within 19 cells of its pad or lead; no plain wire within 19 cells of its run
[final]   414.82s    [Coupler Insertion] room R3 chain 4 coupler '81' option 0: no plain wire within 19 cells of its pad or lead; no plain wire within 19 cells of its run
[final]   414.82s    [Coupler Insertion] room R3 chain 4 coupler '86' option 6: no plain wire within 19 cells of its pad or lead; no plain wire within 19 cells of its run
[final]   414.82s    [Coupler Insertion] room R3 chain 4 coupler '89' option 0: no plain wire within 19 cells of its pad or lead; no plain wire within 19 cells of its run
[final]   414.82s    [Coupler Insertion] room R3 chain 4 coupler '91' option 0: plain wire 92 lies 18.4 cells from its pad at (3769,2578) — R3 would refuse at a reach of 19 or more; plain wire 92 lies 9.9 cells from its run at (3770,2567)
[final]   414.82s    [Coupler Insertion] room R3 chain 4 coupler '94' option 42: no plain wire within 19 cells of its pad or lead; plain wire 93 lies 12.8 cells from its run at (3801,2523)
[final]   414.82s    [Coupler Insertion] room R3 chain 5 coupler '96' option 0: no plain wire within 19 cells of its pad or lead; no plain wire within 19 cells of its run
[final]   414.82s    [Coupler Insertion] room R3 chain 5 coupler '99' option 39: no plain wire within 19 cells of its pad or lead; no plain wire within 19 cells of its run
[final]   414.82s    [Coupler Insertion] room R3 chain 5 coupler '101' option 0: plain wire 100 lies 16.3 cells from its pad at (4236,2181) — R3 would refuse at a reach of 17 or more; plain wire 100 lies 7.8 cells from its run at (4237,2192)
[final]   414.82s    [Coupler Insertion] room R3 chain 5 coupler '106' option 36: plain wire 105 lies 9.9 cells from its pad at (4455,1914) — R3 would refuse at a reach of 10 or more; plain wire 105 lies 8.5 cells from its run at (4431,1940)
[final]   414.82s    [Coupler Insertion] room R3 chain 5 coupler '109' option 0: no plain wire within 19 cells of its pad or lead; plain wire 108 lies 14.9 cells from its run at (4501,1700)
[final]   414.82s    [Coupler Insertion] room R3 chain 5 coupler '111' option 42: no plain wire within 19 cells of its pad or lead; no plain wire within 19 cells of its run
[final]   414.82s    [Coupler Insertion] room R3 chain 6 coupler '115' option 18: no plain wire within 19 cells of its pad or lead; no plain wire within 19 cells of its run
[final]   414.82s    [Coupler Insertion] room R3 chain 6 coupler '118' option 0: no plain wire within 19 cells of its pad or lead; no plain wire within 19 cells of its run
[final]   414.82s    [Coupler Insertion] room R3 chain 6 coupler '123' option 6: no plain wire within 19 cells of its pad or lead; no plain wire within 19 cells of its run
[final]   414.82s    [Coupler Insertion] room R3 chain 6 coupler '125' option 3: no plain wire within 19 cells of its pad or lead; no plain wire within 19 cells of its run
[final]   414.82s    [Coupler Insertion] room R3 chain 6 coupler '127' option 9: plain wire 128 lies 14.0 cells from its pad at (3535,1357) — R3 would refuse at a reach of 14 or more; plain wire 128 lies 2.0 cells from its run at (3523,1367)
[final]   414.82s    [Coupler Insertion] room R3 chain 6 coupler '132' option 14: no plain wire within 19 cells of its pad or lead; no plain wire within 19 cells of its run
[final]   414.82s    [Coupler Insertion] room R3 chain 7 coupler '137' option 0: no plain wire within 19 cells of its pad or lead; no plain wire within 19 cells of its run
[final]   414.82s    [Coupler Insertion] room R3 chain 7 coupler '143' option 6: no plain wire within 19 cells of its pad or lead; no plain wire within 19 cells of its run
[final]   414.82s    [Coupler Insertion] room R3 chain 7 coupler '146' option 0: no plain wire within 19 cells of its pad or lead; no plain wire within 19 cells of its run
[final]   414.82s    [Coupler Insertion] room R3 chain 7 coupler '148' option 31: no plain wire within 19 cells of its pad or lead; no plain wire within 19 cells of its run
[final]   414.82s    [Coupler Insertion] room R3 chain 7 coupler '153' option 0: no plain wire within 19 cells of its pad or lead; no plain wire within 19 cells of its run
[final]   414.82s    [Coupler Insertion] room R3 chain 7 coupler '158' option 40: plain wire 157 lies 11.0 cells from its pad at (2111,1489) — R3 would refuse at a reach of 11 or more; plain wire 157 lies 1.0 cells from its run at (2123,1499)
[final]   414.82s    [Coupler Insertion] room R3 chain 8 coupler '161' option 39: plain wire 160 lies 10.0 cells from its pad at (1915,1373) — R3 would refuse at a reach of 10 or more; plain wire 160 lies 1.0 cells from its run at (1926,1382)
[final]   414.82s    [Coupler Insertion] room R3 chain 8 coupler '164' option 3: no plain wire within 19 cells of its pad or lead; no plain wire within 19 cells of its run
[final]   414.82s    [Coupler Insertion] room R3 chain 8 coupler '166' option 3: no plain wire within 19 cells of its pad or lead; no plain wire within 19 cells of its run
[final]   414.82s    [Coupler Insertion] room R3 chain 8 coupler '168' option 39: no plain wire within 19 cells of its pad or lead; no plain wire within 19 cells of its run
[final]   414.82s    [Coupler Insertion] room R3 chain 8 coupler '171' option 0: no plain wire within 19 cells of its pad or lead; no plain wire within 19 cells of its run
[final]   414.82s    [Coupler Insertion] room R3 chain 8 coupler '175' option 0: no plain wire within 19 cells of its pad or lead; no plain wire within 19 cells of its run
[final]   414.82s    [Coupler Insertion] room R3 chain 9 coupler '180' option 6: plain wire 181 lies 5.0 cells from its pad at (1225,1767) — R3 would refuse at a reach of 5 or more; plain wire 181 lies 3.6 cells from its run at (1213,1757)
[final]   414.82s    [Coupler Insertion] room R3 chain 9 coupler '184' option 3: plain wire 185 lies 14.9 cells from its pad at (1341,1954) — R3 would refuse at a reach of 15 or more; plain wire 185 lies 6.4 cells from its run at (1340,1965)
[final]   414.82s    [Coupler Insertion] room R3 chain 9 coupler '187' option 0: no plain wire within 19 cells of its pad or lead; plain wire 186 lies 18.0 cells from its run at (1585,2120)
[final]   414.82s    [Coupler Insertion] room R3 chain 9 coupler '189' option 0: no plain wire within 19 cells of its pad or lead; plain wire 188 lies 19.0 cells from its run at (1553,2230)
[final]   414.82s    [Coupler Insertion] room R3 chain 9 coupler '192' option 0: no plain wire within 19 cells of its pad or lead; plain wire 191 lies 17.0 cells from its run at (1835,2376)
[final]   414.83s    [Coupler Insertion] room R3 chain 9 coupler '195' option 32: no plain wire within 19 cells of its pad or lead; no plain wire within 19 cells of its run
[final]   414.83s    [Coupler Insertion] room R3 chain 10 coupler '201' option 6: no plain wire within 19 cells of its pad or lead; plain wire 202 lies 18.0 cells from its run at (2047,2852)
[final]   414.83s    [Coupler Insertion] room R3 chain 10 coupler '204' option 0: no plain wire within 19 cells of its pad or lead; no plain wire within 19 cells of its run
[final]   414.83s    [Coupler Insertion] room R3 chain 10 coupler '205' option 3: no plain wire within 19 cells of its pad or lead; plain wire 206 lies 16.0 cells from its run at (2089,3047)
[final]   414.83s    [Coupler Insertion] room R3 chain 10 coupler '207' option 27: plain wire 206 lies 12.7 cells from its pad at (1994,3042) — R3 would refuse at a reach of 13 or more; plain wire 206 lies 5.0 cells from its run at (1984,3030)
[final]   414.83s    [Coupler Insertion] room R3 chain 10 coupler '212' option 40: plain wire 211 lies 16.0 cells from its pad at (1720,3235) — R3 would refuse at a reach of 16 or more; plain wire 211 lies 4.0 cells from its run at (1730,3223)
[final]   414.83s    [Coupler Insertion] room R3 chain 11 coupler '218' option 0: no plain wire within 19 cells of its pad or lead; no plain wire within 19 cells of its run
[final]   414.83s    [Coupler Insertion] room R3 chain 11 coupler '223' option 9: no plain wire within 19 cells of its pad or lead; plain wire 224 lies 12.0 cells from its run at (1134,3895)
[final]   414.83s    [Coupler Insertion] room R3 chain 11 coupler '225' option 0: no plain wire within 19 cells of its pad or lead; no plain wire within 19 cells of its run
[final]   414.83s    [Coupler Insertion] room R3 chain 11 coupler '228' option 20: no plain wire within 19 cells of its pad or lead; no plain wire within 19 cells of its run
[final]   414.85s  coupler insertion: CHECK chain channels — 7 of 12 channels between chains tighter than (m+1)·pitch, 1 of 69 coupler channels tighter: chain 0 f5 / chain 1 f6: 2 wires (19 20), gap 0.0 cells at (2301,4209) against 60 · chain 3 f25 / chain 4 f26: 4 wires (72 73 74 75), gap 13.0 cells at (4439,3564) against 100 · chain 4 f32 / chain 5 f33: 1 wire (95), gap 20.0 cells at (4019,2491) against 40 · chain 6 f46 / chain 7 f47: 4 wires (133 134 135 136), gap 0.0 cells at (3309,1588) against 100 · chain 7 f53 / chain 8 f54: 2 wires (159 160), gap 37.5 cells at (1965,1341) against 60 · chain 8 f60 / chain 9 f61: 4 wires (176 177 178 179), gap 0.0 cells at (761,1305) against 100 · chain 10 f73 / chain 11 f74: 5 wires (213 214 215 216 217), gap 20.0 cells at (1336,3513) against 120
[final]   414.85s  coupler insertion: 69 couplers on 69 resonators (23 on a diagonal), 12 chains, 81 of 81 edges drawn, feedline angle cost 180, 12 chains settled, 116 of 674 option costs from the memo, 86.1s
[final]   414.85s  coupler insertion: lead 19 cells straight, 5 of margin; 69 of 69 resonators keep a way with a corner no primitive makes, 85 corners in all
[final]   414.85s  coupler insertion: the layer graph took 13626 bounds in 6.9 ms (0.508 us each), bound analytic
[final]   414.85s  coupler insertion: room rules — R1 refused 0/0 edges, R2 refused 0/0 channels, R3 refused 0 places (0 couplers built without it, 0 moved > 100 units); stood down on chains R2[] R1[] R3[]; committed: 3 edges below capacity, 1 of 69 coupler channels tighter than (m+1)·pitch (1 by along-runners), 7 of 12 channels between chains, couplers with a plain wire within 0/5/10/19 cells: 0/1/4/12
[final]   414.85s  ==> coupler insertion: 0 feedline edges NOT drawn, feedline angle cost 180, 86.1s
[final]   414.87s  feedline routing: CHECK bridges — 0 wires whose bridged edge differs from the insertion's count; the check is GREEN
[final]   414.87s  feedline routing: 0 of 254 wires start on the way the Detail stage drew
[final]   414.87s  feedline routing settings: a resonator runs the rule's straight again after its lead no (default), fixed places fenced yes (default), crossing rule on (default), the exit heading tested no (default), a way that misses the wire's bridge refused yes (default), lane polygon priced yes (default), the terminal edges' coupler runs guarded yes (default) by 5 cells more (default)
[final]   414.87s  the ring the feedline pass sweeps: 0(r) 1 2 3(r) f80[L] 4 5 6 7 8 f0[F] 9(r) 10 11(r) 12 13(r) 14 15 16(r) 17 18(r) f5[L] 19 20 f6[F] 21(r) 22 23(r) 24 25 26 27 28 29(r) 30 31 32(r) 33 34 35(r) 36 37(r) f12[L] 38 39 f13[F] 40(r) 41 42(r) 43 44 45(r) 46 47(r) 48 49 50(r) f18[L] 51 52 53 54 f19[F] 55(r) 56 57 58(r) 59 60(r) 61 62 63(r) 64 65(r) 66 67 68 69 70 71(r) f25[L] 72 73 74 75 f26[F] 76(r) 77 78 79 80 81(r) 82 83 84 85 86(r) 87 88 89(r) 90 91(r) 92 93 94(r) f32[L] 95 f33[F] 96(r) 97 98 99(r) 100 101(r) 102 103 104 105 106(r) 107 108 109(r) 110 111(r) f39[L] 112 113 114 f40[F] 115(r) 116 117 118(r) 119 120 121 122 123(r) 124 125(r) 126 127(r) 128 129 130 131 132(r) f46[L] 133 134 135 136 f47[F] 137(r) 138 139 140 141 142 143(r) 144 145 146(r) 147 148(r) 149 150 151 152 153(r) 154 155 156 157 158(r) f53[L] 159 160 f54[F] 161(r) 162 163 164(r) 165 166(r) 167 168(r) 169 170 171(r) 172 173 174 175(r) f60[L] 176 177 178 179 f61[F] 180(r) 181 182 183 184(r) 185 186 187(r) 188 189(r) 190 191 192(r) 193 194 195(r) f67[L] 196 197 198 199 200 f68[F] 201(r) 202 203 204(r) 205(r) 206 207(r) 208 209 210 211 212(r) f73[L] 213 214 215 216 217 f74[F] 218(r) 219 220 221 222 223(r) 224 225(r) 226 227 228(r) 229
[final]   414.87s  feedline routing: 254 wires, up to 5 rounds, 8 relaxations each way
[final]   414.93s    wire 0 · round 0 forward · normal: found 442 cells
[final]   415.10s    wire 1 · round 0 forward · normal: found 1136 cells
[final]   415.20s    wire 2 · round 0 forward · normal: found 1161 cells
[final]   415.23s    wire 3 · round 0 forward · normal: found 436 cells
[final]   415.25s    wire f80 · round 0 forward · normal: found 679 cells
[final]   415.32s    wire 4 · round 0 forward · normal: found 1107 cells
[final]   415.39s    wire 5 · round 0 forward · normal: found 1236 cells
[final]   415.45s    wire 6 · round 0 forward · normal: found 1285 cells
[final]   415.51s    wire 7 · round 0 forward · normal: found 1280 cells
[final]   415.58s    wire 8 · round 0 forward · normal: found 1297 cells
[final]   415.62s    wire f0 · round 0 forward · normal: found 915 cells
[final]   415.64s    wire 9 · round 0 forward · normal: found 525 cells
[final]   415.74s    wire 10 · round 0 forward · normal: found 1426 cells
[final]   415.77s    wire 11 · round 0 forward · normal: found 532 cells
[final]   415.88s    wire 12 · round 0 forward · normal: found 1509 cells
[final]   415.90s    wire 13 · round 0 forward · normal: found 564 cells
[final]   416.92s    wire 14 · round 0 forward · normal: no way, relaxing · in the way: the neighbours, the crossing rule
[final]   416.93s        lane 14 · before is a resonator: -2 prepended cut; before 1573, after 1686, own 1562 cells
[final]   417.15s    wire 14 · relax 1: let go of 15, fence 16, 13, 17, 12, 18, 11 · found 1534 cells
[final]   418.40s    wire 15 · round 0 forward · normal: no way, relaxing · in the way: the neighbours, the crossing rule
[final]   418.41s        lane 15 · after is a resonator: +2 prepended cut; before 1534, after 1813, own 1686 cells
[final]   418.53s    wire 15 · relax 1: let go of 16, fence 17, 14, 18, 13, f5, 12 · no way
[final]   418.54s        lane 15 · after is a resonator: +2 prepended cut; before 1534, after 1813, own 1686 cells
[final]   418.76s    wire 15 · relax 2: let go of 17, fence 18, 14, f5, 13, 19, 12 · no way
[final]   418.77s        lane 15 · after is a resonator: +2 prepended cut; before 1534, after 1813, own 1686 cells
[final]   418.99s    wire 15 · relax 3: let go of 18, fence f5, 14, 19, 13, 20, 12 · no way
[final]   419.00s        lane 15 · after is a resonator: +2 prepended cut; before 1534, after 1813, own 1686 cells
[final]   419.21s    wire 15 · relax 4: let go of f5, fence 19, 14, 20, 13, f6, 12 · no way
[final]   419.22s        lane 15 · after is a resonator: +2 prepended cut; before 1534, after 1813, own 1686 cells
[final]   419.44s    wire 15 · relax 5: let go of 19, fence 20, 14, f6, 13, 21, 12 · no way
[final]   419.45s        lane 15 · after is a resonator: +2 prepended cut; before 1534, after 1813, own 1686 cells
[final]   419.67s    wire 15 · relax 6: let go of 20, fence f6, 14, 21, 13, 22, 12 · no way
[final]   419.68s        lane 15 · after is a resonator: +2 prepended cut; before 1534, after 1813, own 1686 cells
[final]   420.11s    wire 15 · round 0 forward · relax 7: found 1834 cells that do not cross its bridge f3 — refused as no way
[final]   420.11s    wire 15 · relax 7: let go of f6, fence 21, 14, 22, 13, 23, 12 · no way
[final]   420.12s        lane 15 · after is a resonator: +2 prepended cut; before 1534, after 1813, own 1686 cells
[final]   420.51s    wire 15 · round 0 forward · relax 8: found 1834 cells that do not cross its bridge f3 — refused as no way
[final]   420.51s    wire 15 · relax 8: let go of 21, fence 22, 14, 23, 13, 24, 12 · no way
[final]   420.51s    wire 15 · round 0 forward: no way after 8 relaxations; 16, 17, 18, f5, 19, 20, f6, 21 back as they were
[final]   420.55s    wire 16 · round 0 forward · normal: found 546 cells
[final]   420.72s    wire 17 · round 0 forward · normal: found 1745 cells
[final]   420.74s    wire 18 · round 0 forward · normal: found 571 cells
[final]   420.94s    wire f5 · round 0 forward · normal: no way, relaxing · in the way: the neighbours, the feedlines, the crossing rule, the coupler bodies
[final]   420.95s        lane f5 · last feedline: before <- -2, own way reversed; before 1745, after 1782, own 1201 cells
[final]   420.98s    wire f5 · relax 1: let go of 19, fence 20, 18, f6, 17, 21, 16 · no way
[final]   420.98s        lane f5 · last feedline: before <- -2, own way reversed; before 1745, after 1782, own 1201 cells
[final]   421.01s    wire f5 · relax 2: let go of 20, fence f6, 18, 21, 17, 22, 16 · no way
[final]   421.02s        lane f5 · last feedline: before <- -2, own way reversed; before 1745, after 1782, own 1201 cells
[final]   421.13s    wire f5 · relax 3: let go of f6, fence 21, 18, 22, 17, 23, 16 · found 1222 cells
[final]   421.53s    wire 19 · round 0 forward · normal: no way, relaxing · in the way: the feedlines
[final]   421.54s        lane 19 · before is a feedline, this conventional: reversed, += -2; before 1793, after 1915, own 1782 cells
[final]   421.63s    wire 19 · relax 1: let go of 20, fence f6, f5, 21, 18, 22, 17 · no way
[final]   421.64s        lane 19 · before is a feedline, this conventional: reversed, += -2; before 1793, after 1915, own 1782 cells
[final]   421.87s    wire 19 · relax 2: let go of f6, fence 21, f5, 22, 18, 23, 17 · found 1772 cells
[final]   422.48s    wire 20 · round 0 forward · normal: no way, relaxing · in the way: several together
[final]   422.49s        lane 20 · after is a feedline, this conventional: after += +2; before 1772, after 2045, own 1915 cells
[final]   422.64s    wire 20 · relax 1: let go of f6, fence 21, 19, 22, f5, 23, 18 · no way
[final]   422.65s        lane 20 · after is a feedline, this conventional: after += +2; before 1772, after 2045, own 1915 cells
[final]   422.79s    wire 20 · relax 2: let go of 21, fence 22, 19, 23, f5, 24, 18 · no way
[final]   422.80s        lane 20 · after is a feedline, this conventional: after += +2; before 1772, after 2045, own 1915 cells
[final]   423.07s    wire 20 · relax 3: let go of 22, fence 23, 19, 24, f5, 25, 18 · no way
[final]   423.08s        lane 20 · after is a feedline, this conventional: after += +2; before 1772, after 2045, own 1915 cells
[final]   423.34s    wire 20 · relax 4: let go of 23, fence 24, 19, 25, f5, 26, 18 · no way
[final]   423.35s        lane 20 · after is a feedline, this conventional: after += +2; before 1772, after 2045, own 1915 cells
[final]   423.66s    wire 20 · relax 5: let go of 24, fence 25, 19, 26, f5, 27, 18 · no way
[final]   423.67s        lane 20 · after is a feedline, this conventional: after += +2; before 1772, after 2045, own 1915 cells
[final]   423.97s    wire 20 · relax 6: let go of 25, fence 26, 19, 27, f5, 28, 18 · no way
[final]   423.98s        lane 20 · after is a feedline, this conventional: after += +2; before 1772, after 2045, own 1915 cells
[final]   424.29s    wire 20 · relax 7: let go of 26, fence 27, 19, 28, f5, 29, 18 · no way
[final]   424.30s        lane 20 · after is a feedline, this conventional: after += +2; before 1772, after 2045, own 1915 cells
[final]   424.61s    wire 20 · relax 8: let go of 27, fence 28, 19, 29, f5, 30, 18 · no way
[final]   424.61s    wire 20 · round 0 forward: no way after 8 relaxations; f6, 21, 22, 23, 24, 25, 26, 27 back as they were
[final]   425.15s    wire f6 · round 0 forward · normal: no way, relaxing · in the way: the neighbours
[final]   425.16s        lane f6 · first feedline: after <- +2; before 1915, after 1989, own 1509 cells
[final]   425.23s    wire f6 · relax 1: let go of 21, fence 22, 20, 23, 19, 24, f5 · no way
[final]   425.23s        lane f6 · first feedline: after <- +2; before 1915, after 1989, own 1509 cells
[final]   425.38s    wire f6 · relax 2: let go of 22, fence 23, 20, 24, 19, 25, f5 · no way
[final]   425.39s        lane f6 · first feedline: after <- +2; before 1915, after 1989, own 1509 cells
[final]   425.53s    wire f6 · relax 3: let go of 23, fence 24, 20, 25, 19, 26, f5 · no way
[final]   425.54s        lane f6 · first feedline: after <- +2; before 1915, after 1989, own 1509 cells
[final]   425.69s    wire f6 · relax 4: let go of 24, fence 25, 20, 26, 19, 27, f5 · no way
[final]   425.70s        lane f6 · first feedline: after <- +2; before 1915, after 1989, own 1509 cells
[final]   425.86s    wire f6 · relax 5: let go of 25, fence 26, 20, 27, 19, 28, f5 · no way
[final]   425.86s        lane f6 · first feedline: after <- +2; before 1915, after 1989, own 1509 cells
[final]   426.02s    wire f6 · relax 6: let go of 26, fence 27, 20, 28, 19, 29, f5 · no way
[final]   426.03s        lane f6 · first feedline: after <- +2; before 1915, after 1989, own 1509 cells
[final]   426.18s    wire f6 · relax 7: let go of 27, fence 28, 20, 29, 19, 30, f5 · no way
[final]   426.19s        lane f6 · first feedline: after <- +2; before 1915, after 1989, own 1509 cells
[final]   426.34s    wire f6 · relax 8: let go of 28, fence 29, 20, 30, 19, 31, f5 · no way
[final]   426.34s    wire f6 · round 0 forward: no way after 8 relaxations; 21, 22, 23, 24, 25, 26, 27, 28 back as they were
[final]   426.37s    wire 21 · round 0 forward · normal: found 537 cells
[final]   426.55s    wire 22 · round 0 forward · normal: found 1973 cells
[final]   426.58s    wire 23 · round 0 forward · normal: found 581 cells
[final]   426.75s    wire 24 · round 0 forward · normal: found 2105 cells
[final]   426.89s    wire 25 · round 0 forward · normal: found 2124 cells
[final]   427.02s    wire 26 · round 0 forward · normal: found 2219 cells
[final]   427.12s    wire 27 · round 0 forward · normal: found 2207 cells
[final]   427.26s    wire 28 · round 0 forward · normal: found 2182 cells
[final]   427.29s    wire 29 · round 0 forward · normal: found 580 cells
[final]   427.39s    wire 30 · round 0 forward · normal: found 2235 cells
[final]   427.50s    wire 31 · round 0 forward · normal: found 2197 cells
[final]   427.52s    wire 32 · round 0 forward · normal: found 542 cells
[final]   427.60s    wire 33 · round 0 forward · normal: found 2180 cells
[final]   427.72s    wire 34 · round 0 forward · normal: found 2112 cells
[final]   427.75s    wire 35 · round 0 forward · normal: found 595 cells
[final]   427.88s    wire 36 · round 0 forward · normal: found 1991 cells
[final]   427.91s    wire 37 · round 0 forward · normal: found 522 cells
[final]   428.10s    wire f12 · round 0 forward · normal: no way, relaxing · in the way: the neighbours · dead on arrival: the search starts at (3298,3891) heading (1,0) after a stub of 21, and 3 of its first 4 cells are closed: (3299,3891) closed, within the clearance of 38 (way at 9.0 cells); (3299,3892) closed, within the clearance of 38 (way at 9.0 cells); (3299,3890) closed, within the clearance of 38 (way at 9.0 cells)
[final]   428.11s        lane f12 · last feedline: before <- -2, own way reversed; before 1991, after 1948, own 1497 cells
[final]   428.17s    wire f12 · relax 1: let go of 38, fence 39, 37, f13, 36, 40, 35 · found 1512 cells
[final]   428.24s    wire 38 · round 0 forward · normal: found 1940 cells
[final]   428.33s    wire 39 · round 0 forward · normal: found 1863 cells
[final]   428.67s    wire f13 · round 0 forward · normal: no way, relaxing · in the way: the neighbours, the feedlines, the crossing rule, the coupler bodies
[final]   428.68s        lane f13 · first feedline: after <- +2; before 1863, after 1806, own 1156 cells
[final]   428.70s    wire f13 · relax 1: let go of 40, fence 41, 39, 42, 38, 43, f12 · no way
[final]   428.71s        lane f13 · first feedline: after <- +2; before 1863, after 1806, own 1156 cells
[final]   428.73s    wire f13 · relax 2: let go of 41, fence 42, 39, 43, 38, 44, f12 · no way
[final]   428.74s        lane f13 · first feedline: after <- +2; before 1863, after 1806, own 1156 cells
[final]   428.76s    wire f13 · relax 3: let go of 42, fence 43, 39, 44, 38, 45, f12 · no way
[final]   428.77s        lane f13 · first feedline: after <- +2; before 1863, after 1806, own 1156 cells
[final]   428.86s    wire f13 · relax 4: let go of 43, fence 44, 39, 45, 38, 46, f12 · found 1196 cells
[final]   428.89s    wire 40 · round 0 forward · normal: found 573 cells
[final]   429.76s    wire 41 · round 0 forward · normal: no way, relaxing · in the way: the neighbours, the feedlines, the crossing rule, the coupler bodies
[final]   429.77s        lane 41 · after is a resonator: +2 prepended cut; before is a resonator: -2 prepended cut; before 1769, after 1798, own 1806 cells
[final]   429.80s    wire 41 · relax 1: let go of 42, fence 43, 40, 44, f13, 45, 39 · no way
[final]   429.81s        lane 41 · after is a resonator: +2 prepended cut; before is a resonator: -2 prepended cut; before 1769, after 1798, own 1806 cells
[final]   429.86s    wire 41 · relax 2: let go of 43, fence 44, 40, 45, f13, 46, 39 · no way
[final]   429.87s        lane 41 · after is a resonator: +2 prepended cut; before is a resonator: -2 prepended cut; before 1769, after 1798, own 1806 cells
[final]   430.05s    wire 41 · relax 3: let go of 44, fence 45, 40, 46, f13, 47, 39 · found 1778 cells
[final]   430.08s    wire 42 · round 0 forward · normal: found 519 cells
[final]   430.62s    wire 43 · round 0 forward · normal: no way, relaxing · in the way: the neighbours, the feedlines
[final]   430.62s        lane 43 · before is a resonator: -2 prepended cut; before 1748, after 1645, own 1697 cells
[final]   430.75s    wire 43 · relax 1: let go of 44, fence 45, 42, 46, 41, 47, 40 · found 1745 cells
[final]   431.64s    wire 44 · round 0 forward · normal: no way, relaxing · in the way: the neighbours, the feedlines, the crossing rule, the coupler bodies
[final]   431.65s        lane 44 · after is a resonator: +2 prepended cut; before 1745, after 1517, own 1645 cells
[final]   431.70s    wire 44 · relax 1: let go of 45, fence 46, 43, 47, 42, 48, 41 · no way
[final]   431.71s        lane 44 · after is a resonator: +2 prepended cut; before 1745, after 1517, own 1645 cells
[final]   431.89s    wire 44 · relax 2: let go of 46, fence 47, 43, 48, 42, 49, 41 · found 1627 cells
[final]   431.92s    wire 45 · round 0 forward · normal: found 591 cells
[final]   432.02s    wire 46 · round 0 forward · normal: found 1469 cells
[final]   432.04s    wire 47 · round 0 forward · normal: found 541 cells
[final]   432.12s    wire 48 · round 0 forward · normal: found 1444 cells
[final]   432.57s    wire 49 · round 0 forward · normal: no way, relaxing · in the way: the neighbours, the feedlines
[final]   432.58s        lane 49 · after is a resonator: +2 prepended reversed; before 1444, after 1300, own 1381 cells
[final]   432.61s    wire 49 · relax 1: let go of 50, fence f18, 48, 51, 47, 52, 46 · no way
[final]   432.61s        lane 49 · after is a resonator: +2 prepended reversed; before 1444, after 1300, own 1381 cells
[final]   432.76s    wire 49 · relax 2: let go of f18, fence 51, 48, 52, 47, 53, 46 · found 1405 cells
[final]   432.80s    wire 50 · round 0 forward · normal: found 565 cells
[final]   432.84s    wire f18 · round 0 forward · normal: found 738 cells
[final]   432.92s    wire 51 · round 0 forward · normal: found 1221 cells
[final]   432.98s    wire 52 · round 0 forward · normal: found 1201 cells
[final]   433.04s    wire 53 · round 0 forward · normal: found 1128 cells
[final]   433.08s    wire 54 · round 0 forward · normal: found 979 cells
[final]   433.12s    wire f19 · round 0 forward · normal: found 616 cells
[final]   433.15s    wire 55 · round 0 forward · normal: found 428 cells
[final]   433.27s    wire 56 · round 0 forward · normal: found 1073 cells
[final]   433.40s    wire 57 · round 0 forward · normal: found 953 cells
[final]   433.44s    wire 58 · round 0 forward · normal: found 439 cells
[final]   433.57s    wire 59 · round 0 forward · normal: found 977 cells
[final]   433.61s    wire 60 · round 0 forward · normal: found 468 cells
[final]   433.70s    wire 61 · round 0 forward · normal: found 975 cells
[final]   433.81s    wire 62 · round 0 forward · normal: found 1130 cells
[final]   433.84s    wire 63 · round 0 forward · normal: found 526 cells
[final]   433.93s    wire 64 · round 0 forward · normal: found 1217 cells
[final]   433.96s    wire 65 · round 0 forward · normal: found 586 cells
[final]   434.06s    wire 66 · round 0 forward · normal: found 1265 cells
[final]   434.13s    wire 67 · round 0 forward · normal: found 1380 cells
[final]   434.21s    wire 68 · round 0 forward · normal: found 1473 cells
[final]   434.29s    wire 69 · round 0 forward · normal: found 1469 cells
[final]   434.42s    wire 70 · round 0 forward · normal: found 1454 cells
[final]   434.46s    wire 71 · round 0 forward · normal: found 574 cells
[final]   434.75s    wire f25 · round 0 forward · normal: no way, relaxing · in the way: several together · dead on arrival: the search starts at (4425,3569) heading (0,-1) after a stub of 21, and 3 of its first 4 cells are closed: (4425,3568) closed, within the clearance of 72 (way at 18.0 cells); (4426,3568) closed, within the clearance of 72 (way at 18.0 cells); (4424,3568) closed, within the clearance of 72 (way at 18.0 cells)
[final]   434.76s        lane f25 · last feedline: before <- -2, own way reversed; before 1454, after 1637, own 963 cells
[final]   434.80s    wire f25 · relax 1: let go of 72, fence 73, 71, 74, 70, 75, 69 · no way
[final]   434.81s        lane f25 · last feedline: before <- -2, own way reversed; before 1454, after 1637, own 963 cells
[final]   434.89s    wire f25 · relax 2: let go of 73, fence 74, 71, 75, 70, f26, 69 · no way
[final]   434.90s        lane f25 · last feedline: before <- -2, own way reversed; before 1454, after 1637, own 963 cells
[final]   434.94s    wire f25 · relax 3: let go of 74, fence 75, 71, f26, 70, 76, 69 · no way
[final]   434.95s        lane f25 · last feedline: before <- -2, own way reversed; before 1454, after 1637, own 963 cells
[final]   435.00s    wire f25 · relax 4: let go of 75, fence f26, 71, 76, 70, 77, 69 · no way
[final]   435.00s        lane f25 · last feedline: before <- -2, own way reversed; before 1454, after 1637, own 963 cells
[final]   435.05s    wire f25 · relax 5: let go of f26, fence 76, 71, 77, 70, 78, 69 · no way
[final]   435.06s        lane f25 · last feedline: before <- -2, own way reversed; before 1454, after 1637, own 963 cells
[final]   435.11s    wire f25 · relax 6: let go of 76, fence 77, 71, 78, 70, 79, 69 · no way
[final]   435.11s        lane f25 · last feedline: before <- -2, own way reversed; before 1454, after 1637, own 963 cells
[final]   435.16s    wire f25 · relax 7: let go of 77, fence 78, 71, 79, 70, 80, 69 · no way
[final]   435.17s        lane f25 · last feedline: before <- -2, own way reversed; before 1454, after 1637, own 963 cells
[final]   435.22s    wire f25 · relax 8: let go of 78, fence 79, 71, 80, 70, 81, 69 · no way
[final]   435.22s    wire f25 · round 0 forward: no way after 8 relaxations; 72, 73, 74, 75, f26, 76, 77, 78 back as they were
[final]   435.28s    wire 72 · round 0 forward · normal: found 1628 cells
[final]   435.57s    wire 73 · round 0 forward · normal: no way, relaxing · in the way: the feedlines
[final]   435.65s    wire 73 · relax 1: let go of 74, fence 75, 72, f26, f25, 76, 71 · no way
[final]   435.73s    wire 73 · relax 2: let go of 75, fence f26, 72, 76, f25, 77, 71 · no way
[final]   435.94s    wire 73 · relax 3: let go of f26, fence 76, 72, 77, f25, 78, 71 · found 1751 cells
[final]   436.23s    wire 74 · round 0 forward · normal: no way, relaxing · in the way: the feedlines
[final]   436.29s    wire 74 · relax 1: let go of 75, fence f26, 73, 76, 72, 77, f25 · no way
[final]   436.48s    wire 74 · relax 2: let go of f26, fence 76, 73, 77, 72, 78, f25 · found 1747 cells
[final]   436.86s    wire 75 · round 0 forward · normal: no way, relaxing · in the way: several together
[final]   436.87s        lane 75 · after is a feedline, this conventional: after += +2; before 1747, after 1758, own 1707 cells
[final]   437.02s    wire 75 · relax 1: let go of f26, fence 76, 74, 77, 73, 78, 72 · found 1732 cells
[final]   437.06s    wire f26 · round 0 forward · normal: found 1182 cells
[final]   437.10s    wire 76 · round 0 forward · normal: found 579 cells
[final]   437.20s    wire 77 · round 0 forward · normal: found 1865 cells
[final]   437.29s    wire 78 · round 0 forward · normal: found 1960 cells
[final]   437.38s    wire 79 · round 0 forward · normal: found 1957 cells
[final]   437.51s    wire 80 · round 0 forward · normal: found 1938 cells
[final]   437.54s    wire 81 · round 0 forward · normal: found 588 cells
[final]   437.68s    wire 82 · round 0 forward · normal: found 2105 cells
[final]   437.81s    wire 83 · round 0 forward · normal: found 2218 cells
[final]   437.91s    wire 84 · round 0 forward · normal: found 2201 cells
[final]   438.07s    wire 85 · round 0 forward · normal: found 2186 cells
[final]   438.11s    wire 86 · round 0 forward · normal: found 584 cells
[final]   438.23s    wire 87 · round 0 forward · normal: found 2241 cells
[final]   438.36s    wire 88 · round 0 forward · normal: found 2206 cells
[final]   438.39s    wire 89 · round 0 forward · normal: found 521 cells
[final]   438.54s    wire 90 · round 0 forward · normal: found 2192 cells
[final]   438.57s    wire 91 · round 0 forward · normal: found 523 cells
[final]   439.37s    wire 92 · round 0 forward · normal: no way, relaxing · in the way: the neighbours, the crossing rule
[final]   439.38s        lane 92 · before is a resonator: -2 prepended cut; before 2158, after 2009, own 2013 cells
[final]   439.42s    wire 92 · relax 1: let go of 93, fence 94, 91, f32, 90, 95, 89 · no way
[final]   439.43s        lane 92 · before is a resonator: -2 prepended cut; before 2158, after 2009, own 2013 cells
[final]   439.47s    wire 92 · relax 2: let go of 94, fence f32, 91, 95, 90, f33, 89 · no way
[final]   439.48s        lane 92 · before is a resonator: -2 prepended cut; before 2158, after 2009, own 2013 cells
[final]   439.74s    wire 92 · relax 3: let go of f32, fence 95, 91, f33, 90, 96, 89 · found 2043 cells
[final]   440.20s    wire 93 · round 0 forward · normal: no way, relaxing · in the way: the feedlines
[final]   440.21s        lane 93 · after is a resonator: +2 prepended reversed; before 2043, after 2062, own 2009 cells
[final]   440.23s    wire 93 · relax 1: let go of 94, fence f32, 92, 95, 91, f33, 90 · no way
[final]   440.24s        lane 93 · after is a resonator: +2 prepended reversed; before 2043, after 2062, own 2009 cells
[final]   440.44s    wire 93 · relax 2: let go of f32, fence 95, 92, f33, 91, 96, 90 · found 2012 cells
[final]   440.47s    wire 94 · round 0 forward · normal: found 490 cells
[final]   440.87s    wire f32 · round 0 forward · normal: no way, relaxing · in the way: the neighbours, the feedlines, the crossing rule, the coupler bodies
[final]   440.88s        lane f32 · last feedline: before <- -2, own way reversed; before 2012, after 1989, own 1535 cells
[final]   440.90s    wire f32 · relax 1: let go of 95, fence f33, 94, 96, 93, 97, 92 · no way
[final]   440.91s        lane f32 · last feedline: before <- -2, own way reversed; before 2012, after 1989, own 1535 cells
[final]   440.93s    wire f32 · relax 2: let go of f33, fence 96, 94, 97, 93, 98, 92 · no way
[final]   440.94s        lane f32 · last feedline: before <- -2, own way reversed; before 2012, after 1989, own 1535 cells
[final]   440.97s    wire f32 · relax 3: let go of 96, fence 97, 94, 98, 93, 99, 92 · no way
[final]   440.98s        lane f32 · last feedline: before <- -2, own way reversed; before 2012, after 1989, own 1535 cells
[final]   441.00s    wire f32 · relax 4: let go of 97, fence 98, 94, 99, 93, 100, 92 · no way
[final]   441.01s        lane f32 · last feedline: before <- -2, own way reversed; before 2012, after 1989, own 1535 cells
[final]   441.04s    wire f32 · relax 5: let go of 98, fence 99, 94, 100, 93, 101, 92 · no way
[final]   441.05s        lane f32 · last feedline: before <- -2, own way reversed; before 2012, after 1989, own 1535 cells
[final]   441.07s    wire f32 · relax 6: let go of 99, fence 100, 94, 101, 93, 102, 92 · no way
[final]   441.08s        lane f32 · last feedline: before <- -2, own way reversed; before 2012, after 1989, own 1535 cells
[final]   441.10s    wire f32 · relax 7: let go of 100, fence 101, 94, 102, 93, 103, 92 · no way
[final]   441.11s        lane f32 · last feedline: before <- -2, own way reversed; before 2012, after 1989, own 1535 cells
[final]   441.13s    wire f32 · relax 8: let go of 101, fence 102, 94, 103, 93, 104, 92 · no way
[final]   441.13s    wire f32 · round 0 forward: no way after 8 relaxations; 95, f33, 96, 97, 98, 99, 100, 101 back as they were
[final]   442.73s    wire 95 · round 0 forward · normal: no way, relaxing · in the way: several together
[final]   442.74s        lane 95 · after is a feedline, this conventional: after += +2; before is a feedline, this conventional: reversed, += -2; before 2025, after 1931, own 1989 cells
[final]   442.89s    wire 95 · relax 1: let go of f33, fence 96, f32, 97, 94, 98, 93 · no way
[final]   442.90s        lane 95 · after is a feedline, this conventional: after += +2; before is a feedline, this conventional: reversed, += -2; before 2025, after 1931, own 1989 cells
[final]   443.04s    wire 95 · relax 2: let go of 96, fence 97, f32, 98, 94, 99, 93 · no way
[final]   443.05s        lane 95 · after is a feedline, this conventional: after += +2; before is a feedline, this conventional: reversed, += -2; before 2025, after 1931, own 1989 cells
[final]   443.27s    wire 95 · relax 3: let go of 97, fence 98, f32, 99, 94, 100, 93 · no way
[final]   443.28s        lane 95 · after is a feedline, this conventional: after += +2; before is a feedline, this conventional: reversed, += -2; before 2025, after 1931, own 1989 cells
[final]   443.55s    wire 95 · relax 4: let go of 98, fence 99, f32, 100, 94, 101, 93 · no way
[final]   443.55s        lane 95 · after is a feedline, this conventional: after += +2; before is a feedline, this conventional: reversed, += -2; before 2025, after 1931, own 1989 cells
[final]   443.85s    wire 95 · relax 5: let go of 99, fence 100, f32, 101, 94, 102, 93 · no way
[final]   443.86s        lane 95 · after is a feedline, this conventional: after += +2; before is a feedline, this conventional: reversed, += -2; before 2025, after 1931, own 1989 cells
[final]   444.17s    wire 95 · relax 6: let go of 100, fence 101, f32, 102, 94, 103, 93 · no way
[final]   444.18s        lane 95 · after is a feedline, this conventional: after += +2; before is a feedline, this conventional: reversed, += -2; before 2025, after 1931, own 1989 cells
[final]   444.51s    wire 95 · relax 7: let go of 101, fence 102, f32, 103, 94, 104, 93 · no way
[final]   444.51s        lane 95 · after is a feedline, this conventional: after += +2; before is a feedline, this conventional: reversed, += -2; before 2025, after 1931, own 1989 cells
[final]   444.83s    wire 95 · relax 8: let go of 102, fence 103, f32, 104, 94, 105, 93 · no way
[final]   444.83s    wire 95 · round 0 forward: no way after 8 relaxations; f33, 96, 97, 98, 99, 100, 101, 102 back as they were
[final]   444.89s    wire f33 · round 0 forward · normal: found 1387 cells
[final]   444.92s    wire 96 · round 0 forward · normal: found 531 cells
[final]   444.99s    wire 97 · round 0 forward · normal: found 1787 cells
[final]   445.10s    wire 98 · round 0 forward · normal: found 1750 cells
[final]   445.13s    wire 99 · round 0 forward · normal: found 525 cells
[final]   445.23s    wire 100 · round 0 forward · normal: found 1726 cells
[final]   445.27s    wire 101 · round 0 forward · normal: found 520 cells
[final]   445.33s    wire 102 · round 0 forward · normal: found 1509 cells
[final]   445.39s    wire 103 · round 0 forward · normal: found 1516 cells
[final]   445.45s    wire 104 · round 0 forward · normal: found 1513 cells
[final]   446.31s    wire 105 · round 0 forward · normal: no way, relaxing · in the way: the neighbours
[final]   446.32s        lane 105 · after is a resonator: +2 prepended cut; before 1513, after 1573, own 1526 cells
[final]   446.38s    wire 105 · relax 1: let go of 106, fence 107, 104, 108, 103, 109, 102 · no way
[final]   446.39s        lane 105 · after is a resonator: +2 prepended cut; before 1513, after 1573, own 1526 cells
[final]   446.51s    wire 105 · relax 2: let go of 107, fence 108, 104, 109, 103, 110, 102 · no way
[final]   446.52s        lane 105 · after is a resonator: +2 prepended cut; before 1513, after 1573, own 1526 cells
[final]   446.72s    wire 105 · relax 3: let go of 108, fence 109, 104, 110, 103, 111, 102 · no way
[final]   446.73s        lane 105 · after is a resonator: +2 prepended cut; before 1513, after 1573, own 1526 cells
[final]   446.93s    wire 105 · relax 4: let go of 109, fence 110, 104, 111, 103, f39, 102 · no way
[final]   446.94s        lane 105 · after is a resonator: +2 prepended cut; before 1513, after 1573, own 1526 cells
[final]   447.17s    wire 105 · relax 5: let go of 110, fence 111, 104, f39, 103, 112, 102 · no way
[final]   447.18s        lane 105 · after is a resonator: +2 prepended cut; before 1513, after 1573, own 1526 cells
[final]   447.42s    wire 105 · relax 6: let go of 111, fence f39, 104, 112, 103, 113, 102 · no way
[final]   447.43s        lane 105 · after is a resonator: +2 prepended cut; before 1513, after 1573, own 1526 cells
[final]   447.67s    wire 105 · relax 7: let go of f39, fence 112, 104, 113, 103, 114, 102 · no way
[final]   447.68s        lane 105 · after is a resonator: +2 prepended cut; before 1513, after 1573, own 1526 cells
[final]   447.95s    wire 105 · relax 8: let go of 112, fence 113, 104, 114, 103, f40, 102 · no way
[final]   447.95s    wire 105 · round 0 forward: no way after 8 relaxations; 106, 107, 108, 109, 110, 111, f39, 112 back as they were
[final]   447.99s    wire 106 · round 0 forward · normal: found 512 cells
[final]   448.07s    wire 107 · round 0 forward · normal: found 1280 cells
[final]   448.18s    wire 108 · round 0 forward · normal: found 1275 cells
[final]   448.21s    wire 109 · round 0 forward · normal: found 509 cells
[final]   448.33s    wire 110 · round 0 forward · normal: found 1237 cells
[final]   448.37s    wire 111 · round 0 forward · normal: found 504 cells
[final]   448.41s    wire f39 · round 0 forward · normal: found 812 cells
[final]   448.52s    wire 112 · round 0 forward · normal: found 1204 cells
[final]   448.58s    wire 113 · round 0 forward · normal: found 1034 cells
[final]   448.64s    wire 114 · round 0 forward · normal: found 1020 cells
[final]   448.68s    wire f40 · round 0 forward · normal: found 812 cells
[final]   448.72s    wire 115 · round 0 forward · normal: found 448 cells
[final]   448.85s    wire 116 · round 0 forward · normal: found 1271 cells
[final]   449.09s    wire 117 · round 0 forward · normal: found 1382 cells
[final]   449.13s    wire 118 · round 0 forward · normal: found 470 cells
[final]   449.31s    wire 119 · round 0 forward · normal: found 1516 cells
[final]   449.45s    wire 120 · round 0 forward · normal: found 1588 cells
[final]   449.62s    wire 121 · round 0 forward · normal: found 1597 cells
[final]   449.75s    wire 122 · round 0 forward · normal: found 1595 cells
[final]   449.78s    wire 123 · round 0 forward · normal: found 535 cells
[final]   450.01s    wire 124 · round 0 forward · normal: found 1753 cells
[final]   450.05s    wire 125 · round 0 forward · normal: found 533 cells
[final]   450.38s    wire 126 · round 0 forward · normal: found 1837 cells
[final]   450.41s    wire 127 · round 0 forward · normal: found 568 cells
[final]   450.68s    wire 128 · round 0 forward · normal: found 1816 cells
[final]   450.99s    wire 129 · round 0 forward · normal: found 1986 cells
[final]   451.26s    wire 130 · round 0 forward · normal: found 2090 cells
[final]   451.56s    wire 131 · round 0 forward · normal: found 2080 cells
[final]   451.59s    wire 132 · round 0 forward · normal: found 580 cells
[final]   451.69s    wire f46 · round 0 forward · normal: found 1689 cells
[final]   451.80s    wire 133 · round 0 forward · normal: found 2066 cells
[final]   452.24s    wire 134 · round 0 forward · normal: no way, relaxing · in the way: the feedlines
[final]   452.34s    wire 134 · relax 1: let go of 135, fence 136, 133, f47, f46, 137, 132 · no way
[final]   452.45s    wire 134 · relax 2: let go of 136, fence f47, 133, 137, f46, 138, 132 · no way
[final]   452.73s    wire 134 · relax 3: let go of f47, fence 137, 133, 138, f46, 139, 132 · found 2253 cells
[final]   453.13s    wire 135 · round 0 forward · normal: no way, relaxing · in the way: the feedlines
[final]   453.21s    wire 135 · relax 1: let go of 136, fence f47, 134, 137, 133, 138, f46 · no way
[final]   453.56s    wire 135 · relax 2: let go of f47, fence 137, 134, 138, 133, 139, f46 · found 2344 cells
[final]   454.03s    wire 136 · round 0 forward · normal: no way, relaxing · in the way: several together
[final]   454.04s        lane 136 · after is a feedline, this conventional: after += +2; before 2344, after 2367, own 2321 cells
[final]   454.23s    wire 136 · relax 1: let go of f47, fence 137, 135, 138, 134, 139, 133 · found 2335 cells
[final]   454.42s    wire f47 · round 0 forward · normal: no way, relaxing · in the way: the neighbours
[final]   454.43s        lane f47 · first feedline: after <- +2; before 2335, after 2294, own 1785 cells
[final]   454.46s    wire f47 · relax 1: let go of 137, fence 138, 136, 139, 135, 140, 134 · no way
[final]   454.47s        lane f47 · first feedline: after <- +2; before 2335, after 2294, own 1785 cells
[final]   454.49s    wire f47 · relax 2: let go of 138, fence 139, 136, 140, 135, 141, 134 · no way
[final]   454.50s        lane f47 · first feedline: after <- +2; before 2335, after 2294, own 1785 cells
[final]   454.53s    wire f47 · relax 3: let go of 139, fence 140, 136, 141, 135, 142, 134 · no way
[final]   454.54s        lane f47 · first feedline: after <- +2; before 2335, after 2294, own 1785 cells
[final]   454.56s    wire f47 · relax 4: let go of 140, fence 141, 136, 142, 135, 143, 134 · no way
[final]   454.57s        lane f47 · first feedline: after <- +2; before 2335, after 2294, own 1785 cells
[final]   454.60s    wire f47 · relax 5: let go of 141, fence 142, 136, 143, 135, 144, 134 · no way
[final]   454.61s        lane f47 · first feedline: after <- +2; before 2335, after 2294, own 1785 cells
[final]   454.64s    wire f47 · relax 6: let go of 142, fence 143, 136, 144, 135, 145, 134 · no way
[final]   454.65s        lane f47 · first feedline: after <- +2; before 2335, after 2294, own 1785 cells
[final]   454.68s    wire f47 · relax 7: let go of 143, fence 144, 136, 145, 135, 146, 134 · no way
[final]   454.69s        lane f47 · first feedline: after <- +2; before 2335, after 2294, own 1785 cells
[final]   454.73s    wire f47 · relax 8: let go of 144, fence 145, 136, 146, 135, 147, 134 · no way
[final]   454.73s    wire f47 · round 0 forward: no way after 8 relaxations; 137, 138, 139, 140, 141, 142, 143, 144 back as they were
[final]   454.75s    wire 137 · round 0 forward · normal: found 575 cells
[final]   454.94s    wire 138 · round 0 forward · normal: found 2278 cells
[final]   455.10s    wire 139 · round 0 forward · normal: found 2451 cells
[final]   455.23s    wire 140 · round 0 forward · normal: found 2547 cells
[final]   455.36s    wire 141 · round 0 forward · normal: found 2534 cells
[final]   455.54s    wire 142 · round 0 forward · normal: found 2564 cells
[final]   455.57s    wire 143 · round 0 forward · normal: found 572 cells
[final]   455.74s    wire 144 · round 0 forward · normal: found 2511 cells
[final]   455.96s    wire 145 · round 0 forward · normal: found 2524 cells
[final]   455.98s    wire 146 · round 0 forward · normal: found 556 cells
[final]   456.24s    wire 147 · round 0 forward · normal: found 2436 cells
[final]   456.27s    wire 148 · round 0 forward · normal: found 574 cells
[final]   456.47s    wire 149 · round 0 forward · normal: found 2268 cells
[final]   456.62s    wire 150 · round 0 forward · normal: found 2288 cells
[final]   456.74s    wire 151 · round 0 forward · normal: found 2276 cells
[final]   456.91s    wire 152 · round 0 forward · normal: found 2192 cells
[final]   456.94s    wire 153 · round 0 forward · normal: found 546 cells
[final]   457.08s    wire 154 · round 0 forward · normal: found 2029 cells
[final]   457.20s    wire 155 · round 0 forward · normal: found 2044 cells
[final]   457.30s    wire 156 · round 0 forward · normal: found 2040 cells
[final]   457.45s    wire 157 · round 0 forward · normal: found 1952 cells
[final]   457.49s    wire 158 · round 0 forward · normal: found 503 cells
[final]   457.77s    wire f53 · round 0 forward · normal: no way, relaxing · in the way: the neighbours, the feedlines, the crossing rule, the coupler bodies
[final]   457.78s        lane f53 · last feedline: before <- -2, own way reversed; before 1952, after 1814, own 1431 cells
[final]   457.84s    wire f53 · relax 1: let go of 159, fence 160, 158, f54, 157, 161, 156 · found 1450 cells
[final]   458.30s    wire 159 · round 0 forward · normal: no way, relaxing · in the way: the neighbours
[final]   458.31s        lane 159 · before is a feedline, this conventional: reversed, += -2; before 1953, after 1824, own 1814 cells
[final]   458.44s    wire 159 · relax 1: let go of 160, fence f54, f53, 161, 158, 162, 157 · found 1786 cells
[final]   459.17s    wire 160 · round 0 forward · normal: no way, relaxing · in the way: the neighbours
[final]   459.18s        lane 160 · after is a feedline, this conventional: after += +2; before 1786, after 1910, own 1824 cells
[final]   459.31s    wire 160 · relax 1: let go of f54, fence 161, 159, 162, f53, 163, 158 · no way
[final]   459.32s        lane 160 · after is a feedline, this conventional: after += +2; before 1786, after 1910, own 1824 cells
[final]   459.45s    wire 160 · relax 2: let go of 161, fence 162, 159, 163, f53, 164, 158 · no way
[final]   459.46s        lane 160 · after is a feedline, this conventional: after += +2; before 1786, after 1910, own 1824 cells
[final]   459.65s    wire 160 · relax 3: let go of 162, fence 163, 159, 164, f53, 165, 158 · no way
[final]   459.65s        lane 160 · after is a feedline, this conventional: after += +2; before 1786, after 1910, own 1824 cells
[final]   459.88s    wire 160 · relax 4: let go of 163, fence 164, 159, 165, f53, 166, 158 · no way
[final]   459.89s        lane 160 · after is a feedline, this conventional: after += +2; before 1786, after 1910, own 1824 cells
[final]   460.12s    wire 160 · relax 5: let go of 164, fence 165, 159, 166, f53, 167, 158 · no way
[final]   460.13s        lane 160 · after is a feedline, this conventional: after += +2; before 1786, after 1910, own 1824 cells
[final]   460.35s    wire 160 · relax 6: let go of 165, fence 166, 159, 167, f53, 168, 158 · no way
[final]   460.36s        lane 160 · after is a feedline, this conventional: after += +2; before 1786, after 1910, own 1824 cells
[final]   460.59s    wire 160 · relax 7: let go of 166, fence 167, 159, 168, f53, 169, 158 · no way
[final]   460.60s        lane 160 · after is a feedline, this conventional: after += +2; before 1786, after 1910, own 1824 cells
[final]   460.82s    wire 160 · relax 8: let go of 167, fence 168, 159, 169, f53, 170, 158 · no way
[final]   460.82s    wire 160 · round 0 forward: no way after 8 relaxations; f54, 161, 162, 163, 164, 165, 166, 167 back as they were
[final]   461.08s    wire f54 · round 0 forward · normal: no way, relaxing · in the way: the neighbours
[final]   461.09s        lane f54 · first feedline: after <- +2; before 1824, after 1844, own 1373 cells
[final]   461.11s    wire f54 · relax 1: let go of 161, fence 162, 160, 163, 159, 164, f53 · no way
[final]   461.12s        lane f54 · first feedline: after <- +2; before 1824, after 1844, own 1373 cells
[final]   461.14s    wire f54 · relax 2: let go of 162, fence 163, 160, 164, 159, 165, f53 · no way
[final]   461.15s        lane f54 · first feedline: after <- +2; before 1824, after 1844, own 1373 cells
[final]   461.17s    wire f54 · relax 3: let go of 163, fence 164, 160, 165, 159, 166, f53 · no way
[final]   461.18s        lane f54 · first feedline: after <- +2; before 1824, after 1844, own 1373 cells
[final]   461.20s    wire f54 · relax 4: let go of 164, fence 165, 160, 166, 159, 167, f53 · no way
[final]   461.21s        lane f54 · first feedline: after <- +2; before 1824, after 1844, own 1373 cells
[final]   461.24s    wire f54 · relax 5: let go of 165, fence 166, 160, 167, 159, 168, f53 · no way
[final]   461.24s        lane f54 · first feedline: after <- +2; before 1824, after 1844, own 1373 cells
[final]   461.27s    wire f54 · relax 6: let go of 166, fence 167, 160, 168, 159, 169, f53 · no way
[final]   461.28s        lane f54 · first feedline: after <- +2; before 1824, after 1844, own 1373 cells
[final]   461.30s    wire f54 · relax 7: let go of 167, fence 168, 160, 169, 159, 170, f53 · no way
[final]   461.31s        lane f54 · first feedline: after <- +2; before 1824, after 1844, own 1373 cells
[final]   461.33s    wire f54 · relax 8: let go of 168, fence 169, 160, 170, 159, 171, f53 · no way
[final]   461.33s    wire f54 · round 0 forward: no way after 8 relaxations; 161, 162, 163, 164, 165, 166, 167, 168 back as they were
[final]   461.35s    wire 161 · round 0 forward · normal: found 516 cells
[final]   462.02s    wire 162 · round 0 forward · normal: no way, relaxing · in the way: the neighbours, the feedlines
[final]   462.03s        lane 162 · before is a resonator: -2 prepended cut; before 1889, after 1659, own 1844 cells
[final]   462.19s    wire 162 · relax 1: let go of 163, fence 164, 161, 165, f54, 166, 160 · no way
[final]   462.20s        lane 162 · before is a resonator: -2 prepended cut; before 1889, after 1659, own 1844 cells
[final]   462.36s    wire 162 · relax 2: let go of 164, fence 165, 161, 166, f54, 167, 160 · no way
[final]   462.37s        lane 162 · before is a resonator: -2 prepended cut; before 1889, after 1659, own 1844 cells
[final]   462.59s    wire 162 · relax 3: let go of 165, fence 166, 161, 167, f54, 168, 160 · no way
[final]   462.60s        lane 162 · before is a resonator: -2 prepended cut; before 1889, after 1659, own 1844 cells
[final]   462.82s    wire 162 · relax 4: let go of 166, fence 167, 161, 168, f54, 169, 160 · no way
[final]   462.82s        lane 162 · before is a resonator: -2 prepended cut; before 1889, after 1659, own 1844 cells
[final]   463.05s    wire 162 · relax 5: let go of 167, fence 168, 161, 169, f54, 170, 160 · no way
[final]   463.06s        lane 162 · before is a resonator: -2 prepended cut; before 1889, after 1659, own 1844 cells
[final]   463.28s    wire 162 · relax 6: let go of 168, fence 169, 161, 170, f54, 171, 160 · no way
[final]   463.29s        lane 162 · before is a resonator: -2 prepended cut; before 1889, after 1659, own 1844 cells
[final]   463.51s    wire 162 · relax 7: let go of 169, fence 170, 161, 171, f54, 172, 160 · no way
[final]   463.52s        lane 162 · before is a resonator: -2 prepended cut; before 1889, after 1659, own 1844 cells
[final]   463.74s    wire 162 · relax 8: let go of 170, fence 171, 161, 172, f54, 173, 160 · no way
[final]   463.74s    wire 162 · round 0 forward: no way after 8 relaxations; 163, 164, 165, 166, 167, 168, 169, 170 back as they were
[final]   464.71s    wire 163 · round 0 forward · normal: no way, relaxing · in the way: the neighbours, the crossing rule
[final]   464.72s        lane 163 · after is a resonator: +2 prepended cut; before 1844, after 1640, own 1659 cells
[final]   464.82s    wire 163 · relax 1: let go of 164, fence 165, 162, 166, 161, 167, f54 · no way
[final]   464.83s        lane 163 · after is a resonator: +2 prepended cut; before 1844, after 1640, own 1659 cells
[final]   465.05s    wire 163 · relax 2: let go of 165, fence 166, 162, 167, 161, 168, f54 · no way
[final]   465.06s        lane 163 · after is a resonator: +2 prepended cut; before 1844, after 1640, own 1659 cells
[final]   465.26s    wire 163 · relax 3: let go of 166, fence 167, 162, 168, 161, 169, f54 · no way
[final]   465.27s        lane 163 · after is a resonator: +2 prepended cut; before 1844, after 1640, own 1659 cells
[final]   465.48s    wire 163 · relax 4: let go of 167, fence 168, 162, 169, 161, 170, f54 · no way
[final]   465.49s        lane 163 · after is a resonator: +2 prepended cut; before 1844, after 1640, own 1659 cells
[final]   465.73s    wire 163 · relax 5: let go of 168, fence 169, 162, 170, 161, 171, f54 · no way
[final]   465.74s        lane 163 · after is a resonator: +2 prepended cut; before 1844, after 1640, own 1659 cells
[final]   465.97s    wire 163 · relax 6: let go of 169, fence 170, 162, 171, 161, 172, f54 · no way
[final]   465.98s        lane 163 · after is a resonator: +2 prepended cut; before 1844, after 1640, own 1659 cells
[final]   466.22s    wire 163 · relax 7: let go of 170, fence 171, 162, 172, 161, 173, f54 · no way
[final]   466.23s        lane 163 · after is a resonator: +2 prepended cut; before 1844, after 1640, own 1659 cells
[final]   466.44s    wire 163 · relax 8: let go of 171, fence 172, 162, 173, 161, 174, f54 · no way
[final]   466.44s    wire 163 · round 0 forward: no way after 8 relaxations; 164, 165, 166, 167, 168, 169, 170, 171 back as they were
[final]   466.47s    wire 164 · round 0 forward · normal: found 517 cells
[final]   466.63s    wire 165 · round 0 forward · normal: found 1556 cells
[final]   466.66s    wire 166 · round 0 forward · normal: found 512 cells
[final]   466.81s    wire 167 · round 0 forward · normal: found 1543 cells
[final]   466.85s    wire 168 · round 0 forward · normal: found 459 cells
[final]   466.96s    wire 169 · round 0 forward · normal: found 1327 cells
[final]   467.15s    wire 170 · round 0 forward · normal: found 1304 cells
[final]   467.19s    wire 171 · round 0 forward · normal: found 457 cells
[final]   467.49s    wire 172 · round 0 forward · normal: found 1427 cells
[final]   467.61s    wire 173 · round 0 forward · normal: found 1384 cells
[final]   467.76s    wire 174 · round 0 forward · normal: found 1339 cells
[final]   467.80s    wire 175 · round 0 forward · normal: found 452 cells
[final]   467.97s    wire f60 · round 0 forward · normal: no way, relaxing · in the way: the neighbours
[final]   467.97s        lane f60 · last feedline: before <- -2, own way reversed; before 1339, after 1547, own 977 cells
[final]   468.00s    wire f60 · relax 1: let go of 176, fence 177, 175, 178, 174, 179, 173 · no way
[final]   468.01s        lane f60 · last feedline: before <- -2, own way reversed; before 1339, after 1547, own 977 cells
[final]   468.04s    wire f60 · relax 2: let go of 177, fence 178, 175, 179, 174, f61, 173 · no way
[final]   468.04s        lane f60 · last feedline: before <- -2, own way reversed; before 1339, after 1547, own 977 cells
[final]   468.07s    wire f60 · relax 3: let go of 178, fence 179, 175, f61, 174, 180, 173 · no way
[final]   468.08s        lane f60 · last feedline: before <- -2, own way reversed; before 1339, after 1547, own 977 cells
[final]   468.11s    wire f60 · relax 4: let go of 179, fence f61, 175, 180, 174, 181, 173 · no way
[final]   468.12s        lane f60 · last feedline: before <- -2, own way reversed; before 1339, after 1547, own 977 cells
[final]   468.15s    wire f60 · relax 5: let go of f61, fence 180, 175, 181, 174, 182, 173 · no way
[final]   468.15s        lane f60 · last feedline: before <- -2, own way reversed; before 1339, after 1547, own 977 cells
[final]   468.18s    wire f60 · relax 6: let go of 180, fence 181, 175, 182, 174, 183, 173 · no way
[final]   468.19s        lane f60 · last feedline: before <- -2, own way reversed; before 1339, after 1547, own 977 cells
[final]   468.22s    wire f60 · relax 7: let go of 181, fence 182, 175, 183, 174, 184, 173 · no way
[final]   468.22s        lane f60 · last feedline: before <- -2, own way reversed; before 1339, after 1547, own 977 cells
[final]   468.26s    wire f60 · relax 8: let go of 182, fence 183, 175, 184, 174, 185, 173 · no way
[final]   468.26s    wire f60 · round 0 forward: no way after 8 relaxations; 176, 177, 178, 179, f61, 180, 181, 182 back as they were
[final]   468.75s    wire 176 · round 0 forward · normal: no way, relaxing · in the way: several together
[final]   468.76s        lane 176 · before is a feedline, this conventional: reversed, += -2; before 1429, after 1580, own 1547 cells
[final]   468.81s    wire 176 · relax 1: let go of 177, fence 178, f60, 179, 175, f61, 174 · no way
[final]   468.82s        lane 176 · before is a feedline, this conventional: reversed, += -2; before 1429, after 1580, own 1547 cells
[final]   468.90s    wire 176 · relax 2: let go of 178, fence 179, f60, f61, 175, 180, 174 · no way
[final]   468.91s        lane 176 · before is a feedline, this conventional: reversed, += -2; before 1429, after 1580, own 1547 cells
[final]   469.00s    wire 176 · relax 3: let go of 179, fence f61, f60, 180, 175, 181, 174 · no way
[final]   469.01s        lane 176 · before is a feedline, this conventional: reversed, += -2; before 1429, after 1580, own 1547 cells
[final]   469.16s    wire 176 · relax 4: let go of f61, fence 180, f60, 181, 175, 182, 174 · found 1589 cells
[final]   469.62s    wire 177 · round 0 forward · normal: no way, relaxing · in the way: several together
[final]   469.70s    wire 177 · relax 1: let go of 178, fence 179, 176, f61, f60, 180, 175 · no way
[final]   469.79s    wire 177 · relax 2: let go of 179, fence f61, 176, 180, f60, 181, 175 · no way
[final]   469.91s    wire 177 · relax 3: let go of f61, fence 180, 176, 181, f60, 182, 175 · no way
[final]   470.03s    wire 177 · relax 4: let go of 180, fence 181, 176, 182, f60, 183, 175 · no way
[final]   470.20s    wire 177 · relax 5: let go of 181, fence 182, 176, 183, f60, 184, 175 · found 1623 cells
[final]   470.68s    wire 178 · round 0 forward · normal: no way, relaxing · in the way: several together
[final]   470.75s    wire 178 · relax 1: let go of 179, fence f61, 177, 180, 176, 181, f60 · no way
[final]   470.86s    wire 178 · relax 2: let go of f61, fence 180, 177, 181, 176, 182, f60 · no way
[final]   470.98s    wire 178 · relax 3: let go of 180, fence 181, 177, 182, 176, 183, f60 · no way
[final]   471.13s    wire 178 · relax 4: let go of 181, fence 182, 177, 183, 176, 184, f60 · found 1627 cells
[final]   471.62s    wire 179 · round 0 forward · normal: no way, relaxing · in the way: several together
[final]   471.63s        lane 179 · after is a feedline, this conventional: after += +2; before 1627, after 1722, own 1655 cells
[final]   471.70s    wire 179 · relax 1: let go of f61, fence 180, 178, 181, 177, 182, 176 · no way
[final]   471.71s        lane 179 · after is a feedline, this conventional: after += +2; before 1627, after 1722, own 1655 cells
[final]   471.79s    wire 179 · relax 2: let go of 180, fence 181, 178, 182, 177, 183, 176 · no way
[final]   471.80s        lane 179 · after is a feedline, this conventional: after += +2; before 1627, after 1722, own 1655 cells
[final]   471.90s    wire 179 · relax 3: let go of 181, fence 182, 178, 183, 177, 184, 176 · no way
[final]   471.91s        lane 179 · after is a feedline, this conventional: after += +2; before 1627, after 1722, own 1655 cells
[final]   472.07s    wire 179 · relax 4: let go of 182, fence 183, 178, 184, 177, 185, 176 · found 1691 cells
[final]   472.28s    wire f61 · round 0 forward · normal: no way, relaxing · in the way: the neighbours, the feedlines, the crossing rule, the coupler bodies
[final]   472.29s        lane f61 · first feedline: after <- +2; before 1691, after 1790, own 1183 cells
[final]   472.31s    wire f61 · relax 1: let go of 180, fence 181, 179, 182, 178, 183, 177 · no way
[final]   472.32s        lane f61 · first feedline: after <- +2; before 1691, after 1790, own 1183 cells
[final]   472.34s    wire f61 · relax 2: let go of 181, fence 182, 179, 183, 178, 184, 177 · no way
[final]   472.35s        lane f61 · first feedline: after <- +2; before 1691, after 1790, own 1183 cells
[final]   472.37s    wire f61 · relax 3: let go of 182, fence 183, 179, 184, 178, 185, 177 · no way
[final]   472.38s        lane f61 · first feedline: after <- +2; before 1691, after 1790, own 1183 cells
[final]   472.48s    wire f61 · relax 4: let go of 183, fence 184, 179, 185, 178, 186, 177 · found 1308 cells
[final]   472.51s    wire 180 · round 0 forward · normal: found 517 cells
[final]   473.19s    wire 181 · round 0 forward · normal: no way, relaxing · in the way: the neighbours
[final]   473.20s        lane 181 · before is a resonator: -2 prepended cut; before 1825, after 1818, own 1790 cells
[final]   473.27s    wire 181 · relax 1: let go of 182, fence 183, 180, 184, f61, 185, 179 · no way
[final]   473.28s        lane 181 · before is a resonator: -2 prepended cut; before 1825, after 1818, own 1790 cells
[final]   473.46s    wire 181 · relax 2: let go of 183, fence 184, 180, 185, f61, 186, 179 · found 1796 cells
[final]   473.84s    wire 182 · round 0 forward · normal: no way, relaxing · in the way: the neighbours
[final]   473.99s    wire 182 · relax 1: let go of 183, fence 184, 181, 185, 180, 186, f61 · found 1852 cells
[final]   474.07s    wire 183 · round 0 forward · normal: found 1804 cells
[final]   474.22s    wire 184 · round 0 forward · normal: no way, relaxing · in the way: the neighbours, the feedlines
[final]   474.22s        lane 184 · resonator between two plain wires: both cut to its own span, 3696 -> 983 cells; before 477, after 506, own 535 cells
[final]   474.25s    wire 184 · relax 1: let go of 185, fence 186, 183, 187, 182, 188, 181 · no way
[final]   474.25s        lane 184 · resonator between two plain wires: both cut to its own span, 3696 -> 983 cells; before 477, after 506, own 535 cells
[final]   474.27s    wire 184 · relax 2: let go of 186, fence 187, 183, 188, 182, 189, 181 · no way
[final]   474.28s        lane 184 · resonator between two plain wires: both cut to its own span, 3696 -> 983 cells; before 477, after 506, own 535 cells
[final]   474.30s    wire 184 · relax 3: let go of 187, fence 188, 183, 189, 182, 190, 181 · no way
[final]   474.31s        lane 184 · resonator between two plain wires: both cut to its own span, 3696 -> 983 cells; before 477, after 506, own 535 cells
[final]   474.33s    wire 184 · relax 4: let go of 188, fence 189, 183, 190, 182, 191, 181 · no way
[final]   474.33s        lane 184 · resonator between two plain wires: both cut to its own span, 3696 -> 983 cells; before 477, after 506, own 535 cells
[final]   474.36s    wire 184 · relax 5: let go of 189, fence 190, 183, 191, 182, 192, 181 · no way
[final]   474.36s        lane 184 · resonator between two plain wires: both cut to its own span, 3696 -> 983 cells; before 477, after 506, own 535 cells
[final]   474.39s    wire 184 · relax 6: let go of 190, fence 191, 183, 192, 182, 193, 181 · no way
[final]   474.39s        lane 184 · resonator between two plain wires: both cut to its own span, 3696 -> 983 cells; before 477, after 506, own 535 cells
[final]   474.41s    wire 184 · relax 7: let go of 191, fence 192, 183, 193, 182, 194, 181 · no way
[final]   474.42s        lane 184 · resonator between two plain wires: both cut to its own span, 3696 -> 983 cells; before 477, after 506, own 535 cells
[final]   474.44s    wire 184 · relax 8: let go of 192, fence 193, 183, 194, 182, 195, 181 · no way
[final]   474.44s    wire 184 · round 0 forward: no way after 8 relaxations; 185, 186, 187, 188, 189, 190, 191, 192 back as they were
[final]   474.53s    wire 185 · round 0 forward · normal: found 1867 cells
[final]   474.66s    wire 186 · round 0 forward · normal: found 2024 cells
[final]   474.69s    wire 187 · round 0 forward · normal: found 532 cells
[final]   474.85s    wire 188 · round 0 forward · normal: found 2044 cells
[final]   474.89s    wire 189 · round 0 forward · normal: found 566 cells
[final]   475.04s    wire 190 · round 0 forward · normal: found 2196 cells
[final]   476.74s    wire 191 · round 0 forward · normal: no way, relaxing · in the way: the neighbours, the crossing rule
[final]   476.75s        lane 191 · after is a resonator: +2 prepended cut; before 2196, after 2354, own 2288 cells
[final]   476.93s    wire 191 · relax 1: let go of 192, fence 193, 190, 194, 189, 195, 188 · no way
[final]   476.94s        lane 191 · after is a resonator: +2 prepended cut; before 2196, after 2354, own 2288 cells
[final]   477.22s    wire 191 · relax 2: let go of 193, fence 194, 190, 195, 189, f67, 188 · no way
[final]   477.23s        lane 191 · after is a resonator: +2 prepended cut; before 2196, after 2354, own 2288 cells
[final]   477.60s    wire 191 · relax 3: let go of 194, fence 195, 190, f67, 189, 196, 188 · no way
[final]   477.61s        lane 191 · after is a resonator: +2 prepended cut; before 2196, after 2354, own 2288 cells
[final]   477.97s    wire 191 · relax 4: let go of 195, fence f67, 190, 196, 189, 197, 188 · no way
[final]   477.98s        lane 191 · after is a resonator: +2 prepended cut; before 2196, after 2354, own 2288 cells
[final]   478.42s    wire 191 · round 0 forward · relax 5: found 2399 cells that do not cross its bridge f65 — refused as no way
[final]   478.42s    wire 191 · relax 5: let go of f67, fence 196, 190, 197, 189, 198, 188 · no way
[final]   478.43s        lane 191 · after is a resonator: +2 prepended cut; before 2196, after 2354, own 2288 cells
[final]   478.90s    wire 191 · round 0 forward · relax 6: found 2399 cells that do not cross its bridge f65 — refused as no way
[final]   478.90s    wire 191 · relax 6: let go of 196, fence 197, 190, 198, 189, 199, 188 · no way
[final]   478.91s        lane 191 · after is a resonator: +2 prepended cut; before 2196, after 2354, own 2288 cells
[final]   479.38s    wire 191 · round 0 forward · relax 7: found 2399 cells that do not cross its bridge f65 — refused as no way
[final]   479.38s    wire 191 · relax 7: let go of 197, fence 198, 190, 199, 189, 200, 188 · no way
[final]   479.39s        lane 191 · after is a resonator: +2 prepended cut; before 2196, after 2354, own 2288 cells
[final]   479.87s    wire 191 · round 0 forward · relax 8: found 2399 cells that do not cross its bridge f65 — refused as no way
[final]   479.87s    wire 191 · relax 8: let go of 198, fence 199, 190, 200, 189, f68, 188 · no way
[final]   479.87s    wire 191 · round 0 forward: no way after 8 relaxations; 192, 193, 194, 195, f67, 196, 197, 198 back as they were
[final]   479.89s    wire 192 · round 0 forward · normal: found 522 cells
[final]   480.06s    wire 193 · round 0 forward · normal: found 2284 cells
[final]   480.28s    wire 194 · round 0 forward · normal: found 2315 cells
[final]   480.31s    wire 195 · round 0 forward · normal: found 579 cells
[final]   480.34s    wire f67 · round 0 forward · normal: found 1744 cells
[final]   480.49s    wire 196 · round 0 forward · normal: found 2438 cells
[final]   480.63s    wire 197 · round 0 forward · normal: found 2504 cells
[final]   480.72s    wire 198 · round 0 forward · normal: found 2563 cells
[final]   480.79s    wire 199 · round 0 forward · normal: found 2528 cells
[final]   480.89s    wire 200 · round 0 forward · normal: found 2511 cells
[final]   481.34s    wire f68 · round 0 forward · normal: no way, relaxing · in the way: the neighbours, the feedlines, the crossing rule, the coupler bodies
[final]   481.35s        lane f68 · first feedline: after <- +2; before 2511, after 2606, own 1982 cells
[final]   481.37s    wire f68 · relax 1: let go of 201, fence 202, 200, 203, 199, 204, 198 · no way
[final]   481.38s        lane f68 · first feedline: after <- +2; before 2511, after 2606, own 1982 cells
[final]   481.43s    wire f68 · relax 2: let go of 202, fence 203, 200, 204, 199, 205, 198 · found 2002 cells
[final]   481.45s    wire 201 · round 0 forward · normal: found 566 cells
[final]   481.54s    wire 202 · round 0 forward · normal: found 2568 cells
[final]   481.70s    wire 203 · round 0 forward · normal: found 2534 cells
[final]   481.73s    wire 204 · round 0 forward · normal: found 532 cells
[final]   481.75s    wire 205 · round 0 forward · normal: found 528 cells
[final]   481.93s    wire 206 · round 0 forward · normal: found 2455 cells
[final]   481.96s    wire 207 · round 0 forward · normal: found 509 cells
[final]   482.09s    wire 208 · round 0 forward · normal: found 2282 cells
[final]   482.19s    wire 209 · round 0 forward · normal: found 2301 cells
[final]   482.29s    wire 210 · round 0 forward · normal: found 2298 cells
[final]   482.43s    wire 211 · round 0 forward · normal: found 2215 cells
[final]   482.47s    wire 212 · round 0 forward · normal: found 535 cells
[final]   482.52s    wire f73 · round 0 forward · normal: found 1666 cells
[final]   482.61s    wire 213 · round 0 forward · normal: found 2048 cells
[final]   482.69s    wire 214 · round 0 forward · normal: found 2064 cells
[final]   482.76s    wire 215 · round 0 forward · normal: found 2061 cells
[final]   482.83s    wire 216 · round 0 forward · normal: found 1978 cells
[final]   482.92s    wire 217 · round 0 forward · normal: found 1831 cells
[final]   483.43s    wire f74 · round 0 forward · normal: no way, relaxing · in the way: the neighbours, the feedlines, the crossing rule, the coupler bodies
[final]   483.44s        lane f74 · first feedline: after <- +2; before 1831, after 1844, own 1327 cells
[final]   483.46s    wire f74 · relax 1: let go of 218, fence 219, 217, 220, 216, 221, 215 · no way
[final]   483.47s        lane f74 · first feedline: after <- +2; before 1831, after 1844, own 1327 cells
[final]   483.53s    wire f74 · relax 2: let go of 219, fence 220, 217, 221, 216, 222, 215 · found 1345 cells
[final]   483.56s    wire 218 · round 0 forward · normal: found 571 cells
[final]   483.65s    wire 219 · round 0 forward · normal: found 1837 cells
[final]   483.75s    wire 220 · round 0 forward · normal: found 1832 cells
[final]   483.84s    wire 221 · round 0 forward · normal: found 1749 cells
[final]   483.98s    wire 222 · round 0 forward · normal: found 1599 cells
[final]   484.01s    wire 223 · round 0 forward · normal: found 564 cells
[final]   484.22s    wire 224 · round 0 forward · normal: found 1599 cells
[final]   484.25s    wire 225 · round 0 forward · normal: found 517 cells
[final]   484.45s    wire 226 · round 0 forward · normal: found 1516 cells
[final]   484.65s    wire 227 · round 0 forward · normal: found 1366 cells
[final]   484.68s    wire 228 · round 0 forward · normal: found 437 cells
[final]   484.95s    wire 229 · round 0 forward · normal: found 1190 cells
[final]   484.95s  feedline routing round 0 forward : tried 254, routed 239, unrouted 0, open 15, short 0 | Fails: 15
[final]   487.02s    wire 191 · round 1 backward · normal: no way, relaxing · in the way: the neighbours, the crossing rule
[final]   487.04s        lane 191 · after is a resonator: +2 prepended cut; before 2196, after 2330, own 2288 cells
[final]   487.29s    wire 191 · relax 1: let go of 190, fence 189, 192, 188, 193, 187, 194 · found 2294 cells
[final]   489.29s    wire 190 · round 1 backward · normal: no way, relaxing · in the way: the neighbours
[final]   489.31s        lane 190 · before is a resonator: -2 prepended cut; before 2107, after 2294, own 2196 cells
[final]   489.44s    wire 190 · relax 1: let go of 189, fence 188, 191, 187, 192, 186, 193 · found 2199 cells
[final]   489.47s    wire 189 · round 1 backward · normal: found 566 cells
[final]   489.63s    wire 184 · round 1 backward · normal: no way, relaxing · in the way: the neighbours, the feedlines
[final]   489.64s        lane 184 · resonator between two plain wires: both cut to its own span, 3671 -> 961 cells; before 477, after 484, own 535 cells
[final]   489.67s    wire 184 · relax 1: let go of 183, fence 182, 185, 181, 186, 180, 187 · found 543 cells
[final]   491.43s    wire 183 · round 1 backward · normal: no way, relaxing · in the way: the neighbours
[final]   491.44s        lane 183 · after is a resonator: +2 prepended cut; before 1852, after 1867, own 1804 cells
[final]   491.57s    wire 183 · relax 1: let go of 182, fence 181, 184, 180, 185, f61, 186 · no way
[final]   491.59s        lane 183 · after is a resonator: +2 prepended cut; before 1852, after 1867, own 1804 cells
[final]   491.78s    wire 183 · relax 2: let go of 181, fence 180, 184, f61, 185, 179, 186 · no way
[final]   491.80s        lane 183 · after is a resonator: +2 prepended cut; before 1852, after 1867, own 1804 cells
[final]   492.00s    wire 183 · relax 3: let go of 180, fence f61, 184, 179, 185, 178, 186 · no way
[final]   492.01s        lane 183 · after is a resonator: +2 prepended cut; before 1852, after 1867, own 1804 cells
[final]   492.25s    wire 183 · relax 4: let go of f61, fence 179, 184, 178, 185, 177, 186 · no way
[final]   492.27s        lane 183 · after is a resonator: +2 prepended cut; before 1852, after 1867, own 1804 cells
[final]   492.55s    wire 183 · relax 5: let go of 179, fence 178, 184, 177, 185, 176, 186 · no way
[final]   492.56s        lane 183 · after is a resonator: +2 prepended cut; before 1852, after 1867, own 1804 cells
[final]   492.86s    wire 183 · relax 6: let go of 178, fence 177, 184, 176, 185, f60, 186 · no way
[final]   492.88s        lane 183 · after is a resonator: +2 prepended cut; before 1852, after 1867, own 1804 cells
[final]   493.18s    wire 183 · relax 7: let go of 177, fence 176, 184, f60, 185, 175, 186 · no way
[final]   493.20s        lane 183 · after is a resonator: +2 prepended cut; before 1852, after 1867, own 1804 cells
[final]   493.50s    wire 183 · relax 8: let go of 176, fence f60, 184, 175, 185, 174, 186 · no way
[final]   493.50s    wire 183 · round 1 backward: no way after 8 relaxations; 182, 181, 180, f61, 179, 178, 177, 176 back as they were
[final]   493.56s    wire f60 · round 1 backward · normal: found 977 cells
[final]   495.26s    wire 163 · round 1 backward · normal: no way, relaxing · in the way: the neighbours, the crossing rule
[final]   495.28s        lane 163 · after is a resonator: +2 prepended cut; before 1844, after 1651, own 1659 cells
[final]   495.41s    wire 163 · relax 1: let go of 162, fence 161, 164, f54, 165, 160, 166 · no way
[final]   495.43s        lane 163 · after is a resonator: +2 prepended cut; before 1844, after 1651, own 1659 cells
[final]   495.57s    wire 163 · relax 2: let go of 161, fence f54, 164, 160, 165, 159, 166 · no way
[final]   495.59s        lane 163 · after is a resonator: +2 prepended cut; before 1844, after 1651, own 1659 cells
[final]   495.94s    wire 163 · relax 3: let go of f54, fence 160, 164, 159, 165, f53, 166 · found 1636 cells
[final]   497.32s    wire 162 · round 1 backward · normal: no way, relaxing · in the way: the neighbours, the feedlines
[final]   497.33s        lane 162 · before is a resonator: -2 prepended cut; before 1889, after 1636, own 1844 cells
[final]   497.41s    wire 162 · relax 1: let go of 161, fence f54, 163, 160, 164, 159, 165 · no way
[final]   497.43s        lane 162 · before is a resonator: -2 prepended cut; before 1889, after 1636, own 1844 cells
[final]   497.62s    wire 162 · relax 2: let go of f54, fence 160, 163, 159, 164, f53, 165 · found 1808 cells
[final]   497.65s    wire 161 · round 1 backward · normal: found 516 cells
[final]   498.03s    wire f54 · round 1 backward · normal: no way, relaxing · in the way: the neighbours
[final]   498.04s        lane f54 · first feedline: after <- +2; before 1824, after 1808, own 1373 cells
[final]   498.17s    wire f54 · relax 1: let go of 160, fence 159, 161, f53, 162, 158, 163 · no way
[final]   498.18s        lane f54 · first feedline: after <- +2; before 1824, after 1808, own 1373 cells
[final]   498.33s    wire f54 · relax 2: let go of 159, fence f53, 161, 158, 162, 157, 163 · no way
[final]   498.35s        lane f54 · first feedline: after <- +2; before 1824, after 1808, own 1373 cells
[final]   498.50s    wire f54 · relax 3: let go of f53, fence 158, 161, 157, 162, 156, 163 · no way
[final]   498.51s        lane f54 · first feedline: after <- +2; before 1824, after 1808, own 1373 cells
[final]   498.66s    wire f54 · relax 4: let go of 158, fence 157, 161, 156, 162, 155, 163 · no way
[final]   498.68s        lane f54 · first feedline: after <- +2; before 1824, after 1808, own 1373 cells
[final]   498.83s    wire f54 · relax 5: let go of 157, fence 156, 161, 155, 162, 154, 163 · no way
[final]   498.85s        lane f54 · first feedline: after <- +2; before 1824, after 1808, own 1373 cells
[final]   499.00s    wire f54 · relax 6: let go of 156, fence 155, 161, 154, 162, 153, 163 · no way
[final]   499.01s        lane f54 · first feedline: after <- +2; before 1824, after 1808, own 1373 cells
[final]   499.16s    wire f54 · relax 7: let go of 155, fence 154, 161, 153, 162, 152, 163 · no way
[final]   499.18s        lane f54 · first feedline: after <- +2; before 1824, after 1808, own 1373 cells
[final]   499.34s    wire f54 · relax 8: let go of 154, fence 153, 161, 152, 162, 151, 163 · no way
[final]   499.34s    wire f54 · round 1 backward: no way after 8 relaxations; 160, 159, f53, 158, 157, 156, 155, 154 back as they were
[final]   500.03s    wire 160 · round 1 backward · normal: no way, relaxing · in the way: the neighbours
[final]   500.05s        lane 160 · after is a feedline, this conventional: after += +2; before 1786, after 1889, own 1824 cells
[final]   500.30s    wire 160 · relax 1: let go of 159, fence f53, f54, 158, 161, 157, 162 · found 1813 cells
[final]   501.05s    wire 159 · round 1 backward · normal: no way, relaxing · in the way: the neighbours
[final]   501.07s        lane 159 · before is a feedline, this conventional: reversed, += -2; before 1953, after 1813, own 1786 cells
[final]   501.24s    wire 159 · relax 1: let go of f53, fence 158, 160, 157, f54, 156, 161 · found 1787 cells
[final]   501.28s    wire f53 · round 1 backward · normal: found 1435 cells
[final]   502.01s    wire f47 · round 1 backward · normal: no way, relaxing · in the way: the neighbours, the feedlines, the crossing rule, the coupler bodies
[final]   502.03s        lane f47 · first feedline: after <- +2; before 2335, after 2278, own 1785 cells
[final]   502.11s    wire f47 · relax 1: let go of 136, fence 135, 137, 134, 138, 133, 139 · found 1793 cells
[final]   502.58s    wire 136 · round 1 backward · normal: no way, relaxing · in the way: the neighbours
[final]   502.60s        lane 136 · after is a feedline, this conventional: after += +2; before 2344, after 2368, own 2335 cells
[final]   502.69s    wire 136 · relax 1: let go of 135, fence 134, f47, 133, 137, f46, 138 · found 2318 cells
[final]   503.08s    wire 135 · round 1 backward · normal: no way, relaxing · in the way: the neighbours
[final]   503.19s    wire 135 · relax 1: let go of 134, fence 133, 136, f46, f47, 132, 137 · found 2323 cells
[final]   503.59s    wire 134 · round 1 backward · normal: no way, relaxing · in the way: the neighbours
[final]   503.70s    wire 134 · relax 1: let go of 133, fence f46, 135, 132, 136, 131, f47 · found 2219 cells
[final]   504.05s    wire 133 · round 1 backward · normal: no way, relaxing · in the way: the neighbours
[final]   504.07s        lane 133 · before is a feedline, this conventional: reversed, += -2; before 2269, after 2219, own 2066 cells
[final]   504.39s    wire 133 · relax 1: let go of f46, fence 132, 134, 131, 135, 130, 136 · found 2086 cells
[final]   504.50s    wire f46 · round 1 backward · normal: found 1641 cells
[final]   505.80s    wire 105 · round 1 backward · normal: no way, relaxing · in the way: the neighbours
[final]   505.82s        lane 105 · after is a resonator: +2 prepended cut; before 1513, after 1473, own 1526 cells
[final]   505.93s    wire 105 · relax 1: let go of 104, fence 103, 106, 102, 107, 101, 108 · found 1449 cells
[final]   506.39s    wire 104 · round 1 backward · normal: no way, relaxing · in the way: the neighbours
[final]   506.50s    wire 104 · relax 1: let go of 103, fence 102, 105, 101, 106, 100, 107 · found 1529 cells
[final]   507.01s    wire 103 · round 1 backward · normal: no way, relaxing · in the way: the neighbours
[final]   507.13s    wire 103 · relax 1: let go of 102, fence 101, 104, 100, 105, 99, 106 · found 1521 cells
[final]   507.21s    wire 102 · round 1 backward · normal: found 1509 cells
[final]   508.53s    wire 95 · round 1 backward · normal: no way, relaxing · in the way: several together
[final]   508.55s        lane 95 · after is a feedline, this conventional: after += +2; before is a feedline, this conventional: reversed, += -2; before 2025, after 1918, own 1989 cells
[final]   508.69s    wire 95 · relax 1: let go of f32, fence 94, f33, 93, 96, 92, 97 · found 1973 cells
[final]   509.26s    wire f32 · round 1 backward · normal: no way, relaxing · in the way: the neighbours, the feedlines, the crossing rule, the coupler bodies
[final]   509.28s        lane f32 · last feedline: before <- -2, own way reversed; before 2012, after 1973, own 1535 cells
[final]   509.31s    wire f32 · relax 1: let go of 94, fence 93, 95, 92, f33, 91, 96 · no way
[final]   509.32s        lane f32 · last feedline: before <- -2, own way reversed; before 2012, after 1973, own 1535 cells
[final]   509.41s    wire f32 · relax 2: let go of 93, fence 92, 95, 91, f33, 90, 96 · found 1556 cells
[final]   509.44s    wire 94 · round 1 backward · normal: found 490 cells
[final]   509.57s    wire 93 · round 1 backward · normal: found 1977 cells
[final]   509.64s    wire f25 · round 1 backward · normal: found 963 cells
[final]   510.79s    wire f6 · round 1 backward · normal: no way, relaxing · in the way: the neighbours
[final]   510.80s        lane f6 · first feedline: after <- +2; before 1915, after 1973, own 1509 cells
[final]   510.91s    wire f6 · relax 1: let go of 20, fence 19, 21, f5, 22, 18, 23 · found 1522 cells
[final]   511.46s    wire 20 · round 1 backward · normal: no way, relaxing · in the way: the neighbours
[final]   511.48s        lane 20 · after is a feedline, this conventional: after += +2; before 1772, after 2059, own 1915 cells
[final]   511.64s    wire 20 · relax 1: let go of 19, fence f5, f6, 18, 21, 17, 22 · found 1938 cells
[final]   512.09s    wire 19 · round 1 backward · normal: no way, relaxing · in the way: the neighbours
[final]   512.11s        lane 19 · before is a feedline, this conventional: reversed, += -2; before 1793, after 1938, own 1772 cells
[final]   512.29s    wire 19 · relax 1: let go of f5, fence 18, 20, 17, f6, 16, 21 · no way
[final]   512.31s        lane 19 · before is a feedline, this conventional: reversed, += -2; before 1793, after 1938, own 1772 cells
[final]   512.48s    wire 19 · relax 2: let go of 18, fence 17, 20, 16, f6, 15, 21 · found 1748 cells
[final]   512.52s    wire f5 · round 1 backward · normal: found 1202 cells
[final]   512.55s    wire 18 · round 1 backward · normal: found 571 cells
[final]   514.03s    wire 15 · round 1 backward · normal: no way, relaxing · in the way: the neighbours, the crossing rule
[final]   514.05s        lane 15 · after is a resonator: +2 prepended cut; before 1534, after 1798, own 1686 cells
[final]   514.23s    wire 15 · relax 1: let go of 14, fence 13, 16, 12, 17, 11, 18 · found 1693 cells
[final]   514.33s    wire 14 · round 1 backward · normal: found 1555 cells
[final]   514.33s  feedline routing round 1 backward: tried 35, routed 33, unrouted 0, open 2, short 0 | Fails: 2
[final]   515.12s    wire f54 · round 2 forward · normal: no way, relaxing · in the way: the neighbours, the feedlines, the crossing rule, the coupler bodies
[final]   515.14s        lane f54 · first feedline: after <- +2; before 1813, after 1808, own 1373 cells
[final]   515.17s    wire f54 · relax 1: let go of 161, fence 162, 160, 163, 159, 164, f53 · no way
[final]   515.19s        lane f54 · first feedline: after <- +2; before 1813, after 1808, own 1373 cells
[final]   515.30s    wire f54 · relax 2: let go of 162, fence 163, 160, 164, 159, 165, f53 · found 1416 cells
[final]   515.33s    wire 161 · round 2 forward · normal: found 512 cells
[final]   517.09s    wire 162 · round 2 forward · normal: no way, relaxing · in the way: the neighbours, the feedlines
[final]   517.12s        lane 162 · before is a resonator: -2 prepended cut; before 1928, after 1636, own 1808 cells
[final]   517.29s    wire 162 · relax 1: let go of 163, fence 164, 161, 165, f54, 166, 160 · found 1815 cells
[final]   519.79s    wire 163 · round 2 forward · normal: no way, relaxing · in the way: the neighbours
[final]   519.81s        lane 163 · after is a resonator: +2 prepended cut; before 1815, after 1651, own 1636 cells
[final]   519.89s    wire 163 · relax 1: let go of 164, fence 165, 162, 166, 161, 167, f54 · no way
[final]   519.92s        lane 163 · after is a resonator: +2 prepended cut; before 1815, after 1651, own 1636 cells
[final]   520.09s    wire 163 · relax 2: let go of 165, fence 166, 162, 167, 161, 168, f54 · no way
[final]   520.11s        lane 163 · after is a resonator: +2 prepended cut; before 1815, after 1651, own 1636 cells
[final]   520.27s    wire 163 · relax 3: let go of 166, fence 167, 162, 168, 161, 169, f54 · no way
[final]   520.30s        lane 163 · after is a resonator: +2 prepended cut; before 1815, after 1651, own 1636 cells
[final]   520.53s    wire 163 · relax 4: let go of 167, fence 168, 162, 169, 161, 170, f54 · no way
[final]   520.55s        lane 163 · after is a resonator: +2 prepended cut; before 1815, after 1651, own 1636 cells
[final]   520.78s    wire 163 · relax 5: let go of 168, fence 169, 162, 170, 161, 171, f54 · no way
[final]   520.81s        lane 163 · after is a resonator: +2 prepended cut; before 1815, after 1651, own 1636 cells
[final]   521.10s    wire 163 · relax 6: let go of 169, fence 170, 162, 171, 161, 172, f54 · no way
[final]   521.13s        lane 163 · after is a resonator: +2 prepended cut; before 1815, after 1651, own 1636 cells
[final]   521.64s    wire 163 · relax 7: let go of 170, fence 171, 162, 172, 161, 173, f54 · no way
[final]   521.67s        lane 163 · after is a resonator: +2 prepended cut; before 1815, after 1651, own 1636 cells
[final]   522.19s    wire 163 · relax 8: let go of 171, fence 172, 162, 173, 161, 174, f54 · no way
[final]   522.19s    wire 163 · round 2 forward: no way after 8 relaxations; 164, 165, 166, 167, 168, 169, 170, 171 back as they were
[final]   524.64s    wire 183 · round 2 forward · normal: no way, relaxing · in the way: the neighbours
[final]   524.67s        lane 183 · after is a resonator: +2 prepended cut; before 1852, after 1867, own 1804 cells
[final]   524.74s    wire 183 · relax 1: let go of 184, fence 185, 182, 186, 181, 187, 180 · found 1804 cells
[final]   524.96s    wire 184 · round 2 forward · normal: no way, relaxing · in the way: the neighbours, the feedlines
[final]   524.98s        lane 184 · resonator between two plain wires: both cut to its own span, 3671 -> 961 cells; before 477, after 484, own 543 cells
[final]   525.01s    wire 184 · relax 1: let go of 185, fence 186, 183, 187, 182, 188, 181 · no way
[final]   525.02s        lane 184 · resonator between two plain wires: both cut to its own span, 3671 -> 961 cells; before 477, after 484, own 543 cells
[final]   525.13s    wire 184 · relax 2: let go of 186, fence 187, 183, 188, 182, 189, 181 · no way
[final]   525.14s        lane 184 · resonator between two plain wires: both cut to its own span, 3671 -> 961 cells; before 477, after 484, own 543 cells
[final]   525.25s    wire 184 · relax 3: let go of 187, fence 188, 183, 189, 182, 190, 181 · no way
[final]   525.27s        lane 184 · resonator between two plain wires: both cut to its own span, 3671 -> 961 cells; before 477, after 484, own 543 cells
[final]   525.46s    wire 184 · relax 4: let go of 188, fence 189, 183, 190, 182, 191, 181 · no way
[final]   525.48s        lane 184 · resonator between two plain wires: both cut to its own span, 3671 -> 961 cells; before 477, after 484, own 543 cells
[final]   525.67s    wire 184 · relax 5: let go of 189, fence 190, 183, 191, 182, 192, 181 · no way
[final]   525.69s        lane 184 · resonator between two plain wires: both cut to its own span, 3671 -> 961 cells; before 477, after 484, own 543 cells
[final]   525.98s    wire 184 · relax 6: let go of 190, fence 191, 183, 192, 182, 193, 181 · no way
[final]   525.99s        lane 184 · resonator between two plain wires: both cut to its own span, 3671 -> 961 cells; before 477, after 484, own 543 cells
[final]   526.42s    wire 184 · relax 7: let go of 191, fence 192, 183, 193, 182, 194, 181 · no way
[final]   526.44s        lane 184 · resonator between two plain wires: both cut to its own span, 3671 -> 961 cells; before 477, after 484, own 543 cells
[final]   526.89s    wire 184 · relax 8: let go of 192, fence 193, 183, 194, 182, 195, 181 · no way
[final]   526.89s    wire 184 · round 2 forward: no way after 8 relaxations; 185, 186, 187, 188, 189, 190, 191, 192 back as they were
[final]   526.89s  feedline routing round 2 forward : tried 6, routed 4, unrouted 0, open 2, short 0 | Fails: 2
[final]   527.15s    wire 184 · round 3 backward · normal: no way, relaxing · in the way: the neighbours, the feedlines
[final]   527.18s        lane 184 · resonator between two plain wires: both cut to its own span, 3671 -> 961 cells; before 477, after 484, own 543 cells
[final]   527.20s    wire 184 · relax 1: let go of 183, fence 182, 185, 181, 186, 180, 187 · found 543 cells
[final]   530.27s    wire 183 · round 3 backward · normal: no way, relaxing · in the way: the neighbours
[final]   530.30s        lane 183 · after is a resonator: +2 prepended cut; before 1852, after 1867, own 1804 cells
[final]   530.42s    wire 183 · relax 1: let go of 182, fence 181, 184, 180, 185, f61, 186 · no way
[final]   530.45s        lane 183 · after is a resonator: +2 prepended cut; before 1852, after 1867, own 1804 cells
[final]   530.64s    wire 183 · relax 2: let go of 181, fence 180, 184, f61, 185, 179, 186 · no way
[final]   530.68s        lane 183 · after is a resonator: +2 prepended cut; before 1852, after 1867, own 1804 cells
[final]   530.89s    wire 183 · relax 3: let go of 180, fence f61, 184, 179, 185, 178, 186 · no way
[final]   530.93s        lane 183 · after is a resonator: +2 prepended cut; before 1852, after 1867, own 1804 cells
[final]   531.16s    wire 183 · relax 4: let go of f61, fence 179, 184, 178, 185, 177, 186 · no way
[final]   531.19s        lane 183 · after is a resonator: +2 prepended cut; before 1852, after 1867, own 1804 cells
[final]   531.47s    wire 183 · relax 5: let go of 179, fence 178, 184, 177, 185, 176, 186 · no way
[final]   531.51s        lane 183 · after is a resonator: +2 prepended cut; before 1852, after 1867, own 1804 cells
[final]   531.80s    wire 183 · relax 6: let go of 178, fence 177, 184, 176, 185, f60, 186 · no way
[final]   531.84s        lane 183 · after is a resonator: +2 prepended cut; before 1852, after 1867, own 1804 cells
[final]   532.13s    wire 183 · relax 7: let go of 177, fence 176, 184, f60, 185, 175, 186 · no way
[final]   532.16s        lane 183 · after is a resonator: +2 prepended cut; before 1852, after 1867, own 1804 cells
[final]   532.47s    wire 183 · relax 8: let go of 176, fence f60, 184, 175, 185, 174, 186 · no way
[final]   532.47s    wire 183 · round 3 backward: no way after 8 relaxations; 182, 181, 180, f61, 179, 178, 177, 176 back as they were
[final]   535.95s    wire 163 · round 3 backward · normal: no way, relaxing · in the way: the neighbours
[final]   536.00s        lane 163 · after is a resonator: +2 prepended cut; before 1815, after 1651, own 1636 cells
[final]   536.17s    wire 163 · relax 1: let go of 162, fence 161, 164, f54, 165, 160, 166 · found 1629 cells
[final]   538.20s    wire 162 · round 3 backward · normal: no way, relaxing · in the way: the neighbours, the feedlines
[final]   538.24s        lane 162 · before is a resonator: -2 prepended cut; before 1928, after 1629, own 1815 cells
[final]   538.32s    wire 162 · relax 1: let go of 161, fence f54, 163, 160, 164, 159, 165 · no way
[final]   538.37s        lane 162 · before is a resonator: -2 prepended cut; before 1928, after 1629, own 1815 cells
[final]   538.53s    wire 162 · relax 2: let go of f54, fence 160, 163, 159, 164, f53, 165 · found 1837 cells
[final]   538.58s    wire 161 · round 3 backward · normal: found 512 cells
[final]   539.50s    wire f54 · round 3 backward · normal: no way, relaxing · in the way: the neighbours, the feedlines, the crossing rule, the coupler bodies
[final]   539.53s        lane f54 · first feedline: after <- +2; before 1813, after 1837, own 1416 cells
[final]   539.64s    wire f54 · relax 1: let go of 160, fence 159, 161, f53, 162, 158, 163 · found 1409 cells
[final]   540.28s    wire 160 · round 3 backward · normal: no way, relaxing · in the way: the neighbours
[final]   540.32s        lane 160 · after is a feedline, this conventional: after += +2; before 1787, after 1921, own 1813 cells
[final]   540.50s    wire 160 · relax 1: let go of 159, fence f53, f54, 158, 161, 157, 162 · found 1863 cells
[final]   541.14s    wire 159 · round 3 backward · normal: no way, relaxing · in the way: the neighbours
[final]   541.18s        lane 159 · before is a feedline, this conventional: reversed, += -2; before 1938, after 1863, own 1787 cells
[final]   541.34s    wire 159 · relax 1: let go of f53, fence 158, 160, 157, f54, 156, 161 · found 1786 cells
[final]   541.41s    wire f53 · round 3 backward · normal: found 1439 cells
[final]   541.41s  feedline routing round 3 backward: tried 9, routed 8, unrouted 0, open 1, short 0 | Fails: 1
[final]   544.91s    wire 183 · round 4 forward · normal: no way, relaxing · in the way: the neighbours
[final]   544.95s        lane 183 · after is a resonator: +2 prepended cut; before 1852, after 1867, own 1804 cells
[final]   545.02s    wire 183 · relax 1: let go of 184, fence 185, 182, 186, 181, 187, 180 · found 1804 cells
[final]   545.35s    wire 184 · round 4 forward · normal: no way, relaxing · in the way: the neighbours, the feedlines
[final]   545.38s        lane 184 · resonator between two plain wires: both cut to its own span, 3671 -> 961 cells; before 477, after 484, own 543 cells
[final]   545.46s    wire 184 · relax 1: let go of 185, fence 186, 183, 187, 182, 188, 181 · no way
[final]   545.50s        lane 184 · resonator between two plain wires: both cut to its own span, 3671 -> 961 cells; before 477, after 484, own 543 cells
[final]   545.72s    wire 184 · relax 2: let go of 186, fence 187, 183, 188, 182, 189, 181 · no way
[final]   545.75s        lane 184 · resonator between two plain wires: both cut to its own span, 3671 -> 961 cells; before 477, after 484, own 543 cells
[final]   545.96s    wire 184 · relax 3: let go of 187, fence 188, 183, 189, 182, 190, 181 · no way
[final]   545.99s        lane 184 · resonator between two plain wires: both cut to its own span, 3671 -> 961 cells; before 477, after 484, own 543 cells
[final]   546.34s    wire 184 · relax 4: let go of 188, fence 189, 183, 190, 182, 191, 181 · no way
[final]   546.37s        lane 184 · resonator between two plain wires: both cut to its own span, 3671 -> 961 cells; before 477, after 484, own 543 cells
[final]   546.73s    wire 184 · relax 5: let go of 189, fence 190, 183, 191, 182, 192, 181 · no way
[final]   546.77s        lane 184 · resonator between two plain wires: both cut to its own span, 3671 -> 961 cells; before 477, after 484, own 543 cells
[final]   547.26s    wire 184 · relax 6: let go of 190, fence 191, 183, 192, 182, 193, 181 · no way
[final]   547.29s        lane 184 · resonator between two plain wires: both cut to its own span, 3671 -> 961 cells; before 477, after 484, own 543 cells
[final]   547.96s    wire 184 · relax 7: let go of 191, fence 192, 183, 193, 182, 194, 181 · no way
[final]   548.00s        lane 184 · resonator between two plain wires: both cut to its own span, 3671 -> 961 cells; before 477, after 484, own 543 cells
[final]   548.67s    wire 184 · relax 8: let go of 192, fence 193, 183, 194, 182, 195, 181 · no way
[final]   548.67s    wire 184 · round 4 forward: no way after 8 relaxations; 185, 186, 187, 188, 189, 190, 191, 192 back as they were
[final]   548.67s  feedline routing round 4 forward : tried 2, routed 1, unrouted 0, open 1, short 0 | Fails: 1
[final]   548.70s    15 crosses at (2149,4136), 10 cells from edge f3, which runs coupler 4 (diagonal) -> coupler 5 (axial)
[final]   548.79s    183 is open in the room of 184 at (1471,1943), 1478 from its source and 360 from its target, stub 11
[final]   548.79s    184 is open in the room of 183 at (1463,1961), 106 from its source and 421 from its target, stub 0
[final]   548.79s    191 crosses at (1823,2351), 10 cells from edge f65, which runs coupler 57 (axial) -> coupler 58 (axial)
[final]   548.80s  feedline routing: 254 of 254 drawn, 0 unrouted, 2 open, 31 short, 0 long, 2 crossing a feedline | Fails: 35
[final]   548.80s  feedline routing: unrouted: - · open: 183, 184 · short: 0, 3, 9, 37, 40, 42, 55, 63, 89, 91, 94, 96, 99, 101, 106, 111, 118, 123, 125, 127, 132, 137, 146, 158, 171, 195, 207, 212, 218, 223, 225 · long: - · crossing: 15, 191 · meeting itself: -
[final]   548.80s  feedline routing: 6 ways refused for not crossing the wire's bridge (SCPD_BRIDGE_CHECK)
[final]   548.80s  feedline routing round 0 forward : 211 found a way in phase 1, 28 after relaxation, 15 failed: 15, 20, f6, f25, f32, 95, 105, f47, 160, f54, 162, 163, f60, 184, 191
[final]   548.80s  feedline routing round 1 backward: 12 found a way in phase 1, 21 after relaxation, 2 failed: 183, f54
[final]   548.80s  feedline routing round 2 forward : 1 found a way in phase 1, 3 after relaxation, 2 failed: 163, 184
[final]   548.80s  feedline routing round 3 backward: 2 found a way in phase 1, 6 after relaxation, 1 failed: 183
[final]   548.80s  feedline routing round 4 forward : 0 found a way in phase 1, 1 after relaxation, 1 failed: 184
[final]   548.80s  inner routing under the feedlines: 0 of 11 wires start on the way the Detail stage drew
[final]   548.81s  feedline routing settings: a resonator runs the rule's straight again after its lead no (default), fixed places fenced yes (default), crossing rule on (default), the exit heading tested no (default), a way that misses the wire's bridge refused yes (default), lane polygon priced yes (default), the terminal edges' coupler runs guarded yes (default) by 5 cells more (default)
[final]   548.81s  the ring the feedline pass sweeps: i0 i1 i2 i3 i4 i5 i6 i7 i8 i9 i10
[final]   548.81s  inner routing under the feedlines: 11 wires, up to 4 rounds, 8 relaxations each way
[final]   548.83s    wire i0 · round 0 forward · normal: found 49 cells
[final]   548.85s    wire i1 · round 0 forward · normal: found 48 cells
[final]   548.86s    wire i2 · round 0 forward · normal: found 183 cells
[final]   548.88s    wire i3 · round 0 forward · normal: found 131 cells
[final]   548.91s    wire i4 · round 0 forward · normal: found 140 cells
[final]   548.92s    wire i5 · round 0 forward · normal: found 67 cells
[final]   548.94s    wire i6 · round 0 forward · normal: found 144 cells
[final]   548.96s    wire i7 · round 0 forward · normal: found 50 cells
[final]   548.98s    wire i8 · round 0 forward · normal: found 45 cells
[final]   549.00s    wire i9 · round 0 forward · normal: found 135 cells
[final]   549.02s    wire i10 · round 0 forward · normal: found 158 cells
[final]   549.02s  inner routing under the feedlines round 0 forward : tried 11, routed 11, unrouted 0, open 0, short 0 | Fails: 0
[final]   549.02s  inner routing under the feedlines: 11 of 11 drawn, 0 unrouted, 0 open, 0 short, 0 long, 0 crossing a feedline | Fails: 0
[final]   549.02s  inner routing under the feedlines: 0 ways refused for not crossing the wire's bridge (SCPD_BRIDGE_CHECK)
[final]   549.02s  inner routing under the feedlines round 0 forward : 11 found a way in phase 1, 0 after relaxation, 0 failed
[final]   549.02s  targeted repair settings: re-search yes (default), k 2 (default), grow 1 (default), 20s a segment (default), 2 rounds (default), jogs on (default), sees chains yes (default), final sweep off (default), budget 0 legality tests (repair_trials), crossing rule on (default)
[final]   549.02s    15 crosses at (2149,4136), 10 cells from edge f3, which runs coupler 4 (diagonal) -> coupler 5 (axial)
[final]   549.08s    183 is open in the room of 184 at (1471,1943), 1478 from its source and 360 from its target, stub 11
[final]   549.08s    184 is open in the room of 183 at (1463,1961), 106 from its source and 421 from its target, stub 0
[final]   549.08s    191 crosses at (1823,2351), 10 cells from edge f65, which runs coupler 57 (axial) -> coupler 58 (axial)
[final]   549.11s    targeted repair: fail 183 (open with 184 at (1471,1943)) blames f62 (chain 9 edge 1), f63 (chain 9 edge 2)
[final]   549.11s    targeted repair: fail 184 (open with 183 at (1463,1961)) blames f62 (chain 9 edge 1), f63 (chain 9 edge 2)
[final]   549.11s    targeted repair: fail 15 (crossing at (2149,4136)) blames f3 (chain 0 edge 3)
[final]   549.11s    targeted repair: fail 191 (crossing at (1823,2351)) blames f65 (chain 9 edge 4)
[final]   549.11s    targeted repair: segment chain 9 waypoints 0..6 (6 edges, interior couplers '180' '184' '187' '189' '192') from fails 183 (open with 184 at (1471,1943)), 184 (open with 183 at (1463,1961)), 191 (crossing at (1823,2351))
[final]   549.11s    targeted repair: segment chain 0 waypoints 2..5 (3 edges, interior couplers '13' '16') from fails 15 (crossing at (2149,4136))
[final]   549.11s  targeted repair: 4 fails → 2 segments (chains 9 0), 0 fails with no edge or coupler within reach
[final]   549.11s  targeted repair: the budget of 0 legality tests is spent, 2 segments left unsearched
[final]   549.20s  feedline routing: CHECK feedline crossings — 0 pairs of edges of different chains cross; the check is GREEN
[final]   549.20s  ==> targeted repair: 2 segments built, 0 searched, 0 accepted (0 re-triages); 0 legality tests of 0 (0 refused, 0 the current run), 0 edge searches; unrouted 0 -> 0, open 2 -> 2, crossing 2 -> 2 (bad 4 -> 4), 0.2s
[final]   549.22s  the stage stops after feedlines, as stop_after asks
[final]   549.22s  resonator 0 to Qb1.port0: 5701 units of way + 111 to the port = 5812 units, short of 6000 within 100
[final]   549.22s  resonator 3 to Qb2.port0: 5728 units of way + 101 to the port = 5829 units, short of 6000 within 100
[final]   549.22s  resonator 9 to Qb7.port0: 5786 units of way + 113 to the port = 5899 units, short of 6000 within 100
[final]   549.22s  resonator 11 to Qb12.port0: 5936 units of way + 100 to the port = 6036 units, meets 6000 within 100
[final]   549.22s  resonator 13 to Qb13.port0: 5819 units of way + 109 to the port = 5928 units, meets 6000 within 100
[final]   549.22s  resonator 16 to Qb18.port0: 5900 units of way + 100 to the port = 6001 units, meets 6000 within 100
[final]   549.22s  resonator 18 to Qb19.port0: 5972 units of way + 113 to the port = 6085 units, meets 6000 within 100
[final]   549.22s  resonator 21 to Qb24.port0: 5864 units of way + 100 to the port = 5964 units, meets 6000 within 100
[final]   549.22s  resonator 23 to Qb25.port0: 5911 units of way + 103 to the port = 6014 units, meets 6000 within 100
[final]   549.22s  resonator 29 to Qb31.port0: 5956 units of way + 100 to the port = 6057 units, meets 6000 within 100
[final]   549.22s  resonator 32 to Qb32.port0: 5852 units of way + 113 to the port = 5965 units, meets 6000 within 100
[final]   549.22s  resonator 35 to Qb26.port0: 5885 units of way + 100 to the port = 5985 units, meets 6000 within 100
[final]   549.22s  resonator 37 to Qb27.port0: 5665 units of way + 113 to the port = 5778 units, short of 6000 within 100
[final]   549.22s  resonator 40 to Qb20.port0: 5789 units of way + 100 to the port = 5889 units, short of 6000 within 100
[final]   549.22s  resonator 42 to Qb21.port0: 5647 units of way + 113 to the port = 5760 units, short of 6000 within 100
[final]   549.22s  resonator 45 to Qb14.port0: 5841 units of way + 100 to the port = 5941 units, meets 6000 within 100
[final]   549.22s  resonator 47 to Qb15.port0: 5797 units of way + 113 to the port = 5909 units, meets 6000 within 100
[final]   549.22s  resonator 50 to Qb8.port0: 5867 units of way + 100 to the port = 5967 units, meets 6000 within 100
[final]   549.22s  resonator 55 to Qb3.port0: 5785 units of way + 114 to the port = 5899 units, short of 6000 within 100
[final]   549.22s  resonator 58 to Qb4.port0: 5895 units of way + 113 to the port = 6008 units, meets 6000 within 100
[final]   549.22s  resonator 60 to Qb10.port0: 5914 units of way + 114 to the port = 6028 units, meets 6000 within 100
[final]   549.22s  resonator 63 to Qb9.port0: 5634 units of way + 113 to the port = 5747 units, short of 6000 within 100
[final]   549.22s  resonator 65 to Qb16.port0: 5915 units of way + 114 to the port = 6029 units, meets 6000 within 100
[final]   549.22s  resonator 71 to Qb22.port0: 5837 units of way + 100 to the port = 5937 units, meets 6000 within 100
[final]   549.22s  resonator 76 to Qb28.port0: 5804 units of way + 100 to the port = 5904 units, meets 6000 within 100
[final]   549.22s  resonator 81 to Qb33.port0: 5823 units of way + 100 to the port = 5923 units, meets 6000 within 100
[final]   549.22s  resonator 86 to Qb36.port0: 5887 units of way + 100 to the port = 5987 units, meets 6000 within 100
[final]   549.22s  resonator 89 to Qb40.port0: 5723 units of way + 100 to the port = 5824 units, short of 6000 within 100
[final]   549.22s  resonator 91 to Qb41.port0: 5683 units of way + 108 to the port = 5791 units, short of 6000 within 100
[final]   549.22s  resonator 94 to Qb46.port0: 5358 units of way + 100 to the port = 5458 units, short of 6000 within 100
[final]   549.22s  resonator 96 to Qb47.port0: 5726 units of way + 112 to the port = 5838 units, short of 6000 within 100
[final]   549.22s  resonator 99 to Qb52.port0: 5678 units of way + 100 to the port = 5778 units, short of 6000 within 100
[final]   549.22s  resonator 101 to Qb53.port0: 5599 units of way + 102 to the port = 5702 units, short of 6000 within 100
[final]   549.22s  resonator 106 to Qb59.port0: 5705 units of way + 113 to the port = 5818 units, short of 6000 within 100
[final]   549.22s  resonator 109 to Qb64.port0: 5853 units of way + 107 to the port = 5961 units, meets 6000 within 100
[final]   549.22s  resonator 111 to Qb65.port0: 5778 units of way + 110 to the port = 5888 units, short of 6000 within 100
[final]   549.22s  resonator 115 to Qb69.port0: 5856 units of way + 111 to the port = 5967 units, meets 6000 within 100
[final]   549.22s  resonator 118 to Qb68.port0: 5493 units of way + 110 to the port = 5603 units, short of 6000 within 100
[final]   549.22s  resonator 123 to Qb63.port0: 5687 units of way + 113 to the port = 5800 units, short of 6000 within 100
[final]   549.22s  resonator 125 to Qb58.port0: 5682 units of way + 111 to the port = 5793 units, short of 6000 within 100
[final]   549.22s  resonator 127 to Qb57.port0: 5748 units of way + 109 to the port = 5857 units, short of 6000 within 100
[final]   549.22s  resonator 132 to Qb51.port0: 5671 units of way + 113 to the port = 5785 units, short of 6000 within 100
[final]   549.22s  resonator 137 to Qb45.port0: 5702 units of way + 103 to the port = 5805 units, short of 6000 within 100
[final]   549.22s  resonator 143 to Qb39.port0: 5907 units of way + 100 to the port = 6008 units, meets 6000 within 100
[final]   549.22s  resonator 146 to Qb38.port0: 5773 units of way + 113 to the port = 5885 units, short of 6000 within 100
[final]   549.22s  resonator 148 to Qb44.port0: 5837 units of way + 100 to the port = 5937 units, meets 6000 within 100
[final]   549.22s  resonator 153 to Qb50.port0: 5859 units of way + 101 to the port = 5959 units, meets 6000 within 100
[final]   549.22s  resonator 158 to Qb56.port0: 5576 units of way + 101 to the port = 5677 units, short of 6000 within 100
[final]   549.22s  resonator 161 to Qb55.port0: 5848 units of way + 113 to the port = 5961 units, meets 6000 within 100
[final]   549.22s  resonator 164 to Qb62.port0: 5921 units of way + 110 to the port = 6031 units, meets 6000 within 100
[final]   549.22s  resonator 166 to Qb61.port0: 5835 units of way + 113 to the port = 5948 units, meets 6000 within 100
[final]   549.22s  resonator 168 to Qb67.port0: 5865 units of way + 100 to the port = 5965 units, meets 6000 within 100
[final]   549.22s  resonator 171 to Qb66.port0: 5740 units of way + 113 to the port = 5852 units, short of 6000 within 100
[final]   549.22s  resonator 175 to Qb60.port0: 5818 units of way + 100 to the port = 5918 units, meets 6000 within 100
[final]   549.22s  resonator 180 to Qb54.port0: 5887 units of way + 101 to the port = 5988 units, meets 6000 within 100
[final]   549.22s  resonator 184 to Qb48.port0: 5947 units of way + 111 to the port = 6058 units, meets 6000 within 100
[final]   549.22s  resonator 187 to Qb49.port0: 5889 units of way + 113 to the port = 6001 units, meets 6000 within 100
[final]   549.22s  resonator 189 to Qb42.port0: 5844 units of way + 111 to the port = 5954 units, meets 6000 within 100
[final]   549.22s  resonator 192 to Qb43.port0: 5863 units of way + 113 to the port = 5976 units, meets 6000 within 100
[final]   549.22s  resonator 195 to Qb37.port0: 5771 units of way + 111 to the port = 5882 units, short of 6000 within 100
[final]   549.22s  resonator 201 to Qb34.port0: 5949 units of way + 100 to the port = 6049 units, meets 6000 within 100
[final]   549.22s  resonator 204 to Coupler30_34.port3: 5773 units of way + 209 to the port = 5982 units, meets 6000 within 100
[final]   549.22s  resonator 205 to Qb30.port0: 5882 units of way + 111 to the port = 5993 units, meets 6000 within 100
[final]   549.22s  resonator 207 to Qb29.port0: 5650 units of way + 108 to the port = 5758 units, short of 6000 within 100
[final]   549.22s  resonator 212 to Qb23.port0: 5678 units of way + 112 to the port = 5791 units, short of 6000 within 100
[final]   549.22s  resonator 218 to Qb17.port0: 5637 units of way + 109 to the port = 5746 units, short of 6000 within 100
[final]   549.22s  resonator 223 to Qb11.port0: 5745 units of way + 112 to the port = 5857 units, short of 6000 within 100
[final]   549.22s  resonator 225 to Qb6.port0: 5784 units of way + 104 to the port = 5888 units, short of 6000 within 100
[final]   549.22s  resonator 228 to Qb5.port0: 5951 units of way + 101 to the port = 6052 units, meets 6000 within 100
[final]   549.22s  resonators: 69 in all, 5458 to 6085 units, 31 off 6000 by more than 100
[final]   549.22s    15 crosses at (2149,4136), 10 cells from edge f3, which runs coupler 4 (diagonal) -> coupler 5 (axial)
[final]   549.28s    183 is open in the room of 184 at (1471,1943), 1478 from its source and 360 from its target, stub 11
[final]   549.28s    184 is open in the room of 183 at (1463,1961), 106 from its source and 421 from its target, stub 0
[final]   549.28s    191 crosses at (1823,2351), 10 cells from edge f65, which runs coupler 57 (axial) -> coupler 58 (axial)
[final]   549.31s  final routing: 322 of 322 drawn, 0 unrouted, 2 open, 31 short, 0 long, 2 crossing a feedline | Fails: 35
[final]   549.31s  final routing: unrouted: - · open: 183, 184 · short: 0, 3, 9, 37, 40, 42, 55, 63, 89, 91, 94, 96, 99, 101, 106, 111, 118, 123, 125, 127, 132, 137, 146, 158, 171, 195, 207, 212, 218, 223, 225 · long: - · crossing: 15, 191 · meeting itself: -
final     -> 06-final.fb (18553600 bytes)
real 550.32
user 537.63
sys 8.81
