### 17q start 14:30:12 env: SCPD_COUPLER_BOX_MARGIN=5 (dev overlay py, stop_after feedlines)
[final]     0.01s  grid 1425x1425 cells of 9.97 layout units | clearance 19 cells for a rule of 18.55 | stub 11 cells | band 798 cells | bend 7125 | wire price 4 | obstacle price 1 over 11 cells | resonators 301 cells long
[final]     0.01s  inner routing: 14 of 14 wires start on the way the Detail stage drew
[final]     0.01s  inner routing: 14 wires, up to 4 rounds, 8 relaxations each way
[final]     0.02s    wire i0 · round 0 forward · normal: found 158 cells
[final]     0.02s    wire i1 · round 0 forward · normal: found 153 cells
[final]     0.03s    wire i2 · round 0 forward · normal: found 124 cells
[final]     0.03s    wire i3 · round 0 forward · normal: found 67 cells
[final]     0.04s    wire i4 · round 0 forward · normal: found 183 cells
[final]     0.04s    wire i5 · round 0 forward · normal: found 124 cells
[final]     0.04s    wire i6 · round 0 forward · normal: found 138 cells
[final]     0.04s    wire i7 · round 0 forward · normal: found 67 cells
[final]     0.05s    wire i8 · round 0 forward · normal: found 124 cells
[final]     0.05s    wire i9 · round 0 forward · normal: found 120 cells
[final]     0.05s    wire i10 · round 0 forward · normal: found 124 cells
[final]     0.05s    wire i11 · round 0 forward · normal: found 119 cells
[final]     0.06s    wire i12 · round 0 forward · normal: found 160 cells
[final]     0.06s    wire i13 · round 0 forward · normal: found 67 cells
[final]     0.06s  inner routing round 0 forward : tried 14, routed 14, unrouted 0, open 0, short 0 | Fails: 0
[final]     0.06s  inner routing: 14 of 14 drawn, 0 unrouted, 0 open, 0 short | Fails: 0
[final]     0.06s  inner routing round 0 forward : 14 found a way in phase 1, 0 after relaxation, 0 failed
[final]     0.06s  outer routing settings: length-point clearance k 40 cells (default), band ±10% of the target length (default), report yes (default); hard — a wire that cannot be routed with it fails, recovered without it at the end yes (default); relaxation priced by the lane polygon and the passing penalty (default), the released wires at one clearance more per level (default)
[final]     0.06s  outer routing: 58 of 58 wires start on the way the Detail stage drew
[final]     0.06s  outer routing: 58 wires, up to 6 rounds, 8 relaxations each way
[final]     0.07s    wire 0 · round 0 forward · normal: no way, relaxing
[final]     0.08s    wire 0 · relax 1: let go of 1, fence 1, 57 · no way
[final]     0.09s    wire 0 · relax 2: let go of 2, fence 2, 57 · found 123 cells
[final]     0.09s    wire 1 · round 0 forward · normal: no way, relaxing
[final]     0.10s    wire 1 · relax 1: let go of 2, fence 2, 0 · no way
[final]     0.13s    wire 1 · relax 2: let go of 3, fence 3, 0 · found 347 cells · meander: 272 → 341 cells for 289
[final]     0.14s    wire 2 · round 0 forward · normal: no way, relaxing
[final]     0.14s    wire 2 · relax 1: let go of 3, fence 3, 1 · no way
[final]     0.16s    wire 2 · relax 2: let go of 4, fence 4, 1 · found 291 cells
[final]     0.17s    wire 3 · round 0 forward · normal: no way, relaxing
[final]     0.17s    wire 3 · relax 1: let go of 4, fence 4, 2 · no way
[final]     0.20s    wire 3 · relax 2: let go of 5, fence 5, 2 · found 356 cells
[final]     0.21s    wire 4 · round 0 forward · normal: no way, relaxing
[final]     0.21s    wire 4 · relax 1: let go of 5, fence 5, 3 · no way
[final]     0.23s    wire 4 · relax 2: let go of 6, fence 6, 3 · found 383 cells
[final]     0.27s    wire 5 · round 0 forward · normal: no way, relaxing
[final]     0.33s    wire 5 · relax 1: let go of 6, fence 6, 4 · no way
[final]     0.36s    wire 5 · relax 2: let go of 7, fence 7, 4 · found 447 cells · long enough: 558 of 289 cells
[final]     0.37s    wire 6 · round 0 forward · normal: found 404 cells
[final]     0.38s    wire 7 · round 0 forward · normal: found 369 cells
[final]     0.39s    wire 8 · round 0 forward · normal: found 379 cells
[final]     0.40s    wire 9 · round 0 forward · normal: found 283 cells
[final]     0.41s    wire 10 · round 0 forward · normal: found 299 cells · long enough: 340 of 281 cells
[final]     0.42s    wire 11 · round 0 forward · normal: found 256 cells · long enough: 301 of 290 cells
[final]     0.43s    wire 12 · round 0 forward · normal: found 132 cells
[final]     0.43s    wire 13 · round 0 forward · normal: found 136 cells
[final]     0.44s    wire 14 · round 0 forward · normal: found 171 cells
[final]     0.48s    wire 15 · round 0 forward · normal: found 167 cells · no room for a meander: 182 of 290 cells, 191508 placements tried over 160 straight cells less 4 reserved, widest span 159 of the 35 a loop needs — 104364 the two ends do not face each other, 44010 no pair far enough apart for the legs, 43134 a cell of the loop is closed, relaxing
[final]     0.52s    wire 15 · relax 1: let go of 16, fence 16, 14 · found 167 cells · no room for a meander: 182 of 290 cells, 191508 placements tried over 160 straight cells less 4 reserved, widest span 159 of the 35 a loop needs — 104364 the two ends do not face each other, 44010 no pair far enough apart for the legs, 43134 a cell of the loop is closed
[final]     0.58s    wire 15 · relax 2: let go of 17, fence 17, 14 · found 306 cells · meander: 182 → 292 cells for 290
[final]     0.59s    wire 16 · round 0 forward · normal: found 270 cells
[final]     0.60s    wire 17 · round 0 forward · normal: found 356 cells
[final]     0.60s    wire 18 · round 0 forward · normal: no way, relaxing
[final]     0.61s    wire 18 · relax 1: let go of 19, fence 19, 17 · found 406 cells · long enough: 502 of 290 cells
[final]     0.62s    wire 19 · round 0 forward · normal: no way, relaxing
[final]     0.63s    wire 19 · relax 1: let go of 20, fence 20, 18 · found 415 cells
[final]     0.64s    wire 20 · round 0 forward · normal: found 475 cells · long enough: 600 of 280 cells
[final]     0.65s    wire 21 · round 0 forward · normal: found 376 cells
[final]     0.67s    wire 22 · round 0 forward · normal: found 410 cells
[final]     0.68s    wire 23 · round 0 forward · normal: found 405 cells · long enough: 473 of 290 cells
[final]     0.69s    wire 24 · round 0 forward · normal: found 287 cells
[final]     0.70s    wire 25 · round 0 forward · normal: found 273 cells
[final]     0.70s    wire 26 · round 0 forward · normal: found 304 cells · meander: 173 → 290 cells for 290
[final]     0.71s    wire 27 · round 0 forward · normal: found 108 cells
[final]     0.72s    wire 28 · round 0 forward · normal: found 131 cells
[final]     0.72s    wire 29 · round 0 forward · normal: no way, relaxing
[final]     0.74s    wire 29 · relax 1: let go of 30, fence 30, 28 · no way
[final]     0.75s    wire 29 · relax 2: let go of 31, fence 31, 28 · found 134 cells
[final]     0.76s    wire 30 · round 0 forward · normal: no way, relaxing
[final]     0.77s    wire 30 · relax 1: let go of 31, fence 31, 29 · no way
[final]     0.78s    wire 30 · relax 2: let go of 32, fence 32, 29 · no way
[final]     0.78s    wire 30 · relax 3: let go of 33, fence 33, 29 · no way
[final]     0.80s    wire 30 · relax 4: let go of 34, fence 34, 29 · no way
[final]     0.81s    wire 30 · relax 5: let go of 35, fence 35, 29 · no way
[final]     0.82s    wire 30 · relax 6: let go of 36, fence 36, 29 · no way
[final]     0.86s    wire 30 · relax 7: let go of 37, fence 37, 29 · no way
[final]     0.89s    wire 30 · relax 8: let go of 38, fence 38, 29 · no way
[final]     0.89s    wire 30 · round 0 forward: no way after 8 relaxations; 31, 32, 33, 34, 35, 36, 37, 38 back as they were
[final]     0.89s    wire 31 · round 0 forward · normal: found 282 cells
[final]     0.90s    wire 32 · round 0 forward · normal: no way, relaxing
[final]     0.91s    wire 32 · relax 1: let go of 33, fence 33, 31 · no way
[final]     0.93s    wire 32 · relax 2: let go of 34, fence 34, 31 · found 346 cells
[final]     0.94s    wire 33 · round 0 forward · normal: found 384 cells
[final]     0.95s    wire 34 · round 0 forward · normal: no way, relaxing
[final]     0.95s    wire 34 · relax 1: let go of 35, fence 35, 33 · no way
[final]     0.98s    wire 34 · relax 2: let go of 36, fence 36, 33 · found 442 cells · long enough: 558 of 290 cells
[final]     0.99s    wire 35 · round 0 forward · normal: found 404 cells
[final]     1.00s    wire 36 · round 0 forward · normal: found 370 cells
[final]     1.01s    wire 37 · round 0 forward · normal: found 379 cells
[final]     1.01s    wire 38 · round 0 forward · normal: found 283 cells
[final]     1.02s    wire 39 · round 0 forward · normal: found 289 cells · long enough: 341 of 281 cells
[final]     1.03s    wire 40 · round 0 forward · normal: found 257 cells · long enough: 305 of 289 cells
[final]     1.04s    wire 41 · round 0 forward · normal: found 132 cells
[final]     1.05s    wire 42 · round 0 forward · normal: found 137 cells
[final]     1.06s    wire 43 · round 0 forward · normal: no way, relaxing
[final]     1.06s    wire 43 · relax 1: let go of 44, fence 44, 42 · no way
[final]     1.07s    wire 43 · relax 2: let go of 45, fence 45, 42 · found 89 cells
[final]     1.08s    wire 44 · round 0 forward · normal: no way, relaxing
[final]     1.09s    wire 44 · relax 1: let go of 45, fence 45, 43 · no way
[final]     1.12s    wire 44 · relax 2: let go of 46, fence 46, 43 · found 289 cells · meander: 206 → 291 cells for 290
[final]     1.13s    wire 45 · round 0 forward · normal: no way, relaxing
[final]     1.13s    wire 45 · relax 1: let go of 46, fence 46, 44 · no way
[final]     1.14s    wire 45 · relax 2: let go of 47, fence 47, 44 · no way
[final]     1.15s    wire 45 · relax 3: let go of 48, fence 48, 44 · no way
[final]     1.16s    wire 45 · relax 4: let go of 49, fence 49, 44 · no way
[final]     1.16s    wire 45 · relax 5: let go of 50, fence 50, 44 · no way
[final]     1.17s    wire 45 · relax 6: let go of 51, fence 51, 44 · no way
[final]     1.18s    wire 45 · relax 7: let go of 52, fence 52, 44 · no way
[final]     1.19s    wire 45 · relax 8: let go of 53, fence 53, 44 · no way
[final]     1.19s    wire 45 · round 0 forward: no way after 8 relaxations; 46, 47, 48, 49, 50, 51, 52, 53 back as they were
[final]     1.19s    wire 46 · round 0 forward · normal: no way, relaxing
[final]     1.20s    wire 46 · relax 1: let go of 47, fence 47, 45 · no way
[final]     1.24s    wire 46 · relax 2: let go of 48, fence 48, 45 · found 400 cells
[final]     1.26s    wire 47 · round 0 forward · normal: found 420 cells · long enough: 509 of 290 cells
[final]     1.27s    wire 48 · round 0 forward · normal: found 340 cells
[final]     1.28s    wire 49 · round 0 forward · normal: found 409 cells
[final]     1.29s    wire 50 · round 0 forward · normal: found 375 cells
[final]     1.30s    wire 51 · round 0 forward · normal: found 439 cells
[final]     1.31s    wire 52 · round 0 forward · normal: found 404 cells · long enough: 472 of 290 cells
[final]     1.32s    wire 53 · round 0 forward · normal: found 283 cells
[final]     1.33s    wire 54 · round 0 forward · normal: found 271 cells
[final]     1.36s    wire 55 · round 0 forward · normal: found 166 cells · no room for a meander: 172 of 290 cells, 154384 placements tried over 147 straight cells less 4 reserved, widest span 154 of the 35 a loop needs — 79112 the two ends do not face each other, 40156 no pair far enough apart for the legs, 35116 a cell of the loop is closed, relaxing
[final]     1.40s    wire 55 · relax 1: let go of 56, fence 56, 54 · found 166 cells · no room for a meander: 172 of 290 cells, 154384 placements tried over 147 straight cells less 4 reserved, widest span 154 of the 35 a loop needs — 79112 the two ends do not face each other, 40156 no pair far enough apart for the legs, 35116 a cell of the loop is closed
[final]     1.44s    wire 55 · relax 2: let go of 57, fence 57, 54 · found 306 cells · meander: 172 → 292 cells for 290
[final]     1.45s    wire 56 · round 0 forward · normal: found 131 cells
[final]     1.46s    wire 57 · round 0 forward · normal: found 131 cells
[final]     1.46s  outer routing round 0 forward : tried 58, routed 56, unrouted 2, open 0, short 0 | Fails: 2
[final]     1.46s    wire 45 · round 1 backward · normal: no way, relaxing
[final]     1.47s    wire 45 · relax 1: let go of 44, fence 44, 46 · no way
[final]     1.48s    wire 45 · relax 2: let go of 43, fence 43, 46 · found 297 cells
[final]     1.49s    wire 44 · round 1 backward · normal: no way, relaxing
[final]     1.52s    wire 44 · relax 1: let go of 43, fence 43, 45 · found 176 cells · no room for a meander: 205 of 290 cells, 161175 placements tried over 145 straight cells less 4 reserved, widest span 160 of the 35 a loop needs — 97289 the two ends do not face each other, 32471 no pair far enough apart for the legs, 31415 a cell of the loop is closed
[final]     1.55s    wire 44 · relax 2: let go of 42, fence 42, 45 · found 284 cells · meander: 205 → 292 cells for 290
[final]     1.56s    wire 43 · round 1 backward · normal: no way, relaxing · dead on arrival: the search starts at (57,962) heading (1,0) after a stub of 11, and 2 of its first 4 cells are closed: (58,962) closed, within the clearance of 44 (way at 18.9 cells); (58,963) closed, within the clearance of 44 (way at 18.4 cells)
[final]     1.56s    wire 43 · relax 1: let go of 42, fence 42, 44 · no way · dead on arrival: the search starts at (57,962) heading (1,0) after a stub of 11, and 2 of its first 4 cells are closed: (58,962) closed, within the clearance of 44 (way at 18.9 cells); (58,963) closed, within the clearance of 44 (way at 18.4 cells)
[final]     1.57s    wire 43 · relax 2: let go of 41, fence 41, 44 · no way · dead on arrival: the search starts at (57,962) heading (1,0) after a stub of 11, and 2 of its first 4 cells are closed: (58,962) closed, within the clearance of 44 (way at 18.9 cells); (58,963) closed, within the clearance of 44 (way at 18.4 cells)
[final]     1.57s    wire 43 · relax 3: let go of 40, fence 40, 44 · no way · dead on arrival: the search starts at (57,962) heading (1,0) after a stub of 11, and 2 of its first 4 cells are closed: (58,962) closed, within the clearance of 44 (way at 18.9 cells); (58,963) closed, within the clearance of 44 (way at 18.4 cells)
[final]     1.58s    wire 43 · relax 4: let go of 39, fence 39, 44 · no way · dead on arrival: the search starts at (57,962) heading (1,0) after a stub of 11, and 2 of its first 4 cells are closed: (58,962) closed, within the clearance of 44 (way at 18.9 cells); (58,963) closed, within the clearance of 44 (way at 18.4 cells)
[final]     1.59s    wire 43 · relax 5: let go of 38, fence 38, 44 · no way · dead on arrival: the search starts at (57,962) heading (1,0) after a stub of 11, and 2 of its first 4 cells are closed: (58,962) closed, within the clearance of 44 (way at 18.9 cells); (58,963) closed, within the clearance of 44 (way at 18.4 cells)
[final]     1.59s    wire 43 · relax 6: let go of 37, fence 37, 44 · no way · dead on arrival: the search starts at (57,962) heading (1,0) after a stub of 11, and 2 of its first 4 cells are closed: (58,962) closed, within the clearance of 44 (way at 18.9 cells); (58,963) closed, within the clearance of 44 (way at 18.4 cells)
[final]     1.60s    wire 43 · relax 7: let go of 36, fence 36, 44 · no way · dead on arrival: the search starts at (57,962) heading (1,0) after a stub of 11, and 2 of its first 4 cells are closed: (58,962) closed, within the clearance of 44 (way at 18.9 cells); (58,963) closed, within the clearance of 44 (way at 18.4 cells)
[final]     1.60s    wire 43 · relax 8: let go of 35, fence 35, 44 · no way · dead on arrival: the search starts at (57,962) heading (1,0) after a stub of 11, and 2 of its first 4 cells are closed: (58,962) closed, within the clearance of 44 (way at 18.9 cells); (58,963) closed, within the clearance of 44 (way at 18.4 cells)
[final]     1.60s    wire 43 · round 1 backward: no way after 8 relaxations; 42, 41, 40, 39, 38, 37, 36, 35 back as they were
[final]     1.62s    wire 42 · round 1 backward · normal: found 137 cells
[final]     1.62s    wire 30 · round 1 backward · normal: no way, relaxing
[final]     1.63s    wire 30 · relax 1: let go of 29, fence 29, 31 · no way
[final]     1.63s    wire 30 · relax 2: let go of 28, fence 28, 31 · no way
[final]     1.64s    wire 30 · relax 3: let go of 27, fence 27, 31 · no way
[final]     1.65s    wire 30 · relax 4: let go of 26, fence 26, 31 · no way
[final]     1.65s    wire 30 · relax 5: let go of 25, fence 25, 31 · no way
[final]     1.66s    wire 30 · relax 6: let go of 24, fence 24, 31 · no way
[final]     1.66s    wire 30 · relax 7: let go of 23, fence 23, 31 · no way
[final]     1.67s    wire 30 · relax 8: let go of 22, fence 22, 31 · no way
[final]     1.67s    wire 30 · round 1 backward: no way after 8 relaxations; 29, 28, 27, 26, 25, 24, 23, 22 back as they were
[final]     1.67s  outer routing round 1 backward: tried 5, routed 3, unrouted 1, open 1, short 0 | Fails: 2
[final]     1.67s    wire 30 · round 2 forward · normal: no way, relaxing
[final]     1.68s    wire 30 · relax 1: let go of 31, fence 31, 29 · no way
[final]     1.69s    wire 30 · relax 2: let go of 32, fence 32, 29 · no way
[final]     1.69s    wire 30 · relax 3: let go of 33, fence 33, 29 · no way
[final]     1.70s    wire 30 · relax 4: let go of 34, fence 34, 29 · no way
[final]     1.71s    wire 30 · relax 5: let go of 35, fence 35, 29 · no way
[final]     1.72s    wire 30 · relax 6: let go of 36, fence 36, 29 · no way
[final]     1.73s    wire 30 · relax 7: let go of 37, fence 37, 29 · no way
[final]     1.73s    wire 30 · relax 8: let go of 38, fence 38, 29 · no way
[final]     1.73s    wire 30 · round 2 forward: no way after 8 relaxations; 31, 32, 33, 34, 35, 36, 37, 38 back as they were
[final]     1.74s    wire 43 · round 2 forward · normal: no way, relaxing · dead on arrival: the search starts at (57,962) heading (1,0) after a stub of 11, and 2 of its first 4 cells are closed: (58,962) closed, within the clearance of 44 (way at 18.9 cells); (58,963) closed, within the clearance of 44 (way at 18.4 cells)
[final]     1.75s    wire 43 · relax 1: let go of 44, fence 44, 42 · no way · dead on arrival: the search starts at (57,962) heading (1,0) after a stub of 11, and 2 of its first 4 cells are closed: (58,962) closed, within the clearance of 44 (way at 18.9 cells); (58,963) closed, within the clearance of 44 (way at 18.4 cells)
[final]     1.76s    wire 43 · relax 2: let go of 45, fence 45, 42 · found 168 cells
[final]     1.77s    wire 44 · round 2 forward · normal: no way, relaxing
[final]     1.78s    wire 44 · relax 1: let go of 45, fence 45, 43 · no way
[final]     1.81s    wire 44 · relax 2: let go of 46, fence 46, 43 · found 275 cells · meander: 219 → 291 cells for 290
[final]     1.82s    wire 45 · round 2 forward · normal: no way, relaxing · dead on arrival: the search starts at (57,1063) heading (1,0) after a stub of 11, and 3 of its first 4 cells are closed: (58,1063) closed, within the clearance of 44 (way at 19.0 cells); (58,1064) closed, within the clearance of 44 (way at 19.0 cells); (58,1062) closed, within the clearance of 44 (way at 19.0 cells)
[final]     1.83s    wire 45 · relax 1: let go of 46, fence 46, 44 · no way · dead on arrival: the search starts at (57,1063) heading (1,0) after a stub of 11, and 3 of its first 4 cells are closed: (58,1063) closed, within the clearance of 44 (way at 19.0 cells); (58,1064) closed, within the clearance of 44 (way at 19.0 cells); (58,1062) closed, within the clearance of 44 (way at 19.0 cells)
[final]     1.83s    wire 45 · relax 2: let go of 47, fence 47, 44 · no way · dead on arrival: the search starts at (57,1063) heading (1,0) after a stub of 11, and 3 of its first 4 cells are closed: (58,1063) closed, within the clearance of 44 (way at 19.0 cells); (58,1064) closed, within the clearance of 44 (way at 19.0 cells); (58,1062) closed, within the clearance of 44 (way at 19.0 cells)
[final]     1.84s    wire 45 · relax 3: let go of 48, fence 48, 44 · no way · dead on arrival: the search starts at (57,1063) heading (1,0) after a stub of 11, and 3 of its first 4 cells are closed: (58,1063) closed, within the clearance of 44 (way at 19.0 cells); (58,1064) closed, within the clearance of 44 (way at 19.0 cells); (58,1062) closed, within the clearance of 44 (way at 19.0 cells)
[final]     1.85s    wire 45 · relax 4: let go of 49, fence 49, 44 · no way · dead on arrival: the search starts at (57,1063) heading (1,0) after a stub of 11, and 3 of its first 4 cells are closed: (58,1063) closed, within the clearance of 44 (way at 19.0 cells); (58,1064) closed, within the clearance of 44 (way at 19.0 cells); (58,1062) closed, within the clearance of 44 (way at 19.0 cells)
[final]     1.86s    wire 45 · relax 5: let go of 50, fence 50, 44 · no way · dead on arrival: the search starts at (57,1063) heading (1,0) after a stub of 11, and 3 of its first 4 cells are closed: (58,1063) closed, within the clearance of 44 (way at 19.0 cells); (58,1064) closed, within the clearance of 44 (way at 19.0 cells); (58,1062) closed, within the clearance of 44 (way at 19.0 cells)
[final]     1.87s    wire 45 · relax 6: let go of 51, fence 51, 44 · no way · dead on arrival: the search starts at (57,1063) heading (1,0) after a stub of 11, and 3 of its first 4 cells are closed: (58,1063) closed, within the clearance of 44 (way at 19.0 cells); (58,1064) closed, within the clearance of 44 (way at 19.0 cells); (58,1062) closed, within the clearance of 44 (way at 19.0 cells)
[final]     1.87s    wire 45 · relax 7: let go of 52, fence 52, 44 · no way · dead on arrival: the search starts at (57,1063) heading (1,0) after a stub of 11, and 3 of its first 4 cells are closed: (58,1063) closed, within the clearance of 44 (way at 19.0 cells); (58,1064) closed, within the clearance of 44 (way at 19.0 cells); (58,1062) closed, within the clearance of 44 (way at 19.0 cells)
[final]     1.88s    wire 45 · relax 8: let go of 53, fence 53, 44 · no way · dead on arrival: the search starts at (57,1063) heading (1,0) after a stub of 11, and 3 of its first 4 cells are closed: (58,1063) closed, within the clearance of 44 (way at 19.0 cells); (58,1064) closed, within the clearance of 44 (way at 19.0 cells); (58,1062) closed, within the clearance of 44 (way at 19.0 cells)
[final]     1.88s    wire 45 · round 2 forward: no way after 8 relaxations; 46, 47, 48, 49, 50, 51, 52, 53 back as they were
[final]     1.89s    wire 46 · round 2 forward · normal: found 399 cells
[final]     1.89s  outer routing round 2 forward : tried 5, routed 3, unrouted 1, open 1, short 0 | Fails: 2
[final]     1.90s    wire 45 · round 3 backward · normal: no way, relaxing · dead on arrival: the search starts at (57,1063) heading (1,0) after a stub of 11, and 3 of its first 4 cells are closed: (58,1063) closed, within the clearance of 44 (way at 19.0 cells); (58,1064) closed, within the clearance of 44 (way at 19.0 cells); (58,1062) closed, within the clearance of 44 (way at 19.0 cells)
[final]     1.91s    wire 45 · relax 1: let go of 44, fence 44, 46 · no way · dead on arrival: the search starts at (57,1063) heading (1,0) after a stub of 11, and 3 of its first 4 cells are closed: (58,1063) closed, within the clearance of 44 (way at 19.0 cells); (58,1064) closed, within the clearance of 44 (way at 19.0 cells); (58,1062) closed, within the clearance of 44 (way at 19.0 cells)
[final]     1.92s    wire 45 · relax 2: let go of 43, fence 43, 46 · found 297 cells
[final]     1.93s    wire 44 · round 3 backward · normal: no way, relaxing
[final]     1.98s    wire 44 · relax 1: let go of 43, fence 43, 45 · found 272 cells · meander: 204 → 292 cells for 290
[final]     1.99s    wire 43 · round 3 backward · normal: found 105 cells
[final]     1.99s    wire 30 · round 3 backward · normal: no way, relaxing
[final]     2.00s    wire 30 · relax 1: let go of 29, fence 29, 31 · no way
[final]     2.00s    wire 30 · relax 2: let go of 28, fence 28, 31 · no way
[final]     2.01s    wire 30 · relax 3: let go of 27, fence 27, 31 · no way
[final]     2.02s    wire 30 · relax 4: let go of 26, fence 26, 31 · no way
[final]     2.02s    wire 30 · relax 5: let go of 25, fence 25, 31 · no way
[final]     2.03s    wire 30 · relax 6: let go of 24, fence 24, 31 · no way
[final]     2.04s    wire 30 · relax 7: let go of 23, fence 23, 31 · no way
[final]     2.04s    wire 30 · relax 8: let go of 22, fence 22, 31 · no way
[final]     2.04s    wire 30 · round 3 backward: no way after 8 relaxations; 29, 28, 27, 26, 25, 24, 23, 22 back as they were
[final]     2.04s  outer routing round 3 backward: tried 4, routed 3, unrouted 1, open 0, short 0 | Fails: 1
[final]     2.05s    wire 30 · round 4 forward · normal: no way, relaxing
[final]     2.06s    wire 30 · relax 1: let go of 31, fence 31, 29 · no way
[final]     2.06s    wire 30 · relax 2: let go of 32, fence 32, 29 · no way
[final]     2.07s    wire 30 · relax 3: let go of 33, fence 33, 29 · no way
[final]     2.08s    wire 30 · relax 4: let go of 34, fence 34, 29 · no way
[final]     2.09s    wire 30 · relax 5: let go of 35, fence 35, 29 · no way
[final]     2.10s    wire 30 · relax 6: let go of 36, fence 36, 29 · no way
[final]     2.10s    wire 30 · relax 7: let go of 37, fence 37, 29 · no way
[final]     2.11s    wire 30 · relax 8: let go of 38, fence 38, 29 · no way
[final]     2.11s    wire 30 · round 4 forward: no way after 8 relaxations; 31, 32, 33, 34, 35, 36, 37, 38 back as they were
[final]     2.11s  outer routing round 4 forward : tried 1, routed 0, unrouted 1, open 0, short 0 | Fails: 1
[final]     2.12s    wire 30 · round 5 backward · normal: no way, relaxing
[final]     2.12s    wire 30 · relax 1: let go of 29, fence 29, 31 · no way
[final]     2.13s    wire 30 · relax 2: let go of 28, fence 28, 31 · no way
[final]     2.14s    wire 30 · relax 3: let go of 27, fence 27, 31 · no way
[final]     2.14s    wire 30 · relax 4: let go of 26, fence 26, 31 · no way
[final]     2.15s    wire 30 · relax 5: let go of 25, fence 25, 31 · no way
[final]     2.15s    wire 30 · relax 6: let go of 24, fence 24, 31 · no way
[final]     2.16s    wire 30 · relax 7: let go of 23, fence 23, 31 · no way
[final]     2.17s    wire 30 · relax 8: let go of 22, fence 22, 31 · no way
[final]     2.17s    wire 30 · round 5 backward: no way after 8 relaxations; 29, 28, 27, 26, 25, 24, 23, 22 back as they were
[final]     2.17s  outer routing round 5 backward: tried 1, routed 0, unrouted 1, open 0, short 0 | Fails: 1
[final]     2.17s    29 is open in the room of 30 at (370,109), 112 from its source and 14 from its target, stub 11
[final]     2.17s  outer routing: 57 of 58 drawn, 1 unrouted, 1 open, 0 short | Fails: 2
[final]     2.17s  outer routing: unrouted: 30 · open: 29 · short: - · long: - · crossing: - · meeting itself: -
[final]     2.17s  outer routing round 0 forward : 40 found a way in phase 1, 16 after relaxation, 2 failed: 30, 45
[final]     2.17s  outer routing round 1 backward: 1 found a way in phase 1, 2 after relaxation, 2 failed: 43, 30
[final]     2.17s  outer routing round 2 forward : 1 found a way in phase 1, 2 after relaxation, 2 failed: 30, 45
[final]     2.17s  outer routing round 3 backward: 1 found a way in phase 1, 2 after relaxation, 1 failed: 30
[final]     2.17s  outer routing round 4 forward : 0 found a way in phase 1, 0 after relaxation, 1 failed: 30
[final]     2.17s  outer routing round 5 backward: 0 found a way in phase 1, 0 after relaxation, 1 failed: 30
[final]     2.17s  outer recovery: 0 of 58 wires start on the way the Detail stage drew
[final]     2.17s  outer recovery: 58 wires, up to 6 rounds, 8 relaxations each way
[final]     2.18s    wire 30 · round 0 forward · normal: no way, relaxing
[final]     2.18s    wire 30 · relax 1: let go of 31, fence 31, 29 · no way
[final]     2.20s    wire 30 · relax 2: let go of 32, fence 32, 29 · found 276 cells · long enough: 326 of 290 cells
[final]     2.20s    wire 31 · round 0 forward · normal: found 297 cells
[final]     2.21s    wire 32 · round 0 forward · normal: found 346 cells
[final]     2.21s  outer recovery round 0 forward : tried 3, routed 3, unrouted 0, open 0, short 0 | Fails: 0
[final]     2.22s  outer recovery: 58 of 58 drawn, 0 unrouted, 0 open, 0 short | Fails: 0
[final]     2.22s  outer recovery round 0 forward : 2 found a way in phase 1, 1 after relaxation, 0 failed
[final]     2.22s  outer routing: recovery without the length-point clearance (SCPD_LENPOINT_RECOVERY): 1 wire failing before it, 0 after
[final]     2.22s  refinement: 58 wires, 5 rounds
[final]     2.24s    wire 0 · round 0 forward · refine: found 165 cells
[final]     2.26s    wire 1 · round 0 forward · refine: kept its way · without the room price: no way
[final]     2.29s    wire 2 · round 0 forward · refine: found 287 cells
[final]     2.32s    wire 3 · round 0 forward · refine: found 350 cells
[final]     2.36s    wire 4 · round 0 forward · refine: found 399 cells
[final]     2.40s    wire 5 · round 0 forward · refine: found 444 cells · long enough: 560 of 289 cells
[final]     2.43s    wire 6 · round 0 forward · refine: found 404 cells
[final]     2.46s    wire 7 · round 0 forward · refine: found 391 cells
[final]     2.49s    wire 8 · round 0 forward · refine: found 383 cells
[final]     2.52s    wire 9 · round 0 forward · refine: found 297 cells
[final]     2.55s    wire 10 · round 0 forward · refine: found 314 cells · long enough: 359 of 281 cells
[final]     2.57s    wire 11 · round 0 forward · refine: found 257 cells · long enough: 304 of 290 cells
[final]     2.60s    wire 12 · round 0 forward · refine: found 141 cells
[final]     2.62s    wire 13 · round 0 forward · refine: found 136 cells
[final]     2.64s    wire 14 · round 0 forward · refine: found 175 cells
[final]     2.70s    wire 15 · round 0 forward · refine: found 299 cells · meander: 182 → 292 cells for 290
[final]     2.73s    wire 16 · round 0 forward · refine: found 274 cells
[final]     2.76s    wire 17 · round 0 forward · refine: found 367 cells
[final]     2.78s    wire 18 · round 0 forward · refine: found 410 cells · long enough: 504 of 290 cells
[final]     2.81s    wire 19 · round 0 forward · refine: found 439 cells
[final]     2.84s    wire 20 · round 0 forward · refine: found 482 cells · long enough: 606 of 280 cells
[final]     2.87s    wire 21 · round 0 forward · refine: found 380 cells
[final]     2.91s    wire 22 · round 0 forward · refine: found 427 cells
[final]     2.94s    wire 23 · round 0 forward · refine: found 409 cells · long enough: 474 of 290 cells
[final]     2.96s    wire 24 · round 0 forward · refine: found 288 cells
[final]     2.98s    wire 25 · round 0 forward · refine: found 266 cells
[final]     3.03s    wire 26 · round 0 forward · refine: found 309 cells · meander: 182 → 291 cells for 290
[final]     3.05s    wire 27 · round 0 forward · refine: found 111 cells
[final]     3.07s    wire 28 · round 0 forward · refine: found 131 cells
[final]     3.09s    wire 29 · round 0 forward · refine: kept its way
[final]     3.11s    wire 30 · round 0 forward · refine: kept its way · without the room price: no way
[final]     3.13s    wire 31 · round 0 forward · refine: found 368 cells
[final]     3.16s    wire 32 · round 0 forward · refine: found 354 cells
[final]     3.20s    wire 33 · round 0 forward · refine: found 402 cells
[final]     3.24s    wire 34 · round 0 forward · refine: found 455 cells · long enough: 566 of 290 cells
[final]     3.27s    wire 35 · round 0 forward · refine: found 408 cells
[final]     3.30s    wire 36 · round 0 forward · refine: found 392 cells
[final]     3.33s    wire 37 · round 0 forward · refine: found 383 cells
[final]     3.35s    wire 38 · round 0 forward · refine: found 298 cells
[final]     3.38s    wire 39 · round 0 forward · refine: found 309 cells · long enough: 361 of 281 cells
[final]     3.41s    wire 40 · round 0 forward · refine: found 258 cells · long enough: 305 of 289 cells
[final]     3.43s    wire 41 · round 0 forward · refine: found 132 cells
[final]     3.46s    wire 42 · round 0 forward · refine: found 137 cells
[final]     3.48s    wire 43 · round 0 forward · refine: found 170 cells
[final]     3.50s    wire 44 · round 0 forward · refine: kept its way · without the room price: no way
[final]     3.53s    wire 45 · round 0 forward · refine: found 335 cells
[final]     3.55s    wire 46 · round 0 forward · refine: found 399 cells
[final]     3.59s    wire 47 · round 0 forward · refine: found 426 cells · long enough: 512 of 290 cells
[final]     3.62s    wire 48 · round 0 forward · refine: found 344 cells
[final]     3.65s    wire 49 · round 0 forward · refine: found 413 cells
[final]     3.68s    wire 50 · round 0 forward · refine: found 383 cells
[final]     3.71s    wire 51 · round 0 forward · refine: found 448 cells
[final]     3.74s    wire 52 · round 0 forward · refine: found 408 cells · long enough: 477 of 290 cells
[final]     3.76s    wire 53 · round 0 forward · refine: found 293 cells
[final]     3.78s    wire 54 · round 0 forward · refine: found 271 cells
[final]     3.83s    wire 55 · round 0 forward · refine: found 308 cells · meander: 182 → 291 cells for 290
[final]     3.85s    wire 56 · round 0 forward · refine: found 131 cells
[final]     3.88s    wire 57 · round 0 forward · refine: found 131 cells
[final]     3.88s  refinement round 0 forward : moved 54 of 58, 0 too close to another, 0 of 3 searches without the room price took their length
[final]     3.90s    wire 57 · round 1 backward · refine: found 131 cells
[final]     3.92s    wire 56 · round 1 backward · refine: found 131 cells
[final]     3.97s    wire 55 · round 1 backward · refine: found 300 cells · meander: 182 → 293 cells for 290
[final]     3.99s    wire 54 · round 1 backward · refine: found 271 cells
[final]     4.02s    wire 53 · round 1 backward · refine: found 293 cells
[final]     4.05s    wire 52 · round 1 backward · refine: found 408 cells · long enough: 474 of 290 cells
[final]     4.08s    wire 51 · round 1 backward · refine: found 432 cells
[final]     4.11s    wire 50 · round 1 backward · refine: found 383 cells
[final]     4.14s    wire 49 · round 1 backward · refine: found 417 cells
[final]     4.17s    wire 48 · round 1 backward · refine: found 344 cells
[final]     4.21s    wire 47 · round 1 backward · refine: found 458 cells · long enough: 530 of 290 cells
[final]     4.24s    wire 46 · round 1 backward · refine: found 400 cells
[final]     4.26s    wire 45 · round 1 backward · refine: found 336 cells
[final]     4.28s    wire 44 · round 1 backward · refine: kept its way · without the room price: no way
[final]     4.31s    wire 43 · round 1 backward · refine: found 170 cells
[final]     4.33s    wire 42 · round 1 backward · refine: found 137 cells
[final]     4.35s    wire 41 · round 1 backward · refine: found 132 cells
[final]     4.38s    wire 40 · round 1 backward · refine: found 258 cells · long enough: 305 of 289 cells
[final]     4.41s    wire 39 · round 1 backward · refine: found 314 cells · long enough: 363 of 281 cells
[final]     4.43s    wire 38 · round 1 backward · refine: found 304 cells
[final]     4.46s    wire 37 · round 1 backward · refine: found 383 cells
[final]     4.49s    wire 36 · round 1 backward · refine: found 386 cells
[final]     4.52s    wire 35 · round 1 backward · refine: found 408 cells
[final]     4.56s    wire 34 · round 1 backward · refine: found 467 cells · long enough: 576 of 290 cells
[final]     4.60s    wire 33 · round 1 backward · refine: found 399 cells
[final]     4.62s    wire 32 · round 1 backward · refine: found 354 cells
[final]     4.65s    wire 31 · round 1 backward · refine: found 361 cells
[final]     4.67s    wire 30 · round 1 backward · refine: kept its way · without the room price: no way
[final]     4.69s    wire 29 · round 1 backward · refine: kept its way
[final]     4.71s    wire 28 · round 1 backward · refine: found 131 cells
[final]     4.73s    wire 27 · round 1 backward · refine: found 111 cells
[final]     4.78s    wire 26 · round 1 backward · refine: found 297 cells · meander: 182 → 293 cells for 290
[final]     4.80s    wire 25 · round 1 backward · refine: found 266 cells
[final]     4.83s    wire 24 · round 1 backward · refine: found 291 cells
[final]     4.86s    wire 23 · round 1 backward · refine: found 413 cells · long enough: 476 of 290 cells
[final]     4.90s    wire 22 · round 1 backward · refine: found 414 cells
[final]     4.92s    wire 21 · round 1 backward · refine: found 398 cells
[final]     4.96s    wire 20 · round 1 backward · refine: found 509 cells · long enough: 622 of 280 cells
[final]     4.99s    wire 19 · round 1 backward · refine: found 452 cells
[final]     5.02s    wire 18 · round 1 backward · refine: found 433 cells · long enough: 516 of 290 cells
[final]     5.05s    wire 17 · round 1 backward · refine: found 367 cells
[final]     5.07s    wire 16 · round 1 backward · refine: found 274 cells
[final]     5.13s    wire 15 · round 1 backward · refine: found 299 cells · meander: 182 → 291 cells for 290
[final]     5.15s    wire 14 · round 1 backward · refine: found 175 cells
[final]     5.18s    wire 13 · round 1 backward · refine: found 136 cells
[final]     5.20s    wire 12 · round 1 backward · refine: found 141 cells
[final]     5.23s    wire 11 · round 1 backward · refine: found 257 cells · long enough: 304 of 290 cells
[final]     5.26s    wire 10 · round 1 backward · refine: found 315 cells · long enough: 362 of 281 cells
[final]     5.28s    wire 9 · round 1 backward · refine: found 303 cells
[final]     5.31s    wire 8 · round 1 backward · refine: found 383 cells
[final]     5.34s    wire 7 · round 1 backward · refine: found 387 cells
[final]     5.37s    wire 6 · round 1 backward · refine: found 408 cells
[final]     5.41s    wire 5 · round 1 backward · refine: found 454 cells · long enough: 566 of 289 cells
[final]     5.45s    wire 4 · round 1 backward · refine: found 389 cells
[final]     5.48s    wire 3 · round 1 backward · refine: found 349 cells
[final]     5.51s    wire 2 · round 1 backward · refine: found 301 cells
[final]     5.53s    wire 1 · round 1 backward · refine: found 259 cells · long enough: 292 of 289 cells
[final]     5.55s    wire 0 · round 1 backward · refine: found 123 cells
[final]     5.56s  refinement round 1 backward: moved 55 of 58, 0 too close to another, 0 of 2 searches without the room price took their length
[final]     5.58s    wire 0 · round 2 forward · refine: found 123 cells
[final]     5.60s    wire 1 · round 2 forward · refine: found 259 cells · long enough: 290 of 289 cells
[final]     5.63s    wire 2 · round 2 forward · refine: found 305 cells
[final]     5.66s    wire 3 · round 2 forward · refine: found 349 cells
[final]     5.70s    wire 4 · round 2 forward · refine: found 397 cells
[final]     5.74s    wire 5 · round 2 forward · refine: found 454 cells · long enough: 566 of 289 cells
[final]     5.77s    wire 6 · round 2 forward · refine: found 408 cells
[final]     5.80s    wire 7 · round 2 forward · refine: found 392 cells
[final]     5.83s    wire 8 · round 2 forward · refine: found 383 cells
[final]     5.85s    wire 9 · round 2 forward · refine: found 306 cells
[final]     5.88s    wire 10 · round 2 forward · refine: found 314 cells · long enough: 365 of 281 cells
[final]     5.91s    wire 11 · round 2 forward · refine: found 259 cells · long enough: 308 of 290 cells
[final]     5.93s    wire 12 · round 2 forward · refine: found 141 cells
[final]     5.95s    wire 13 · round 2 forward · refine: found 136 cells
[final]     5.98s    wire 14 · round 2 forward · refine: found 175 cells
[final]     6.03s    wire 15 · round 2 forward · refine: found 299 cells · meander: 182 → 291 cells for 290
[final]     6.06s    wire 16 · round 2 forward · refine: found 274 cells
[final]     6.09s    wire 17 · round 2 forward · refine: found 367 cells
[final]     6.12s    wire 18 · round 2 forward · refine: found 427 cells · long enough: 513 of 290 cells
[final]     6.15s    wire 19 · round 2 forward · refine: found 450 cells
[final]     6.18s    wire 20 · round 2 forward · refine: found 511 cells · long enough: 623 of 280 cells
[final]     6.21s    wire 21 · round 2 forward · refine: found 417 cells
[final]     6.24s    wire 22 · round 2 forward · refine: found 455 cells
[final]     6.27s    wire 23 · round 2 forward · refine: found 413 cells · long enough: 476 of 290 cells
[final]     6.29s    wire 24 · round 2 forward · refine: found 289 cells
[final]     6.31s    wire 25 · round 2 forward · refine: found 266 cells
[final]     6.37s    wire 26 · round 2 forward · refine: found 297 cells · meander: 181 → 292 cells for 290
[final]     6.39s    wire 27 · round 2 forward · refine: found 147 cells
[final]     6.41s    wire 28 · round 2 forward · refine: found 131 cells
[final]     6.43s    wire 29 · round 2 forward · refine: kept its way
[final]     6.44s    wire 30 · round 2 forward · refine: kept its way · without the room price: no way
[final]     6.47s    wire 31 · round 2 forward · refine: found 361 cells
[final]     6.50s    wire 32 · round 2 forward · refine: found 354 cells
[final]     6.53s    wire 33 · round 2 forward · refine: found 406 cells
[final]     6.57s    wire 34 · round 2 forward · refine: found 447 cells · long enough: 564 of 290 cells
[final]     6.60s    wire 35 · round 2 forward · refine: found 408 cells
[final]     6.63s    wire 36 · round 2 forward · refine: found 392 cells
[final]     6.65s    wire 37 · round 2 forward · refine: found 383 cells
[final]     6.68s    wire 38 · round 2 forward · refine: found 307 cells
[final]     6.70s    wire 39 · round 2 forward · refine: found 319 cells · long enough: 367 of 281 cells
[final]     6.73s    wire 40 · round 2 forward · refine: found 260 cells · long enough: 307 of 289 cells
[final]     6.75s    wire 41 · round 2 forward · refine: found 132 cells
[final]     6.78s    wire 42 · round 2 forward · refine: found 137 cells
[final]     6.80s    wire 43 · round 2 forward · refine: found 170 cells
[final]     6.82s    wire 44 · round 2 forward · refine: kept its way · without the room price: no way
[final]     6.85s    wire 45 · round 2 forward · refine: found 336 cells
[final]     6.87s    wire 46 · round 2 forward · refine: found 400 cells
[final]     6.91s    wire 47 · round 2 forward · refine: found 457 cells · long enough: 529 of 290 cells
[final]     6.94s    wire 48 · round 2 forward · refine: found 344 cells
[final]     6.98s    wire 49 · round 2 forward · refine: found 417 cells
[final]     7.00s    wire 50 · round 2 forward · refine: found 383 cells
[final]     7.03s    wire 51 · round 2 forward · refine: found 433 cells
[final]     7.06s    wire 52 · round 2 forward · refine: found 408 cells · long enough: 474 of 290 cells
[final]     7.08s    wire 53 · round 2 forward · refine: found 296 cells
[final]     7.11s    wire 54 · round 2 forward · refine: found 272 cells
[final]     7.16s    wire 55 · round 2 forward · refine: found 300 cells · meander: 182 → 293 cells for 290
[final]     7.18s    wire 56 · round 2 forward · refine: found 168 cells
[final]     7.20s    wire 57 · round 2 forward · refine: found 131 cells
[final]     7.20s  refinement round 2 forward : moved 55 of 58, 0 too close to another, 0 of 2 searches without the room price took their length
[final]     7.22s    wire 57 · round 3 backward · refine: found 131 cells
[final]     7.25s    wire 56 · round 3 backward · refine: found 168 cells
[final]     7.30s    wire 55 · round 3 backward · refine: found 300 cells · meander: 182 → 293 cells for 290
[final]     7.32s    wire 54 · round 3 backward · refine: found 272 cells
[final]     7.34s    wire 53 · round 3 backward · refine: found 296 cells
[final]     7.37s    wire 52 · round 3 backward · refine: found 408 cells · long enough: 474 of 290 cells
[final]     7.40s    wire 51 · round 3 backward · refine: found 428 cells
[final]     7.43s    wire 50 · round 3 backward · refine: found 379 cells
[final]     7.46s    wire 49 · round 3 backward · refine: found 413 cells
[final]     7.49s    wire 48 · round 3 backward · refine: found 344 cells
[final]     7.53s    wire 47 · round 3 backward · refine: found 472 cells · long enough: 560 of 290 cells
[final]     7.56s    wire 46 · round 3 backward · refine: found 403 cells
[final]     7.59s    wire 45 · round 3 backward · refine: found 335 cells
[final]     7.61s    wire 44 · round 3 backward · refine: kept its way · without the room price: no way
[final]     7.63s    wire 43 · round 3 backward · refine: found 170 cells
[final]     7.66s    wire 42 · round 3 backward · refine: found 137 cells
[final]     7.68s    wire 41 · round 3 backward · refine: found 132 cells
[final]     7.71s    wire 40 · round 3 backward · refine: found 260 cells · long enough: 307 of 289 cells
[final]     7.73s    wire 39 · round 3 backward · refine: found 323 cells · long enough: 370 of 281 cells
[final]     7.75s    wire 38 · round 3 backward · refine: found 310 cells
[final]     7.78s    wire 37 · round 3 backward · refine: found 383 cells
[final]     7.81s    wire 36 · round 3 backward · refine: found 394 cells
[final]     7.84s    wire 35 · round 3 backward · refine: found 408 cells
[final]     7.88s    wire 34 · round 3 backward · refine: found 476 cells · long enough: 581 of 290 cells
[final]     7.91s    wire 33 · round 3 backward · refine: found 392 cells
[final]     7.94s    wire 32 · round 3 backward · refine: found 354 cells
[final]     7.96s    wire 31 · round 3 backward · refine: found 354 cells
[final]     7.98s    wire 30 · round 3 backward · refine: kept its way · without the room price: no way
[final]     8.00s    wire 29 · round 3 backward · refine: kept its way
[final]     8.02s    wire 28 · round 3 backward · refine: found 131 cells
[final]     8.04s    wire 27 · round 3 backward · refine: found 147 cells
[final]     8.09s    wire 26 · round 3 backward · refine: found 299 cells · meander: 181 → 293 cells for 290
[final]     8.11s    wire 25 · round 3 backward · refine: found 266 cells
[final]     8.14s    wire 24 · round 3 backward · refine: found 289 cells
[final]     8.17s    wire 23 · round 3 backward · refine: found 413 cells · long enough: 476 of 290 cells
[final]     8.20s    wire 22 · round 3 backward · refine: found 455 cells
[final]     8.23s    wire 21 · round 3 backward · refine: found 419 cells
[final]     8.27s    wire 20 · round 3 backward · refine: found 515 cells · long enough: 625 of 280 cells
[final]     8.30s    wire 19 · round 3 backward · refine: found 452 cells
[final]     8.32s    wire 18 · round 3 backward · refine: found 433 cells · long enough: 516 of 290 cells
[final]     8.35s    wire 17 · round 3 backward · refine: found 367 cells
[final]     8.38s    wire 16 · round 3 backward · refine: found 278 cells
[final]     8.43s    wire 15 · round 3 backward · refine: found 299 cells · meander: 182 → 291 cells for 290
[final]     8.46s    wire 14 · round 3 backward · refine: found 175 cells
[final]     8.48s    wire 13 · round 3 backward · refine: found 136 cells
[final]     8.50s    wire 12 · round 3 backward · refine: found 141 cells
[final]     8.53s    wire 11 · round 3 backward · refine: found 259 cells · long enough: 308 of 290 cells
[final]     8.56s    wire 10 · round 3 backward · refine: found 314 cells · long enough: 365 of 281 cells
[final]     8.58s    wire 9 · round 3 backward · refine: found 310 cells
[final]     8.61s    wire 8 · round 3 backward · refine: found 383 cells
[final]     8.64s    wire 7 · round 3 backward · refine: found 391 cells
[final]     8.67s    wire 6 · round 3 backward · refine: found 408 cells
[final]     8.71s    wire 5 · round 3 backward · refine: found 435 cells · long enough: 557 of 289 cells
[final]     8.75s    wire 4 · round 3 backward · refine: found 397 cells
[final]     8.78s    wire 3 · round 3 backward · refine: found 349 cells
[final]     8.81s    wire 2 · round 3 backward · refine: found 310 cells
[final]     8.83s    wire 1 · round 3 backward · refine: found 266 cells · long enough: 297 of 289 cells
[final]     8.85s    wire 0 · round 3 backward · refine: found 193 cells
[final]     8.86s  refinement round 3 backward: moved 55 of 58, 0 too close to another, 0 of 2 searches without the room price took their length
[final]     8.88s    wire 0 · round 4 forward · refine: found 193 cells
[final]     8.90s    wire 1 · round 4 forward · refine: found 266 cells · long enough: 298 of 289 cells
[final]     8.93s    wire 2 · round 4 forward · refine: found 313 cells
[final]     8.96s    wire 3 · round 4 forward · refine: found 349 cells
[final]     9.00s    wire 4 · round 4 forward · refine: found 403 cells
[final]     9.04s    wire 5 · round 4 forward · refine: found 468 cells · long enough: 573 of 289 cells
[final]     9.07s    wire 6 · round 4 forward · refine: found 408 cells
[final]     9.10s    wire 7 · round 4 forward · refine: found 395 cells
[final]     9.13s    wire 8 · round 4 forward · refine: found 383 cells
[final]     9.15s    wire 9 · round 4 forward · refine: found 311 cells
[final]     9.18s    wire 10 · round 4 forward · refine: found 321 cells · long enough: 369 of 281 cells
[final]     9.21s    wire 11 · round 4 forward · refine: found 258 cells · long enough: 306 of 290 cells
[final]     9.23s    wire 12 · round 4 forward · refine: found 141 cells
[final]     9.25s    wire 13 · round 4 forward · refine: found 136 cells
[final]     9.27s    wire 14 · round 4 forward · refine: found 175 cells
[final]     9.33s    wire 15 · round 4 forward · refine: found 299 cells · meander: 182 → 291 cells for 290
[final]     9.35s    wire 16 · round 4 forward · refine: found 278 cells
[final]     9.38s    wire 17 · round 4 forward · refine: found 363 cells
[final]     9.41s    wire 18 · round 4 forward · refine: found 431 cells · long enough: 515 of 290 cells
[final]     9.44s    wire 19 · round 4 forward · refine: found 457 cells
[final]     9.46s    wire 20 · round 4 forward · refine: kept its way
[final]     9.49s    wire 21 · round 4 forward · refine: found 420 cells
[final]     9.52s    wire 22 · round 4 forward · refine: found 451 cells
[final]     9.55s    wire 23 · round 4 forward · refine: found 417 cells · long enough: 477 of 290 cells
[final]     9.57s    wire 24 · round 4 forward · refine: found 291 cells
[final]     9.59s    wire 25 · round 4 forward · refine: found 273 cells
[final]     9.64s    wire 26 · round 4 forward · refine: found 303 cells · meander: 179 → 292 cells for 290
[final]     9.66s    wire 27 · round 4 forward · refine: found 111 cells
[final]     9.68s    wire 28 · round 4 forward · refine: found 131 cells
[final]     9.70s    wire 29 · round 4 forward · refine: kept its way
[final]     9.72s    wire 30 · round 4 forward · refine: kept its way · without the room price: no way
[final]     9.74s    wire 31 · round 4 forward · refine: found 354 cells
[final]     9.77s    wire 32 · round 4 forward · refine: found 354 cells
[final]     9.80s    wire 33 · round 4 forward · refine: found 394 cells
[final]     9.84s    wire 34 · round 4 forward · refine: found 484 cells · long enough: 585 of 290 cells
[final]     9.87s    wire 35 · round 4 forward · refine: found 408 cells
[final]     9.90s    wire 36 · round 4 forward · refine: found 394 cells
[final]     9.93s    wire 37 · round 4 forward · refine: found 383 cells
[final]     9.95s    wire 38 · round 4 forward · refine: found 313 cells
[final]     9.97s    wire 39 · round 4 forward · refine: found 327 cells · long enough: 372 of 281 cells
[final]    10.00s    wire 40 · round 4 forward · refine: found 260 cells · long enough: 308 of 289 cells
[final]    10.02s    wire 41 · round 4 forward · refine: found 132 cells
[final]    10.05s    wire 42 · round 4 forward · refine: found 170 cells
[final]    10.07s    wire 43 · round 4 forward · refine: found 170 cells
[final]    10.09s    wire 44 · round 4 forward · refine: kept its way · without the room price: no way
[final]    10.12s    wire 45 · round 4 forward · refine: found 335 cells
[final]    10.15s    wire 46 · round 4 forward · refine: found 403 cells
[final]    10.19s    wire 47 · round 4 forward · refine: found 472 cells · long enough: 560 of 290 cells
[final]    10.22s    wire 48 · round 4 forward · refine: found 348 cells
[final]    10.24s    wire 49 · round 4 forward · refine: found 413 cells
[final]    10.27s    wire 50 · round 4 forward · refine: found 379 cells
[final]    10.29s    wire 51 · round 4 forward · refine: found 427 cells
[final]    10.32s    wire 52 · round 4 forward · refine: found 408 cells · long enough: 474 of 290 cells
[final]    10.35s    wire 53 · round 4 forward · refine: found 294 cells
[final]    10.37s    wire 54 · round 4 forward · refine: found 271 cells
[final]    10.42s    wire 55 · round 4 forward · refine: found 300 cells · meander: 182 → 293 cells for 290
[final]    10.44s    wire 56 · round 4 forward · refine: found 168 cells
[final]    10.46s    wire 57 · round 4 forward · refine: found 131 cells
[final]    10.46s  refinement round 4 forward : moved 54 of 58, 0 too close to another, 0 of 2 searches without the room price took their length
[final]    10.46s    length point of 1 at (1012,1374), band 33 cells, nearest: 0 at 50.0, 2 at 51.0
[final]    10.46s    length point of 5 at (1192,1098), band 41 cells, nearest: 4 at 69.0, 6 at 74.2
[final]    10.46s    length point of 10 at (1322,789), band 40 cells, nearest: 11 at 61.5, 9 at 81.9
[final]    10.46s    length point of 11 at (1366,695), band 42 cells, nearest: none within 100
[final]    10.46s    length point of 15 at (1377,412), band 31 cells, nearest: 14 at 50.0, 16 at 51.0
[final]    10.46s    length point of 18 at (1180,266), band 46 cells, nearest: 17 at 66.5, 19 at 68.0
[final]    10.46s    length point of 20 at (1053,243), band 56 cells, nearest: 21 at 55.0, 19 at 59.0, 22 at 94.0
[final]    10.46s    length point of 23 at (889,217), band 56 cells, nearest: 24 at 68.0, 22 at 68.6
[final]    10.46s    length point of 26 at (712,46), band 30 cells, nearest: 25 at 50.0, 27 at 50.0
[final]    10.46s    length point of 30 at (393,68), band 43 cells, nearest: 29 at 41.0
[final]    10.46s    length point of 34 at (232,337), band 41 cells, nearest: 33 at 62.9, 35 at 67.2
[final]    10.46s    length point of 39 at (103,634), band 41 cells, nearest: 40 at 65.8, 38 at 81.4
[final]    10.46s    length point of 40 at (61,729), band 44 cells, nearest: none within 100
[final]    10.46s    length point of 44 at (46,1012), band 29 cells, nearest: 43 at 50.0, 45 at 51.0
[final]    10.46s    length point of 47 at (262,1159), band 44 cells, nearest: 46 at 62.2, 48 at 71.4
[final]    10.46s    length point of 52 at (528,1205), band 58 cells, nearest: 53 at 62.0, 51 at 66.0
[final]    10.46s    length point of 55 at (712,1378), band 29 cells, nearest: 54 at 50.0, 56 at 50.0
[final]    10.46s  outer routing: LENPT k=40 band=±10%: 17 length points (0 unknown), nearest other wire min 41.0 mean 62.6 cells, 0 below k; histogram <20:0 20-25:0 25-30:0 30-40:0 40-60:7 60-100:8 >=100:2
[final]    10.46s  couplers sit inside x 81..1343 y 81..1343, which is what the launcher stubs leave open at a run of 16 cells inflated by 19 (1 cells of lead over the stub itself, 5 of margin); a place is taken where one of the eight orientations puts both feedline ports, their runs and the 5 cells of the turn after them inside it
[final]    10.54s    coupler for resonator 1: 29 options, orientations 0 1 2 3 4 5 6 7
[final]    10.57s    coupler for resonator 5: 45 options, orientations 0 1 2 3 4 5 6 7
[final]    10.61s    coupler for resonator 10: 42 options, orientations 0 1 2 3 4 5 6 7
[final]    10.67s    coupler for resonator 11: 34 options, orientations 0 1 2 3 4 5 6 7
[final]    10.75s    coupler for resonator 15: 26 options, orientations 0 1 2 3 4 5 7
[final]    10.77s    coupler for resonator 18: 46 options, orientations 0 1 2 3 4 5 6 7
[final]    10.79s    coupler for resonator 20: 45 options, orientations 0 1 2 3 4 5 6 7
[final]    10.82s    coupler for resonator 23: 45 options, orientations 0 1 2 3 4 5 6 7
[final]    10.91s    coupler for resonator 26: 15 options, orientations 0 1 2 5 6 7
[final]    11.00s    coupler for resonator 30: 19 options, orientations 2 3 4 5 6 7
[final]    11.03s    coupler for resonator 34: 45 options, orientations 0 1 2 3 4 5 6 7
[final]    11.06s    coupler for resonator 39: 44 options, orientations 0 1 2 3 4 5 6 7
[final]    11.11s    coupler for resonator 40: 37 options, orientations 0 1 2 3 4 5 6 7
[final]    11.20s    coupler for resonator 44: 7 options, orientations 0 4 7
[final]    11.22s    coupler for resonator 47: 46 options, orientations 0 1 2 3 4 5 6 7
[final]    11.25s    coupler for resonator 52: 45 options, orientations 0 1 2 3 4 5 6 7
[final]    11.35s    coupler for resonator 55: 13 options, orientations 1 2 3 4 5 6 7
[final]    11.35s    [Coupler Insertion] chain 0 edge 2->3: 3 plain wires must cross it (12 13 14)
[final]    11.35s    [Coupler Insertion] chain 0 edge 3->4: 2 plain wires must cross it (16 17)
[final]    11.35s    [Coupler Insertion] chain 0 edge 4->5: 1 plain wire must cross it (19)
[final]    11.35s    [Coupler Insertion] chain 1 edge 1->2: 2 plain wires must cross it (24 25)
[final]    11.35s    [Coupler Insertion] chain 1 edge 2->3: 3 plain wires must cross it (27 28 29)
[final]    11.35s    [Coupler Insertion] chain 1 edge 3->4: 3 plain wires must cross it (31 32 33)
[final]    11.35s    [Coupler Insertion] chain 2 edge 2->3: 3 plain wires must cross it (41 42 43)
[final]    11.35s    [Coupler Insertion] chain 2 edge 3->4: 2 plain wires must cross it (45 46)
[final]    11.35s    [Coupler Insertion] chain 3 edge 0->1: 2 plain wires must cross it (53 54)
[final]    11.35s    [Coupler Insertion] chain 3 edge 1->2: 3 plain wires must cross it (56 57 0)
[final]    11.35s    [Coupler Insertion] chain 3 edge 2->3: 3 plain wires must cross it (2 3 4)
[final]    11.35s  [Coupler Insertion] settings: search prefix A* (default), each chain on its own chip yes (default), commit keeps the search's ways no (default), 10s a chain (default), shortfall 30% (default); room: pitch 20 (default), margin 10 (default), channel reach 80 (default), channel count ways (default), report yes (default)
[final]    11.35s    fence for edge c0-0to1: 0 ways (1 neighbours), 0 cells closed
[final]    11.35s    edge c0-0to1: 16 cells of its slots (20 and 20 cells) were closed and are open again
[final]    11.36s    fence for edge c0-0to1: 0 ways (1 neighbours), 0 cells closed
[final]    11.37s    fence for edge c0-0to1: 0 ways (1 neighbours), 0 cells closed
[final]    11.37s    fence for edge c0-0to1: 0 ways (1 neighbours), 0 cells closed
[final]    11.37s    edge c0-0to1: 16 cells of its slots (20 and 20 cells) were closed and are open again
[final]    11.38s    fence for edge c0-1to2: 0 ways (2 neighbours), 0 cells closed
[final]    11.38s    edge c0-1to2: 23 cells of its slots (20 and 26 cells) were closed and are open again
[final]    11.40s    edge of chain 0 from 1 to 2: no way; source (1259, 799) heading 3 -> (1244, 814) free, target (1338, 739) heading 0 -> (1338, 760) free | waypoint 1 way (1277,789)..(1124,746) 258 cells, outer (1378,729)..(1124,746) 321 cells, target (1124,746) | waypoint 2 way (1334,719)..(1159,755) 219 cells, outer (1378,695)..(1159,755) 258 cells, target (1159,755)
[final]    11.41s    fence for edge c0-1to2: 0 ways (2 neighbours), 0 cells closed
[final]    11.41s    [Coupler Insertion] chain 0 edge 1->2: a way of 171 cells refused, squeezed at (1273,766): 1 wire (11) in 27 cells to the artwork, need 39 (19 + 1 x 20), short by 12
[final]    11.41s    edge of chain 0 from 1 to 2: no way; source (1259, 799) heading 3 -> (1244, 814) free, target (1338, 739) heading 0 -> (1338, 760) free | waypoint 1 way (1277,789)..(1124,746) 258 cells, outer (1378,729)..(1124,746) 321 cells, target (1124,746) | waypoint 2 way (1334,719)..(1159,755) 219 cells, outer (1378,695)..(1159,755) 258 cells, target (1159,755)
[final]    11.42s    fence for edge c0-1to2: 0 ways (2 neighbours), 0 cells closed
[final]    11.42s    edge c0-1to2: 24 cells of its slots (20 and 26 cells) were closed and are open again
[final]    11.42s    [Coupler Insertion] chain 0 edge 1->2: a way of 183 cells refused, squeezed at (1264,766): 1 wire (11) in 21 cells to the artwork, need 39 (19 + 1 x 20), short by 18
[final]    11.42s    edge of chain 0 from 1 to 2: no way; source (1259, 799) heading 3 -> (1244, 814) free, target (1338, 709) heading 0 -> (1338, 730) free | waypoint 1 way (1277,789)..(1124,746) 258 cells, outer (1378,729)..(1124,746) 321 cells, target (1124,746) | waypoint 2 way (1334,709)..(1159,755) 219 cells, outer (1378,695)..(1159,755) 258 cells, target (1159,755)
[final]    11.42s    fence for edge c0-1to2: 0 ways (2 neighbours), 0 cells closed
[final]    11.42s    edge c0-1to2: 24 cells of its slots (20 and 26 cells) were closed and are open again
[final]    11.43s    [Coupler Insertion] chain 0 edge 1->2: a way of 174 cells refused, squeezed at (1273,766): 1 wire (11) in 27 cells to the artwork, need 39 (19 + 1 x 20), short by 12
[final]    11.43s    edge of chain 0 from 1 to 2: no way; source (1259, 799) heading 3 -> (1244, 814) free, target (1338, 709) heading 0 -> (1338, 730) free | waypoint 1 way (1277,789)..(1124,746) 258 cells, outer (1378,729)..(1124,746) 321 cells, target (1124,746) | waypoint 2 way (1334,709)..(1159,755) 219 cells, outer (1378,695)..(1159,755) 258 cells, target (1159,755)
[final]    11.43s    fence for edge c0-1to2: 0 ways (2 neighbours), 0 cells closed
[final]    11.43s    edge c0-1to2: 21 cells of its slots (20 and 20 cells) were closed and are open again
[final]    11.43s    edge of chain 0 from 1 to 2: no way; source (1259, 799) heading 3 -> (1244, 814) free, target (1304, 773) heading 7 -> (1289, 788) free | waypoint 1 way (1277,789)..(1124,746) 258 cells, outer (1378,729)..(1124,746) 321 cells, target (1124,746) | waypoint 2 way (1314,755)..(1159,755) 199 cells, outer (1378,695)..(1159,755) 258 cells, target (1159,755)
[final]    11.44s    fence for edge c0-1to2: 0 ways (2 neighbours), 0 cells closed
[final]    11.44s    edge c0-1to2: 16 cells of its slots (20 and 20 cells) were closed and are open again
[final]    11.50s    edge of chain 0 from 1 to 2: no way; source (1259, 799) heading 3 -> (1244, 814) free, target (1304, 773) heading 7 -> (1289, 788) free | waypoint 1 way (1277,789)..(1124,746) 258 cells, outer (1378,729)..(1124,746) 321 cells, target (1124,746) | waypoint 2 way (1314,755)..(1159,755) 199 cells, outer (1378,695)..(1159,755) 258 cells, target (1159,755)
[final]    11.51s    fence for edge c0-1to2: 0 ways (2 neighbours), 0 cells closed
[final]    11.51s    edge c0-1to2: 21 cells of its slots (20 and 20 cells) were closed and are open again
[final]    11.51s    edge of chain 0 from 1 to 2: no way; source (1259, 799) heading 3 -> (1244, 814) free, target (1304, 773) heading 7 -> (1289, 788) free | waypoint 1 way (1277,789)..(1124,746) 258 cells, outer (1378,729)..(1124,746) 321 cells, target (1124,746) | waypoint 2 way (1300,769)..(1159,755) 178 cells, outer (1378,695)..(1159,755) 258 cells, target (1159,755)
[final]    11.51s    fence for edge c0-1to2: 0 ways (2 neighbours), 0 cells closed
[final]    11.51s    edge c0-1to2: 21 cells of its slots (20 and 20 cells) were closed and are open again
[final]    11.51s    edge of chain 0 from 1 to 2: no way; source (1259, 799) heading 3 -> (1244, 814) free, target (1304, 773) heading 7 -> (1289, 788) free | waypoint 1 way (1277,789)..(1124,746) 258 cells, outer (1378,729)..(1124,746) 321 cells, target (1124,746) | waypoint 2 way (1300,769)..(1159,755) 178 cells, outer (1378,695)..(1159,755) 258 cells, target (1159,755)
[final]    11.52s    fence for edge c0-0to1: 0 ways (1 neighbours), 0 cells closed
[final]    11.52s    fence for edge c0-0to1: 0 ways (1 neighbours), 0 cells closed
[final]    11.52s    edge c0-0to1: 5 cells of its slots (20 and 20 cells) were closed and are open again
[final]    11.53s    [Coupler Insertion] chain 0 edge 0->1: a way of 188 cells refused, squeezed at (1271,768): 1 wire (11) in 25 cells to the artwork, need 39 (19 + 1 x 20), short by 14
[final]    11.53s    edge of chain 0 from 0 to 1: no way; source (1379, 762) heading 2 -> (1368, 762) free, target (1233, 843) heading 5 -> (1218, 828) free | waypoint 1 way (1251,853)..(1124,746) 232 cells, outer (1378,729)..(1124,746) 321 cells, target (1124,746)
[final]    11.53s    fence for edge c0-0to1: 0 ways (1 neighbours), 0 cells closed
[final]    11.53s    edge c0-0to1: 16 cells of its slots (20 and 20 cells) were closed and are open again
[final]    11.56s    fence for edge c0-0to1: 0 ways (1 neighbours), 0 cells closed
[final]    11.57s    fence for edge c0-0to1: 0 ways (1 neighbours), 0 cells closed
[final]    11.57s    edge c0-0to1: 24 cells of its slots (20 and 26 cells) were closed and are open again
[final]    11.59s    fence for edge c0-0to1: 0 ways (1 neighbours), 0 cells closed
[final]    11.60s    fence for edge c0-0to1: 0 ways (1 neighbours), 0 cells closed
[final]    11.60s    edge c0-0to1: 16 cells of its slots (20 and 20 cells) were closed and are open again
[final]    11.61s    fence for edge c0-1to2: 0 ways (2 neighbours), 0 cells closed
[final]    11.61s    edge c0-1to2: 26 cells of its slots (20 and 26 cells) were closed and are open again
[final]    11.62s    [Coupler Insertion] chain 0 edge 1->2: a way of 106 cells refused, squeezed at (1263,766): 1 wire (11) in 21 cells to the artwork, need 39 (19 + 1 x 20), short by 18
[final]    11.62s    edge of chain 0 from 1 to 2: no way; source (1259, 799) heading 3 -> (1244, 814) free, target (1292, 765) heading 6 -> (1271, 765) free | waypoint 1 way (1277,789)..(1124,746) 258 cells, outer (1378,729)..(1124,746) 321 cells, target (1124,746) | waypoint 2 way (1292,761)..(1159,755) 196 cells, outer (1378,695)..(1159,755) 258 cells, target (1159,755)
[final]    11.62s    fence for edge c0-1to2: 0 ways (2 neighbours), 0 cells closed
[final]    11.62s    edge c0-1to2: 24 cells of its slots (20 and 26 cells) were closed and are open again
[final]    11.62s    [Coupler Insertion] chain 0 edge 1->2: a way of 102 cells refused, squeezed at (1267,766): 1 wire (11) in 21 cells to the artwork, need 39 (19 + 1 x 20), short by 18
[final]    11.62s    edge of chain 0 from 1 to 2: no way; source (1259, 799) heading 3 -> (1244, 814) free, target (1292, 765) heading 6 -> (1271, 765) free | waypoint 1 way (1277,789)..(1124,746) 258 cells, outer (1378,729)..(1124,746) 321 cells, target (1124,746) | waypoint 2 way (1292,761)..(1159,755) 196 cells, outer (1378,695)..(1159,755) 258 cells, target (1159,755)
[final]    11.62s    fence for edge c0-0to1: 0 ways (1 neighbours), 0 cells closed
[final]    11.63s    fence for edge c0-1to2: 0 ways (2 neighbours), 0 cells closed
[final]    11.63s    edge c0-1to2: 24 cells of its slots (26 and 26 cells) were closed and are open again
[final]    11.64s    fence for edge c0-2to3: 0 ways (2 neighbours), 0 cells closed
[final]    11.64s    edge c0-2to3: 24 cells of its slots (26 and 26 cells) were closed and are open again
[final]    11.65s    fence for edge c0-3to4: 0 ways (2 neighbours), 0 cells closed
[final]    11.65s    edge c0-3to4: 24 cells of its slots (26 and 20 cells) were closed and are open again
[final]    11.65s    fence for edge c0-3to4: 0 ways (2 neighbours), 0 cells closed
[final]    11.65s    edge c0-3to4: 24 cells of its slots (26 and 26 cells) were closed and are open again
[final]    11.66s    fence for edge c0-4to5: 0 ways (2 neighbours), 0 cells closed
[final]    11.66s    edge c0-4to5: 24 cells of its slots (26 and 20 cells) were closed and are open again
[final]    11.67s    fence for edge c0-3to4: 0 ways (2 neighbours), 0 cells closed
[final]    11.67s    edge c0-3to4: 48 cells of its slots (26 and 26 cells) were closed and are open again
[final]    11.68s    fence for edge c0-4to5: 0 ways (2 neighbours), 0 cells closed
[final]    11.69s    fence for edge c0-2to3: 0 ways (2 neighbours), 0 cells closed
[final]    11.69s    edge c0-2to3: 48 cells of its slots (26 and 26 cells) were closed and are open again
[final]    11.69s    fence for edge c0-3to4: 0 ways (2 neighbours), 0 cells closed
[final]    11.70s    fence for edge c0-4to5: 0 ways (2 neighbours), 0 cells closed
[final]    11.70s    edge c0-4to5: 24 cells of its slots (26 and 20 cells) were closed and are open again
[final]    11.71s    fence for edge c0-3to4: 0 ways (2 neighbours), 0 cells closed
[final]    11.71s    edge c0-3to4: 24 cells of its slots (26 and 26 cells) were closed and are open again
[final]    11.72s    fence for edge c0-4to5: 0 ways (2 neighbours), 0 cells closed
[final]    11.72s    fence for edge c0-2to3: 0 ways (2 neighbours), 0 cells closed
[final]    11.72s    edge c0-2to3: 40 cells of its slots (26 and 20 cells) were closed and are open again
[final]    11.73s    fence for edge c0-3to4: 0 ways (2 neighbours), 0 cells closed
[final]    11.73s    edge c0-3to4: 24 cells of its slots (20 and 26 cells) were closed and are open again
[final]    11.74s    fence for edge c0-4to5: 0 ways (2 neighbours), 0 cells closed
[final]    11.75s    fence for edge c0-1to2: 0 ways (2 neighbours), 0 cells closed
[final]    11.75s    edge c0-1to2: 48 cells of its slots (26 and 26 cells) were closed and are open again
[final]    11.75s    fence for edge c0-2to3: 0 ways (2 neighbours), 0 cells closed
[final]    11.76s    fence for edge c0-4to5: 0 ways (2 neighbours), 0 cells closed
[final]    11.76s    edge c0-4to5: 24 cells of its slots (26 and 20 cells) were closed and are open again
[final]    11.77s    fence for edge c0-4to5: 0 ways (2 neighbours), 0 cells closed
[final]    11.78s    fence for edge c0-2to3: 0 ways (2 neighbours), 0 cells closed
[final]    11.78s    edge c0-2to3: 24 cells of its slots (26 and 26 cells) were closed and are open again
[final]    11.78s    fence for edge c0-4to5: 0 ways (2 neighbours), 0 cells closed
[final]    11.78s    edge c0-4to5: 24 cells of its slots (26 and 20 cells) were closed and are open again
[final]    11.79s    fence for edge c0-4to5: 0 ways (2 neighbours), 0 cells closed
[final]    11.80s    fence for edge c0-2to3: 0 ways (2 neighbours), 0 cells closed
[final]    11.80s    edge c0-2to3: 16 cells of its slots (26 and 20 cells) were closed and are open again
[final]    11.81s    fence for edge c0-4to5: 0 ways (2 neighbours), 0 cells closed
[final]    11.82s    fence for edge c0-0to1: 0 ways (1 neighbours), 0 cells closed
[final]    11.82s    edge c0-0to1: 24 cells of its slots (20 and 26 cells) were closed and are open again
[final]    11.82s    fence for edge c0-1to2: 0 ways (2 neighbours), 0 cells closed
[final]    11.83s    edge of chain 0 from 1 to 2: no way; source (1331, 783) heading 0 -> (1331, 762) free, target (1338, 739) heading 0 -> (1338, 760) free | waypoint 1 way (1327,803)..(1124,746) 263 cells, outer (1378,729)..(1124,746) 321 cells, target (1124,746) | waypoint 2 way (1334,719)..(1159,755) 219 cells, outer (1378,695)..(1159,755) 258 cells, target (1159,755)
[final]    11.83s    fence for edge c0-1to2: 0 ways (2 neighbours), 0 cells closed
[final]    11.84s    edge of chain 0 from 1 to 2: no way; source (1331, 783) heading 0 -> (1331, 762) free, target (1338, 739) heading 0 -> (1338, 760) free | waypoint 1 way (1327,803)..(1124,746) 263 cells, outer (1378,729)..(1124,746) 321 cells, target (1124,746) | waypoint 2 way (1334,719)..(1159,755) 219 cells, outer (1378,695)..(1159,755) 258 cells, target (1159,755)
[final]    11.84s    fence for edge c0-1to2: 0 ways (2 neighbours), 0 cells closed
[final]    11.84s    edge c0-1to2: 24 cells of its slots (26 and 26 cells) were closed and are open again
[final]    11.85s    fence for edge c0-4to5: 0 ways (2 neighbours), 0 cells closed
[final]    11.85s    edge c0-4to5: 24 cells of its slots (26 and 20 cells) were closed and are open again
[final]    11.86s    fence for edge c0-4to5: 0 ways (2 neighbours), 0 cells closed
[final]    11.86s    fence for edge c0-4to5: 0 ways (2 neighbours), 0 cells closed
[final]    11.86s    edge c0-4to5: 24 cells of its slots (26 and 20 cells) were closed and are open again
[final]    11.87s    fence for edge c0-4to5: 0 ways (2 neighbours), 0 cells closed
[final]    11.88s    fence for edge c0-4to5: 0 ways (2 neighbours), 0 cells closed
[final]    11.89s    fence for edge c0-0to1: 0 ways (1 neighbours), 0 cells closed
[final]    11.90s    fence for edge c0-1to2: 0 ways (2 neighbours), 0 cells closed
[final]    11.90s    edge c0-1to2: 16 cells of its slots (20 and 26 cells) were closed and are open again
[final]    11.90s    fence for edge c0-1to2: 0 ways (2 neighbours), 0 cells closed
[final]    11.90s    edge c0-1to2: 40 cells of its slots (20 and 26 cells) were closed and are open again
[final]    11.91s    fence for edge c0-4to5: 0 ways (2 neighbours), 0 cells closed
[final]    11.91s    edge c0-4to5: 24 cells of its slots (26 and 20 cells) were closed and are open again
[final]    11.92s    fence for edge c0-4to5: 0 ways (2 neighbours), 0 cells closed
[final]    11.93s    fence for edge c0-4to5: 0 ways (2 neighbours), 0 cells closed
[final]    11.93s    edge c0-4to5: 24 cells of its slots (26 and 20 cells) were closed and are open again
[final]    11.93s    fence for edge c0-4to5: 0 ways (2 neighbours), 0 cells closed
[final]    11.94s    fence for edge c0-4to5: 0 ways (2 neighbours), 0 cells closed
[final]    11.95s    fence for edge c0-1to2: 0 ways (2 neighbours), 0 cells closed
[final]    11.95s    edge c0-1to2: 16 cells of its slots (20 and 20 cells) were closed and are open again
[final]    11.96s    fence for edge c0-2to3: 0 ways (2 neighbours), 0 cells closed
[final]    11.96s    edge c0-2to3: 16 cells of its slots (20 and 26 cells) were closed and are open again
[final]    11.96s    fence for edge c0-4to5: 0 ways (2 neighbours), 0 cells closed
[final]    11.96s    edge c0-4to5: 24 cells of its slots (26 and 20 cells) were closed and are open again
[final]    11.97s    fence for edge c0-4to5: 0 ways (2 neighbours), 0 cells closed
[final]    11.98s    fence for edge c0-2to3: 0 ways (2 neighbours), 0 cells closed
[final]    11.98s    edge c0-2to3: 40 cells of its slots (20 and 26 cells) were closed and are open again
[final]    11.99s    fence for edge c0-4to5: 0 ways (2 neighbours), 0 cells closed
[final]    11.99s    edge c0-4to5: 24 cells of its slots (26 and 20 cells) were closed and are open again
[final]    12.00s    fence for edge c0-4to5: 0 ways (2 neighbours), 0 cells closed
[final]    12.00s    fence for edge c0-2to3: 0 ways (2 neighbours), 0 cells closed
[final]    12.00s    edge c0-2to3: 32 cells of its slots (20 and 20 cells) were closed and are open again
[final]    12.01s    fence for edge c0-4to5: 0 ways (2 neighbours), 0 cells closed
[final]    12.02s    fence for edge c0-1to2: 0 ways (2 neighbours), 0 cells closed
[final]    12.02s    edge c0-1to2: 32 cells of its slots (20 and 20 cells) were closed and are open again
[final]    12.03s    fence for edge c0-2to3: 0 ways (2 neighbours), 0 cells closed
[final]    12.03s    fence for edge c0-4to5: 0 ways (2 neighbours), 0 cells closed
[final]    12.03s    edge c0-4to5: 24 cells of its slots (26 and 20 cells) were closed and are open again
[final]    12.04s    fence for edge c0-4to5: 0 ways (2 neighbours), 0 cells closed
[final]    12.05s    fence for edge c0-2to3: 0 ways (2 neighbours), 0 cells closed
[final]    12.05s    edge c0-2to3: 24 cells of its slots (20 and 26 cells) were closed and are open again
[final]    12.06s    fence for edge c0-4to5: 0 ways (2 neighbours), 0 cells closed
[final]    12.06s    edge c0-4to5: 24 cells of its slots (26 and 20 cells) were closed and are open again
[final]    12.07s    fence for edge c0-4to5: 0 ways (2 neighbours), 0 cells closed
[final]    12.08s    fence for edge c0-2to3: 0 ways (2 neighbours), 0 cells closed
[final]    12.08s    edge c0-2to3: 16 cells of its slots (20 and 20 cells) were closed and are open again
[final]    12.08s    fence for edge c0-4to5: 0 ways (2 neighbours), 0 cells closed
[final]    12.09s    fence for edge c0-1to2: 0 ways (2 neighbours), 0 cells closed
[final]    12.09s    edge c0-1to2: 24 cells of its slots (20 and 26 cells) were closed and are open again
[final]    12.10s    fence for edge c0-1to2: 0 ways (2 neighbours), 0 cells closed
[final]    12.10s    edge c0-1to2: 48 cells of its slots (26 and 26 cells) were closed and are open again
[final]    12.10s    [Coupler Insertion] chain 0 edge 1->2: a way of 146 cells refused, squeezed at (1277,777): 1 wire (11) in 37 cells to the artwork, need 39 (19 + 1 x 20), short by 2
[final]    12.10s    edge of chain 0 from 1 to 2: no way; source (1292, 796) heading 2 -> (1271, 796) free, target (1338, 709) heading 0 -> (1338, 730) free | waypoint 1 way (1292,800)..(1124,746) 247 cells, outer (1378,729)..(1124,746) 321 cells, target (1124,746) | waypoint 2 way (1334,709)..(1159,755) 219 cells, outer (1378,695)..(1159,755) 258 cells, target (1159,755)
[final]    12.11s    fence for edge c0-1to2: 0 ways (2 neighbours), 0 cells closed
[final]    12.11s    edge c0-1to2: 48 cells of its slots (26 and 26 cells) were closed and are open again
[final]    12.11s    [Coupler Insertion] chain 0 edge 1->2: a way of 146 cells refused, squeezed at (1277,777): 1 wire (11) in 37 cells to the artwork, need 39 (19 + 1 x 20), short by 2
[final]    12.11s    edge of chain 0 from 1 to 2: no way; source (1292, 796) heading 2 -> (1271, 796) free, target (1338, 709) heading 0 -> (1338, 730) free | waypoint 1 way (1292,800)..(1124,746) 247 cells, outer (1378,729)..(1124,746) 321 cells, target (1124,746) | waypoint 2 way (1334,709)..(1159,755) 219 cells, outer (1378,695)..(1159,755) 258 cells, target (1159,755)
[final]    12.11s    fence for edge c0-0to1: 0 ways (1 neighbours), 0 cells closed
[final]    12.11s    edge c0-0to1: 24 cells of its slots (20 and 26 cells) were closed and are open again
[final]    12.12s    fence for edge c0-1to2: 0 ways (2 neighbours), 0 cells closed
[final]    12.12s    edge c0-1to2: 22 cells of its slots (26 and 26 cells) were closed and are open again
[final]    12.15s    edge of chain 0 from 1 to 2: no way; source (1278, 780) heading 2 -> (1257, 780) free, target (1338, 739) heading 0 -> (1338, 760) free | waypoint 1 way (1298,784)..(1124,746) 263 cells, outer (1378,729)..(1124,746) 321 cells, target (1124,746) | waypoint 2 way (1334,719)..(1159,755) 219 cells, outer (1378,695)..(1159,755) 258 cells, target (1159,755)
[final]    12.15s    fence for edge c0-1to2: 0 ways (2 neighbours), 0 cells closed
[final]    12.16s    edge of chain 0 from 1 to 2: no way; source (1278, 780) heading 2 -> (1257, 780) free, target (1338, 739) heading 0 -> (1338, 760) free | waypoint 1 way (1298,784)..(1124,746) 263 cells, outer (1378,729)..(1124,746) 321 cells, target (1124,746) | waypoint 2 way (1334,719)..(1159,755) 219 cells, outer (1378,695)..(1159,755) 258 cells, target (1159,755)
[final]    12.16s    fence for edge c0-1to2: 0 ways (2 neighbours), 0 cells closed
[final]    12.16s    edge c0-1to2: 24 cells of its slots (26 and 26 cells) were closed and are open again
[final]    12.16s    edge of chain 0 from 1 to 2: no way; source (1278, 780) heading 2 -> (1257, 780) free, target (1338, 709) heading 0 -> (1338, 730) free | waypoint 1 way (1298,784)..(1124,746) 263 cells, outer (1378,729)..(1124,746) 321 cells, target (1124,746) | waypoint 2 way (1334,709)..(1159,755) 219 cells, outer (1378,695)..(1159,755) 258 cells, target (1159,755)
[final]    12.17s    fence for edge c0-1to2: 0 ways (2 neighbours), 0 cells closed
[final]    12.17s    edge c0-1to2: 24 cells of its slots (26 and 26 cells) were closed and are open again
[final]    12.17s    edge of chain 0 from 1 to 2: no way; source (1278, 780) heading 2 -> (1257, 780) free, target (1338, 709) heading 0 -> (1338, 730) free | waypoint 1 way (1298,784)..(1124,746) 263 cells, outer (1378,729)..(1124,746) 321 cells, target (1124,746) | waypoint 2 way (1334,709)..(1159,755) 219 cells, outer (1378,695)..(1159,755) 258 cells, target (1159,755)
[final]    12.18s    fence for edge c0-1to2: 0 ways (2 neighbours), 0 cells closed
[final]    12.18s    edge c0-1to2: 24 cells of its slots (26 and 26 cells) were closed and are open again
[final]    12.18s    edge of chain 0 from 1 to 2: no way; source (1278, 780) heading 2 -> (1257, 780) free, target (1292, 765) heading 6 -> (1271, 765) free | waypoint 1 way (1298,784)..(1124,746) 263 cells, outer (1378,729)..(1124,746) 321 cells, target (1124,746) | waypoint 2 way (1292,761)..(1159,755) 196 cells, outer (1378,695)..(1159,755) 258 cells, target (1159,755)
[final]    12.18s    fence for edge c0-1to2: 0 ways (2 neighbours), 0 cells closed
[final]    12.18s    edge c0-1to2: 24 cells of its slots (26 and 26 cells) were closed and are open again
[final]    12.19s    edge of chain 0 from 1 to 2: no way; source (1278, 780) heading 2 -> (1257, 780) free, target (1292, 765) heading 6 -> (1271, 765) free | waypoint 1 way (1298,784)..(1124,746) 263 cells, outer (1378,729)..(1124,746) 321 cells, target (1124,746) | waypoint 2 way (1292,761)..(1159,755) 196 cells, outer (1378,695)..(1159,755) 258 cells, target (1159,755)
[final]    12.19s    fence for edge c0-1to2: 0 ways (2 neighbours), 0 cells closed
[final]    12.19s    edge c0-1to2: 21 cells of its slots (26 and 20 cells) were closed and are open again
[final]    12.19s    edge of chain 0 from 1 to 2: no way; source (1278, 780) heading 2 -> (1257, 780) free, target (1304, 773) heading 7 -> (1289, 788) free | waypoint 1 way (1298,784)..(1124,746) 263 cells, outer (1378,729)..(1124,746) 321 cells, target (1124,746) | waypoint 2 way (1314,755)..(1159,755) 199 cells, outer (1378,695)..(1159,755) 258 cells, target (1159,755)
[final]    12.19s    fence for edge c0-1to2: 0 ways (2 neighbours), 0 cells closed
[final]    12.19s    edge c0-1to2: 21 cells of its slots (26 and 20 cells) were closed and are open again
[final]    12.20s    edge of chain 0 from 1 to 2: no way; source (1278, 780) heading 2 -> (1257, 780) free, target (1304, 773) heading 7 -> (1289, 788) free | waypoint 1 way (1298,784)..(1124,746) 263 cells, outer (1378,729)..(1124,746) 321 cells, target (1124,746) | waypoint 2 way (1314,755)..(1159,755) 199 cells, outer (1378,695)..(1159,755) 258 cells, target (1159,755)
[final]    12.20s    fence for edge c0-1to2: 0 ways (2 neighbours), 0 cells closed
[final]    12.20s    edge c0-1to2: 22 cells of its slots (26 and 20 cells) were closed and are open again
[final]    12.20s    edge of chain 0 from 1 to 2: no way; source (1278, 780) heading 2 -> (1257, 780) free, target (1304, 773) heading 7 -> (1289, 788) free | waypoint 1 way (1298,784)..(1124,746) 263 cells, outer (1378,729)..(1124,746) 321 cells, target (1124,746) | waypoint 2 way (1300,769)..(1159,755) 178 cells, outer (1378,695)..(1159,755) 258 cells, target (1159,755)
[final]    12.20s    fence for edge c0-1to2: 0 ways (2 neighbours), 0 cells closed
[final]    12.20s    edge c0-1to2: 22 cells of its slots (26 and 20 cells) were closed and are open again
[final]    12.20s    edge of chain 0 from 1 to 2: no way; source (1278, 780) heading 2 -> (1257, 780) free, target (1304, 773) heading 7 -> (1289, 788) free | waypoint 1 way (1298,784)..(1124,746) 263 cells, outer (1378,729)..(1124,746) 321 cells, target (1124,746) | waypoint 2 way (1300,769)..(1159,755) 178 cells, outer (1378,695)..(1159,755) 258 cells, target (1159,755)
[final]    12.21s    fence for edge c0-1to2: 0 ways (2 neighbours), 0 cells closed
[final]    12.21s    edge c0-1to2: 39 cells of its slots (20 and 26 cells) were closed and are open again
[final]    12.23s    edge of chain 0 from 1 to 2: no way; source (1280, 778) heading 3 -> (1265, 793) free, target (1338, 739) heading 0 -> (1338, 760) free | waypoint 1 way (1284,782)..(1124,746) 258 cells, outer (1378,729)..(1124,746) 321 cells, target (1124,746) | waypoint 2 way (1334,719)..(1159,755) 219 cells, outer (1378,695)..(1159,755) 258 cells, target (1159,755)
[final]    12.24s    fence for edge c0-1to2: 0 ways (2 neighbours), 0 cells closed
[final]    12.24s    edge c0-1to2: 16 cells of its slots (20 and 26 cells) were closed and are open again
[final]    12.24s    [Coupler Insertion] chain 0 edge 1->2: a way of 154 cells refused, squeezed at (1269,770): 1 wire (11) in 27 cells to the artwork, need 39 (19 + 1 x 20), short by 12
[final]    12.24s    edge of chain 0 from 1 to 2: no way; source (1280, 778) heading 3 -> (1265, 793) free, target (1338, 739) heading 0 -> (1338, 760) free | waypoint 1 way (1284,782)..(1124,746) 258 cells, outer (1378,729)..(1124,746) 321 cells, target (1124,746) | waypoint 2 way (1334,719)..(1159,755) 219 cells, outer (1378,695)..(1159,755) 258 cells, target (1159,755)
[final]    12.25s    fence for edge c0-1to2: 0 ways (2 neighbours), 0 cells closed
[final]    12.25s    edge c0-1to2: 40 cells of its slots (20 and 26 cells) were closed and are open again
[final]    12.26s    [Coupler Insertion] chain 0 edge 1->2: a way of 503 cells refused, squeezed at (1164,795): 1 wire (11) in 10 cells to the artwork, need 39 (19 + 1 x 20), short by 29
[final]    12.26s    edge of chain 0 from 1 to 2: no way; source (1280, 778) heading 3 -> (1265, 793) free, target (1338, 709) heading 0 -> (1338, 730) free | waypoint 1 way (1284,782)..(1124,746) 258 cells, outer (1378,729)..(1124,746) 321 cells, target (1124,746) | waypoint 2 way (1334,709)..(1159,755) 219 cells, outer (1378,695)..(1159,755) 258 cells, target (1159,755)
[final]    12.27s    fence for edge c0-1to2: 0 ways (2 neighbours), 0 cells closed
[final]    12.27s    edge c0-1to2: 40 cells of its slots (20 and 26 cells) were closed and are open again
[final]    12.27s    [Coupler Insertion] chain 0 edge 1->2: a way of 153 cells refused, squeezed at (1269,770): 1 wire (11) in 27 cells to the artwork, need 39 (19 + 1 x 20), short by 12
[final]    12.27s    edge of chain 0 from 1 to 2: no way; source (1280, 778) heading 3 -> (1265, 793) free, target (1338, 709) heading 0 -> (1338, 730) free | waypoint 1 way (1284,782)..(1124,746) 258 cells, outer (1378,729)..(1124,746) 321 cells, target (1124,746) | waypoint 2 way (1334,709)..(1159,755) 219 cells, outer (1378,695)..(1159,755) 258 cells, target (1159,755)
[final]    12.27s    fence for edge c0-1to2: 0 ways (2 neighbours), 0 cells closed
[final]    12.27s    edge c0-1to2: 37 cells of its slots (20 and 20 cells) were closed and are open again
[final]    12.27s    edge of chain 0 from 1 to 2: no way; source (1280, 778) heading 3 -> (1265, 793) free, target (1304, 773) heading 7 -> (1289, 788) free | waypoint 1 way (1284,782)..(1124,746) 258 cells, outer (1378,729)..(1124,746) 321 cells, target (1124,746) | waypoint 2 way (1314,755)..(1159,755) 199 cells, outer (1378,695)..(1159,755) 258 cells, target (1159,755)
[final]    12.28s    fence for edge c0-1to2: 0 ways (2 neighbours), 0 cells closed
[final]    12.28s    edge c0-1to2: 34 cells of its slots (20 and 20 cells) were closed and are open again
[final]    12.34s    edge of chain 0 from 1 to 2: no way; source (1280, 778) heading 3 -> (1265, 793) free, target (1304, 773) heading 7 -> (1289, 788) free | waypoint 1 way (1284,782)..(1124,746) 258 cells, outer (1378,729)..(1124,746) 321 cells, target (1124,746) | waypoint 2 way (1314,755)..(1159,755) 199 cells, outer (1378,695)..(1159,755) 258 cells, target (1159,755)
[final]    12.34s    fence for edge c0-1to2: 0 ways (2 neighbours), 0 cells closed
[final]    12.34s    edge c0-1to2: 37 cells of its slots (20 and 20 cells) were closed and are open again
[final]    12.35s    edge of chain 0 from 1 to 2: no way; source (1280, 778) heading 3 -> (1265, 793) free, target (1304, 773) heading 7 -> (1289, 788) free | waypoint 1 way (1284,782)..(1124,746) 258 cells, outer (1378,729)..(1124,746) 321 cells, target (1124,746) | waypoint 2 way (1300,769)..(1159,755) 178 cells, outer (1378,695)..(1159,755) 258 cells, target (1159,755)
[final]    12.35s    fence for edge c0-1to2: 0 ways (2 neighbours), 0 cells closed
[final]    12.35s    edge c0-1to2: 37 cells of its slots (20 and 20 cells) were closed and are open again
[final]    12.35s    edge of chain 0 from 1 to 2: no way; source (1280, 778) heading 3 -> (1265, 793) free, target (1304, 773) heading 7 -> (1289, 788) free | waypoint 1 way (1284,782)..(1124,746) 258 cells, outer (1378,729)..(1124,746) 321 cells, target (1124,746) | waypoint 2 way (1300,769)..(1159,755) 178 cells, outer (1378,695)..(1159,755) 258 cells, target (1159,755)
[final]    12.35s    fence for edge c0-1to2: 0 ways (2 neighbours), 0 cells closed
[final]    12.35s    edge c0-1to2: 47 cells of its slots (26 and 26 cells) were closed and are open again
[final]    12.38s    edge of chain 0 from 1 to 2: no way; source (1275, 803) heading 4 -> (1275, 824) free, target (1338, 739) heading 0 -> (1338, 760) free | waypoint 1 way (1279,803)..(1124,746) 263 cells, outer (1378,729)..(1124,746) 321 cells, target (1124,746) | waypoint 2 way (1334,719)..(1159,755) 219 cells, outer (1378,695)..(1159,755) 258 cells, target (1159,755)
[final]    12.38s    fence for edge c0-1to2: 0 ways (2 neighbours), 0 cells closed
[final]    12.38s    edge c0-1to2: 24 cells of its slots (26 and 26 cells) were closed and are open again
[final]    12.39s    [Coupler Insertion] chain 0 edge 1->2: a way of 187 cells refused, squeezed at (1278,777): 1 wire (11) in 37 cells to the artwork, need 39 (19 + 1 x 20), short by 2
[final]    12.39s    edge of chain 0 from 1 to 2: no way; source (1275, 803) heading 4 -> (1275, 824) free, target (1338, 739) heading 0 -> (1338, 760) free | waypoint 1 way (1279,803)..(1124,746) 263 cells, outer (1378,729)..(1124,746) 321 cells, target (1124,746) | waypoint 2 way (1334,719)..(1159,755) 219 cells, outer (1378,695)..(1159,755) 258 cells, target (1159,755)
[final]    12.39s    fence for edge c0-1to2: 0 ways (2 neighbours), 0 cells closed
[final]    12.39s    edge c0-1to2: 48 cells of its slots (26 and 26 cells) were closed and are open again
[final]    12.40s    [Coupler Insertion] chain 0 edge 1->2: a way of 517 cells refused, squeezed at (1161,792): 1 wire (11) in 10 cells to the artwork, need 39 (19 + 1 x 20), short by 29
[final]    12.40s    edge of chain 0 from 1 to 2: no way; source (1275, 803) heading 4 -> (1275, 824) free, target (1338, 709) heading 0 -> (1338, 730) free | waypoint 1 way (1279,803)..(1124,746) 263 cells, outer (1378,729)..(1124,746) 321 cells, target (1124,746) | waypoint 2 way (1334,709)..(1159,755) 219 cells, outer (1378,695)..(1159,755) 258 cells, target (1159,755)
[final]    12.41s    fence for edge c0-1to2: 0 ways (2 neighbours), 0 cells closed
[final]    12.41s    edge c0-1to2: 48 cells of its slots (26 and 26 cells) were closed and are open again
[final]    12.41s    [Coupler Insertion] chain 0 edge 1->2: a way of 190 cells refused, squeezed at (1278,777): 1 wire (11) in 37 cells to the artwork, need 39 (19 + 1 x 20), short by 2
[final]    12.41s    edge of chain 0 from 1 to 2: no way; source (1275, 803) heading 4 -> (1275, 824) free, target (1338, 709) heading 0 -> (1338, 730) free | waypoint 1 way (1279,803)..(1124,746) 263 cells, outer (1378,729)..(1124,746) 321 cells, target (1124,746) | waypoint 2 way (1334,709)..(1159,755) 219 cells, outer (1378,695)..(1159,755) 258 cells, target (1159,755)
[final]    12.42s    fence for edge c0-1to2: 0 ways (2 neighbours), 0 cells closed
[final]    12.42s    edge c0-1to2: 21 cells of its slots (20 and 26 cells) were closed and are open again
[final]    12.42s    edge of chain 0 from 1 to 2: no way; source (1318, 846) heading 7 -> (1333, 831) free, target (1338, 739) heading 0 -> (1338, 760) free | waypoint 1 way (1314,842)..(1124,746) 250 cells, outer (1378,729)..(1124,746) 321 cells, target (1124,746) | waypoint 2 way (1334,719)..(1159,755) 219 cells, outer (1378,695)..(1159,755) 258 cells, target (1159,755)
[final]    12.42s    fence for edge c0-1to2: 0 ways (2 neighbours), 0 cells closed
[final]    12.42s    edge c0-1to2: 16 cells of its slots (20 and 26 cells) were closed and are open again
[final]    12.43s    fence for edge c0-0to1: 0 ways (1 neighbours), 0 cells closed
[final]    12.43s    [Coupler Insertion]   chain 0 edge 1: no way after edge 0, but both fit with edge 1 laid first — edge 0 redone at 70000 instead of 70000
[final]    12.44s    fence for edge c0-4to5: 0 ways (2 neighbours), 0 cells closed
[final]    12.44s    edge c0-4to5: 24 cells of its slots (26 and 20 cells) were closed and are open again
[final]    12.45s    fence for edge c0-4to5: 0 ways (2 neighbours), 0 cells closed
[final]    12.45s    fence for edge c0-4to5: 0 ways (2 neighbours), 0 cells closed
[final]    12.45s    edge c0-4to5: 24 cells of its slots (26 and 20 cells) were closed and are open again
[final]    12.46s    fence for edge c0-4to5: 0 ways (2 neighbours), 0 cells closed
[final]    12.47s    fence for edge c0-4to5: 0 ways (2 neighbours), 0 cells closed
[final]    12.48s    fence for edge c0-1to2: 0 ways (2 neighbours), 0 cells closed
[final]    12.48s    edge c0-1to2: 45 cells of its slots (20 and 26 cells) were closed and are open again
[final]    12.48s    edge of chain 0 from 1 to 2: no way; source (1318, 846) heading 7 -> (1333, 831) free, target (1338, 709) heading 0 -> (1338, 730) free | waypoint 1 way (1314,842)..(1124,746) 250 cells, outer (1378,729)..(1124,746) 321 cells, target (1124,746) | waypoint 2 way (1334,709)..(1159,755) 219 cells, outer (1378,695)..(1159,755) 258 cells, target (1159,755)
[final]    12.49s    fence for edge c0-1to2: 0 ways (2 neighbours), 0 cells closed
[final]    12.49s    edge c0-1to2: 40 cells of its slots (20 and 26 cells) were closed and are open again
[final]    12.49s    fence for edge c0-0to1: 0 ways (1 neighbours), 0 cells closed
[final]    12.50s    [Coupler Insertion]   chain 0 edge 1: no way after edge 0, but both fit with edge 1 laid first — edge 0 redone at 70000 instead of 70000
[final]    12.50s    fence for edge c0-4to5: 0 ways (2 neighbours), 0 cells closed
[final]    12.50s    edge c0-4to5: 24 cells of its slots (26 and 20 cells) were closed and are open again
[final]    12.51s    fence for edge c0-4to5: 0 ways (2 neighbours), 0 cells closed
[final]    12.52s    fence for edge c0-4to5: 0 ways (2 neighbours), 0 cells closed
[final]    12.52s    edge c0-4to5: 24 cells of its slots (26 and 20 cells) were closed and are open again
[final]    12.52s    fence for edge c0-4to5: 0 ways (2 neighbours), 0 cells closed
[final]    12.53s    fence for edge c0-4to5: 0 ways (2 neighbours), 0 cells closed
[final]    12.54s    fence for edge c0-1to2: 0 ways (2 neighbours), 0 cells closed
[final]    12.54s    edge c0-1to2: 21 cells of its slots (20 and 26 cells) were closed and are open again
[final]    12.54s    edge of chain 0 from 1 to 2: no way; source (1317, 845) heading 7 -> (1332, 830) free, target (1338, 739) heading 0 -> (1338, 760) free | waypoint 1 way (1299,855)..(1124,746) 227 cells, outer (1378,729)..(1124,746) 321 cells, target (1124,746) | waypoint 2 way (1334,719)..(1159,755) 219 cells, outer (1378,695)..(1159,755) 258 cells, target (1159,755)
[final]    12.55s    fence for edge c0-1to2: 0 ways (2 neighbours), 0 cells closed
[final]    12.55s    fence for edge c0-0to1: 0 ways (1 neighbours), 0 cells closed
[final]    12.55s    edge c0-0to1: 16 cells of its slots (20 and 20 cells) were closed and are open again
[final]    12.56s    [Coupler Insertion]   chain 0 edge 1: no way after edge 0, but both fit with edge 1 laid first — edge 0 redone at 70000 instead of 70000
[final]    12.56s    fence for edge c0-4to5: 0 ways (2 neighbours), 0 cells closed
[final]    12.56s    edge c0-4to5: 24 cells of its slots (26 and 20 cells) were closed and are open again
[final]    12.57s    fence for edge c0-4to5: 0 ways (2 neighbours), 0 cells closed
[final]    12.58s    fence for edge c0-4to5: 0 ways (2 neighbours), 0 cells closed
[final]    12.58s    edge c0-4to5: 24 cells of its slots (26 and 20 cells) were closed and are open again
[final]    12.59s    fence for edge c0-4to5: 0 ways (2 neighbours), 0 cells closed
[final]    12.59s    fence for edge c0-4to5: 0 ways (2 neighbours), 0 cells closed
[final]    12.60s    fence for edge c0-1to2: 0 ways (2 neighbours), 0 cells closed
[final]    12.60s    edge c0-1to2: 45 cells of its slots (20 and 26 cells) were closed and are open again
[final]    12.60s    edge of chain 0 from 1 to 2: no way; source (1317, 845) heading 7 -> (1332, 830) free, target (1338, 709) heading 0 -> (1338, 730) free | waypoint 1 way (1299,855)..(1124,746) 227 cells, outer (1378,729)..(1124,746) 321 cells, target (1124,746) | waypoint 2 way (1334,709)..(1159,755) 219 cells, outer (1378,695)..(1159,755) 258 cells, target (1159,755)
[final]    12.61s    fence for edge c0-1to2: 0 ways (2 neighbours), 0 cells closed
[final]    12.61s    edge c0-1to2: 24 cells of its slots (20 and 26 cells) were closed and are open again
[final]    12.61s    fence for edge c0-0to1: 0 ways (1 neighbours), 0 cells closed
[final]    12.61s    edge c0-0to1: 16 cells of its slots (20 and 20 cells) were closed and are open again
[final]    12.62s    [Coupler Insertion]   chain 0 edge 1: no way after edge 0, but both fit with edge 1 laid first — edge 0 redone at 70000 instead of 70000
[final]    12.62s    fence for edge c0-4to5: 0 ways (2 neighbours), 0 cells closed
[final]    12.62s    edge c0-4to5: 24 cells of its slots (26 and 20 cells) were closed and are open again
[final]    12.63s    fence for edge c0-4to5: 0 ways (2 neighbours), 0 cells closed
[final]    12.64s    fence for edge c0-4to5: 0 ways (2 neighbours), 0 cells closed
[final]    12.64s    edge c0-4to5: 24 cells of its slots (26 and 20 cells) were closed and are open again
[final]    12.65s    fence for edge c0-4to5: 0 ways (2 neighbours), 0 cells closed
[final]    12.65s    fence for edge c0-4to5: 0 ways (2 neighbours), 0 cells closed
[final]    12.66s    fence for edge c0-4to5: 0 ways (2 neighbours), 0 cells closed
[final]    12.66s    edge c0-4to5: 48 cells of its slots (26 and 26 cells) were closed and are open again
[final]    12.67s    fence for edge c0-4to5: 0 ways (2 neighbours), 0 cells closed
[final]    12.67s    edge c0-4to5: 24 cells of its slots (26 and 20 cells) were closed and are open again
[final]    12.68s    fence for edge c0-4to5: 0 ways (2 neighbours), 0 cells closed
[final]    12.68s    edge c0-4to5: 40 cells of its slots (26 and 20 cells) were closed and are open again
[final]    12.69s    fence for edge c0-4to5: 0 ways (2 neighbours), 0 cells closed
[final]    12.69s    edge c0-4to5: 29 cells of its slots (26 and 26 cells) were closed and are open again
[final]    12.70s    fence for edge c0-4to5: 0 ways (2 neighbours), 0 cells closed
[final]    12.70s    edge c0-4to5: 48 cells of its slots (26 and 26 cells) were closed and are open again
[final]    12.72s    fence for edge c0-4to5: 0 ways (2 neighbours), 0 cells closed
[final]    12.72s    edge c0-4to5: 24 cells of its slots (26 and 20 cells) were closed and are open again
[final]    12.73s    fence for edge c0-5to6: 0 ways (1 neighbours), 0 cells closed
[final]    12.73s    edge c0-5to6: 21 cells of its slots (20 and 20 cells) were closed and are open again
[final]    12.73s    edge of chain 0 from 5 to 6: no way; source (1072, 298) heading 7 -> (1087, 283) free, target (1264, 45) heading 0 -> (1264, 56) free | waypoint 5 way (1068,294)..(880,451) 212 cells, outer (1321,103)..(880,451) 515 cells, target (880,451)
[final]    12.73s    fence for edge c0-5to6: 0 ways (1 neighbours), 0 cells closed
[final]    12.73s    edge c0-5to6: 16 cells of its slots (20 and 20 cells) were closed and are open again
[final]    12.74s    fence for edge c0-4to5: 0 ways (2 neighbours), 0 cells closed
[final]    12.74s    edge c0-4to5: 24 cells of its slots (26 and 20 cells) were closed and are open again
[final]    12.74s    [Coupler Insertion]   chain 0 edge 5: no way after edge 4, but both fit with edge 5 laid first — edge 4 redone at 50000 instead of 50000
[final]    12.74s    [Coupler Insertion]   chain 0: every feedline edge drawn on options launcher 0 0 0 12 27 launcher -> cost 160000
[final]    12.74s  [Coupler Insertion] chain 0: optimum 160000 over 7 layers, 103 prefixes expanded, 148 steps routed
[final]    12.75s    fence for edge c1-0to1: 0 ways (1 neighbours), 0 cells closed
[final]    12.75s    fence for edge c1-1to2: 0 ways (2 neighbours), 0 cells closed
[final]    12.75s    edge c1-1to2: 24 cells of its slots (26 and 26 cells) were closed and are open again
[final]    12.76s    fence for edge c1-1to2: 0 ways (2 neighbours), 0 cells closed
[final]    12.76s    edge c1-1to2: 48 cells of its slots (26 and 26 cells) were closed and are open again
[final]    12.77s    fence for edge c1-2to3: 0 ways (2 neighbours), 0 cells closed
[final]    12.77s    edge c1-2to3: 16 cells of its slots (26 and 20 cells) were closed and are open again
[final]    12.78s    [Coupler Insertion] chain 1 edge 2->3: a way of 374 cells refused, squeezed at (376,86): 1 wire (29) in 33 cells to the artwork, need 39 (19 + 1 x 20), short by 6
[final]    12.78s    edge of chain 1 from 2 to 3: no way; source (682, 86) heading 2 -> (661, 86) free, target (312, 106) heading 3 -> (327, 91) free | waypoint 2 way (702,90)..(732,204) 259 cells, outer (712,46)..(732,204) 303 cells, target (732,204) | waypoint 3 way (316,110)..(432,260) 193 cells, outer (412,46)..(432,260) 276 cells, target (432,260)
[final]    12.78s    fence for edge c1-2to3: 0 ways (2 neighbours), 0 cells closed
[final]    12.78s    [Coupler Insertion] chain 1 edge 2->3: a way of 390 cells refused, squeezed at (376,86): 1 wire (29) in 33 cells to the artwork, need 39 (19 + 1 x 20), short by 6
[final]    12.78s    edge of chain 1 from 2 to 3: no way; source (682, 86) heading 2 -> (661, 86) free, target (322, 112) heading 4 -> (322, 91) free | waypoint 2 way (702,90)..(732,204) 259 cells, outer (712,46)..(732,204) 303 cells, target (732,204) | waypoint 3 way (326,132)..(432,260) 190 cells, outer (412,46)..(432,260) 276 cells, target (432,260)
[final]    12.79s    fence for edge c1-2to3: 0 ways (2 neighbours), 0 cells closed
[final]    12.79s    edge c1-2to3: 24 cells of its slots (26 and 26 cells) were closed and are open again
[final]    12.79s    [Coupler Insertion] chain 1 edge 2->3: a way of 410 cells refused, squeezed at (376,86): 1 wire (29) in 33 cells to the artwork, need 39 (19 + 1 x 20), short by 6
[final]    12.79s    edge of chain 1 from 2 to 3: no way; source (682, 86) heading 2 -> (661, 86) free, target (302, 122) heading 4 -> (302, 101) free | waypoint 2 way (702,90)..(732,204) 259 cells, outer (712,46)..(732,204) 303 cells, target (732,204) | waypoint 3 way (306,122)..(432,260) 210 cells, outer (412,46)..(432,260) 276 cells, target (432,260)
[final]    12.80s    fence for edge c1-0to1: 0 ways (1 neighbours), 0 cells closed
[final]    12.80s    edge c1-0to1: 24 cells of its slots (20 and 26 cells) were closed and are open again
[final]    12.80s    fence for edge c1-1to2: 0 ways (2 neighbours), 0 cells closed
[final]    12.80s    edge c1-1to2: 24 cells of its slots (26 and 26 cells) were closed and are open again
[final]    12.81s    fence for edge c1-0to1: 0 ways (1 neighbours), 0 cells closed
[final]    12.82s    fence for edge c1-1to2: 0 ways (2 neighbours), 0 cells closed
[final]    12.82s    edge c1-1to2: 40 cells of its slots (20 and 26 cells) were closed and are open again
[final]    12.83s    fence for edge c1-0to1: 0 ways (1 neighbours), 0 cells closed
[final]    12.84s    fence for edge c1-1to2: 0 ways (2 neighbours), 0 cells closed
[final]    12.84s    edge c1-1to2: 16 cells of its slots (20 and 26 cells) were closed and are open again
[final]    12.84s    fence for edge c1-2to3: 0 ways (2 neighbours), 0 cells closed
[final]    12.84s    edge c1-2to3: 40 cells of its slots (26 and 20 cells) were closed and are open again
[final]    12.85s    [Coupler Insertion] chain 1 edge 2->3: a way of 404 cells refused, squeezed at (376,86): 1 wire (29) in 33 cells to the artwork, need 39 (19 + 1 x 20), short by 6
[final]    12.85s    edge of chain 1 from 2 to 3: no way; source (712, 86) heading 2 -> (691, 86) free, target (312, 106) heading 3 -> (327, 91) free | waypoint 2 way (712,90)..(732,204) 259 cells, outer (712,46)..(732,204) 303 cells, target (732,204) | waypoint 3 way (316,110)..(432,260) 193 cells, outer (412,46)..(432,260) 276 cells, target (432,260)
[final]    12.85s    fence for edge c1-2to3: 0 ways (2 neighbours), 0 cells closed
[final]    12.85s    edge c1-2to3: 24 cells of its slots (26 and 26 cells) were closed and are open again
[final]    12.85s    [Coupler Insertion] chain 1 edge 2->3: a way of 420 cells refused, squeezed at (376,86): 1 wire (29) in 33 cells to the artwork, need 39 (19 + 1 x 20), short by 6
[final]    12.85s    edge of chain 1 from 2 to 3: no way; source (712, 86) heading 2 -> (691, 86) free, target (322, 112) heading 4 -> (322, 91) free | waypoint 2 way (712,90)..(732,204) 259 cells, outer (712,46)..(732,204) 303 cells, target (732,204) | waypoint 3 way (326,132)..(432,260) 190 cells, outer (412,46)..(432,260) 276 cells, target (432,260)
[final]    12.86s    fence for edge c1-2to3: 0 ways (2 neighbours), 0 cells closed
[final]    12.86s    edge c1-2to3: 48 cells of its slots (26 and 26 cells) were closed and are open again
[final]    12.86s    [Coupler Insertion] chain 1 edge 2->3: a way of 440 cells refused, squeezed at (376,86): 1 wire (29) in 33 cells to the artwork, need 39 (19 + 1 x 20), short by 6
[final]    12.86s    edge of chain 1 from 2 to 3: no way; source (712, 86) heading 2 -> (691, 86) free, target (302, 122) heading 4 -> (302, 101) free | waypoint 2 way (712,90)..(732,204) 259 cells, outer (712,46)..(732,204) 303 cells, target (732,204) | waypoint 3 way (306,122)..(432,260) 210 cells, outer (412,46)..(432,260) 276 cells, target (432,260)
[final]    12.87s    fence for edge c1-1to2: 0 ways (2 neighbours), 0 cells closed
[final]    12.87s    edge c1-1to2: 40 cells of its slots (20 and 26 cells) were closed and are open again
[final]    12.87s    fence for edge c1-0to1: 0 ways (1 neighbours), 0 cells closed
[final]    12.87s    edge c1-0to1: 16 cells of its slots (20 and 20 cells) were closed and are open again
[final]    12.88s    fence for edge c1-1to2: 0 ways (2 neighbours), 0 cells closed
[final]    12.89s    fence for edge c1-1to2: 0 ways (2 neighbours), 0 cells closed
[final]    12.89s    edge c1-1to2: 24 cells of its slots (20 and 26 cells) were closed and are open again
[final]    12.89s    fence for edge c1-2to3: 0 ways (2 neighbours), 0 cells closed
[final]    12.90s    [Coupler Insertion] chain 1 edge 2->3: a way of 438 cells refused, squeezed at (376,86): 1 wire (29) in 33 cells to the artwork, need 39 (19 + 1 x 20), short by 6
[final]    12.90s    edge of chain 1 from 2 to 3: no way; source (682, 86) heading 2 -> (661, 86) free, target (286, 126) heading 5 -> (271, 111) free | waypoint 2 way (702,90)..(732,204) 259 cells, outer (712,46)..(732,204) 303 cells, target (732,204) | waypoint 3 way (304,136)..(432,260) 205 cells, outer (412,46)..(432,260) 276 cells, target (432,260)
[final]    12.90s    fence for edge c1-2to3: 0 ways (2 neighbours), 0 cells closed
[final]    12.90s    edge c1-2to3: 16 cells of its slots (26 and 20 cells) were closed and are open again
[final]    12.91s    [Coupler Insertion] chain 1 edge 2->3: a way of 417 cells refused, squeezed at (376,86): 1 wire (29) in 33 cells to the artwork, need 39 (19 + 1 x 20), short by 6
[final]    12.91s    edge of chain 1 from 2 to 3: no way; source (682, 86) heading 2 -> (661, 86) free, target (307, 147) heading 5 -> (292, 132) free | waypoint 2 way (702,90)..(732,204) 259 cells, outer (712,46)..(732,204) 303 cells, target (732,204) | waypoint 3 way (311,143)..(432,260) 205 cells, outer (412,46)..(432,260) 276 cells, target (432,260)
[final]    12.91s    fence for edge c1-2to3: 0 ways (2 neighbours), 0 cells closed
[final]    12.91s    edge c1-2to3: 24 cells of its slots (26 and 20 cells) were closed and are open again
[final]    12.91s    [Coupler Insertion] chain 1 edge 2->3: a way of 468 cells refused, squeezed at (376,86): 1 wire (29) in 33 cells to the artwork, need 39 (19 + 1 x 20), short by 6
[final]    12.91s    edge of chain 1 from 2 to 3: no way; source (712, 86) heading 2 -> (691, 86) free, target (286, 126) heading 5 -> (271, 111) free | waypoint 2 way (712,90)..(732,204) 259 cells, outer (712,46)..(732,204) 303 cells, target (732,204) | waypoint 3 way (304,136)..(432,260) 205 cells, outer (412,46)..(432,260) 276 cells, target (432,260)
[final]    12.92s    fence for edge c1-2to3: 0 ways (2 neighbours), 0 cells closed
[final]    12.92s    edge c1-2to3: 40 cells of its slots (26 and 20 cells) were closed and are open again
[final]    12.92s    [Coupler Insertion] chain 1 edge 2->3: a way of 447 cells refused, squeezed at (376,86): 1 wire (29) in 33 cells to the artwork, need 39 (19 + 1 x 20), short by 6
[final]    12.92s    edge of chain 1 from 2 to 3: no way; source (712, 86) heading 2 -> (691, 86) free, target (307, 147) heading 5 -> (292, 132) free | waypoint 2 way (712,90)..(732,204) 259 cells, outer (712,46)..(732,204) 303 cells, target (732,204) | waypoint 3 way (311,143)..(432,260) 205 cells, outer (412,46)..(432,260) 276 cells, target (432,260)
[final]    12.92s    fence for edge c1-1to2: 0 ways (2 neighbours), 0 cells closed
[final]    12.92s    edge c1-1to2: 29 cells of its slots (26 and 26 cells) were closed and are open again
[final]    12.93s    [Coupler Insertion] chain 1 edge 1->2: a way of 232 cells refused, squeezed at (733,196): 1 wire (26) in 24 cells to the artwork, need 39 (19 + 1 x 20), short by 15
[final]    12.93s    edge of chain 1 from 1 to 2: no way; source (882, 209) heading 2 -> (861, 209) free, target (740, 132) heading 0 -> (740, 153) free | waypoint 1 way (882,213)..(738,443) 251 cells, outer (913,46)..(738,443) 417 cells, target (738,443) | waypoint 2 way (736,112)..(732,204) 274 cells, outer (712,46)..(732,204) 303 cells, target (732,204)
[final]    12.94s    fence for edge c1-1to2: 0 ways (2 neighbours), 0 cells closed
[final]    12.94s    edge c1-1to2: 29 cells of its slots (26 and 26 cells) were closed and are open again
[final]    12.95s    [Coupler Insertion] chain 1 edge 1->2: a way of 232 cells refused, squeezed at (733,196): 1 wire (26) in 24 cells to the artwork, need 39 (19 + 1 x 20), short by 15
[final]    12.95s    edge of chain 1 from 1 to 2: no way; source (882, 209) heading 2 -> (861, 209) free, target (740, 132) heading 0 -> (740, 153) free | waypoint 1 way (882,213)..(738,443) 251 cells, outer (913,46)..(738,443) 417 cells, target (738,443) | waypoint 2 way (736,112)..(732,204) 274 cells, outer (712,46)..(732,204) 303 cells, target (732,204)
[final]    12.95s    fence for edge c1-1to2: 0 ways (2 neighbours), 0 cells closed
[final]    12.96s    fence for edge c1-1to2: 0 ways (2 neighbours), 0 cells closed
[final]    12.96s    edge c1-1to2: 5 cells of its slots (26 and 26 cells) were closed and are open again
[final]    12.96s    [Coupler Insertion] chain 1 edge 1->2: a way of 202 cells refused, squeezed at (733,196): 1 wire (26) in 24 cells to the artwork, need 39 (19 + 1 x 20), short by 15
[final]    12.96s    edge of chain 1 from 1 to 2: no way; source (852, 209) heading 2 -> (831, 209) free, target (740, 132) heading 0 -> (740, 153) free | waypoint 1 way (872,213)..(738,443) 251 cells, outer (913,46)..(738,443) 417 cells, target (738,443) | waypoint 2 way (736,112)..(732,204) 274 cells, outer (712,46)..(732,204) 303 cells, target (732,204)
[final]    12.97s    fence for edge c1-1to2: 0 ways (2 neighbours), 0 cells closed
[final]    12.97s    edge c1-1to2: 5 cells of its slots (26 and 26 cells) were closed and are open again
[final]    12.98s    [Coupler Insertion] chain 1 edge 1->2: a way of 202 cells refused, squeezed at (733,196): 1 wire (26) in 24 cells to the artwork, need 39 (19 + 1 x 20), short by 15
[final]    12.98s    edge of chain 1 from 1 to 2: no way; source (852, 209) heading 2 -> (831, 209) free, target (740, 132) heading 0 -> (740, 153) free | waypoint 1 way (872,213)..(738,443) 251 cells, outer (913,46)..(738,443) 417 cells, target (738,443) | waypoint 2 way (736,112)..(732,204) 274 cells, outer (712,46)..(732,204) 303 cells, target (732,204)
[final]    12.98s    fence for edge c1-1to2: 0 ways (2 neighbours), 0 cells closed
[final]    12.98s    edge c1-1to2: 16 cells of its slots (20 and 26 cells) were closed and are open again
[final]    12.99s    fence for edge c1-1to2: 0 ways (2 neighbours), 0 cells closed
[final]    12.99s    edge c1-1to2: 21 cells of its slots (20 and 26 cells) were closed and are open again
[final]    13.00s    [Coupler Insertion] chain 1 edge 1->2: a way of 206 cells refused, squeezed at (733,196): 1 wire (26) in 24 cells to the artwork, need 39 (19 + 1 x 20), short by 15
[final]    13.00s    edge of chain 1 from 1 to 2: no way; source (854, 207) heading 3 -> (839, 222) free, target (740, 132) heading 0 -> (740, 153) free | waypoint 1 way (858,211)..(738,443) 246 cells, outer (913,46)..(738,443) 417 cells, target (738,443) | waypoint 2 way (736,112)..(732,204) 274 cells, outer (712,46)..(732,204) 303 cells, target (732,204)
[final]    13.01s    fence for edge c1-1to2: 0 ways (2 neighbours), 0 cells closed
[final]    13.01s    edge c1-1to2: 21 cells of its slots (20 and 26 cells) were closed and are open again
[final]    13.02s    [Coupler Insertion] chain 1 edge 1->2: a way of 206 cells refused, squeezed at (733,196): 1 wire (26) in 24 cells to the artwork, need 39 (19 + 1 x 20), short by 15
[final]    13.02s    edge of chain 1 from 1 to 2: no way; source (854, 207) heading 3 -> (839, 222) free, target (740, 132) heading 0 -> (740, 153) free | waypoint 1 way (858,211)..(738,443) 246 cells, outer (913,46)..(738,443) 417 cells, target (738,443) | waypoint 2 way (736,112)..(732,204) 274 cells, outer (712,46)..(732,204) 303 cells, target (732,204)
[final]    13.02s    fence for edge c1-0to1: 0 ways (1 neighbours), 0 cells closed
[final]    13.02s    edge c1-0to1: 16 cells of its slots (20 and 20 cells) were closed and are open again
[final]    13.03s    fence for edge c1-1to2: 0 ways (2 neighbours), 0 cells closed
[final]    13.04s    [Coupler Insertion] chain 1 edge 1->2: a way of 211 cells refused, squeezed at (784,216): 1 wire (25) in 27 cells to the artwork, need 39 (19 + 1 x 20), short by 12
[final]    13.04s    edge of chain 1 from 1 to 2: no way; source (833, 228) heading 3 -> (818, 243) free, target (732, 86) heading 2 -> (753, 86) free | waypoint 1 way (851,218)..(738,443) 246 cells, outer (913,46)..(738,443) 417 cells, target (738,443) | waypoint 2 way (712,90)..(732,204) 259 cells, outer (712,46)..(732,204) 303 cells, target (732,204)
[final]    13.04s    fence for edge c1-1to2: 0 ways (2 neighbours), 0 cells closed
[final]    13.05s    [Coupler Insertion] chain 1 edge 1->2: a way of 211 cells refused, squeezed at (784,216): 1 wire (25) in 27 cells to the artwork, need 39 (19 + 1 x 20), short by 12
[final]    13.05s    edge of chain 1 from 1 to 2: no way; source (833, 228) heading 3 -> (818, 243) free, target (732, 86) heading 2 -> (753, 86) free | waypoint 1 way (851,218)..(738,443) 246 cells, outer (913,46)..(738,443) 417 cells, target (738,443) | waypoint 2 way (712,90)..(732,204) 259 cells, outer (712,46)..(732,204) 303 cells, target (732,204)
[final]    13.05s    fence for edge c1-1to2: 0 ways (2 neighbours), 0 cells closed
[final]    13.05s    edge c1-1to2: 24 cells of its slots (20 and 26 cells) were closed and are open again
[final]    13.05s    [Coupler Insertion] chain 1 edge 1->2: a way of 211 cells refused, squeezed at (747,177): 1 wire (26) in 24 cells to the artwork, need 39 (19 + 1 x 20), short by 15
[final]    13.05s    edge of chain 1 from 1 to 2: no way; source (833, 228) heading 3 -> (818, 243) free, target (702, 86) heading 2 -> (723, 86) free | waypoint 1 way (851,218)..(738,443) 246 cells, outer (913,46)..(738,443) 417 cells, target (738,443) | waypoint 2 way (702,90)..(732,204) 259 cells, outer (712,46)..(732,204) 303 cells, target (732,204)
[final]    13.06s    fence for edge c1-1to2: 0 ways (2 neighbours), 0 cells closed
[final]    13.06s    edge c1-1to2: 24 cells of its slots (20 and 26 cells) were closed and are open again
[final]    13.06s    [Coupler Insertion] chain 1 edge 1->2: a way of 211 cells refused, squeezed at (747,177): 1 wire (26) in 24 cells to the artwork, need 39 (19 + 1 x 20), short by 15
[final]    13.06s    edge of chain 1 from 1 to 2: no way; source (833, 228) heading 3 -> (818, 243) free, target (702, 86) heading 2 -> (723, 86) free | waypoint 1 way (851,218)..(738,443) 246 cells, outer (913,46)..(738,443) 417 cells, target (738,443) | waypoint 2 way (702,90)..(732,204) 259 cells, outer (712,46)..(732,204) 303 cells, target (732,204)
[final]    13.07s    fence for edge c1-1to2: 0 ways (2 neighbours), 0 cells closed
[final]    13.07s    edge c1-1to2: 5 cells of its slots (20 and 26 cells) were closed and are open again
[final]    13.08s    [Coupler Insertion] chain 1 edge 1->2: a way of 185 cells refused, squeezed at (734,195): 1 wire (26) in 25 cells to the artwork, need 39 (19 + 1 x 20), short by 14
[final]    13.08s    edge of chain 1 from 1 to 2: no way; source (833, 228) heading 3 -> (818, 243) free, target (740, 132) heading 0 -> (740, 153) free | waypoint 1 way (851,218)..(738,443) 246 cells, outer (913,46)..(738,443) 417 cells, target (738,443) | waypoint 2 way (736,112)..(732,204) 274 cells, outer (712,46)..(732,204) 303 cells, target (732,204)
[final]    13.08s    fence for edge c1-1to2: 0 ways (2 neighbours), 0 cells closed
[final]    13.08s    edge c1-1to2: 5 cells of its slots (20 and 26 cells) were closed and are open again
[final]    13.10s    [Coupler Insertion] chain 1 edge 1->2: a way of 185 cells refused, squeezed at (734,195): 1 wire (26) in 25 cells to the artwork, need 39 (19 + 1 x 20), short by 14
[final]    13.10s    edge of chain 1 from 1 to 2: no way; source (833, 228) heading 3 -> (818, 243) free, target (740, 132) heading 0 -> (740, 153) free | waypoint 1 way (851,218)..(738,443) 246 cells, outer (913,46)..(738,443) 417 cells, target (738,443) | waypoint 2 way (736,112)..(732,204) 274 cells, outer (712,46)..(732,204) 303 cells, target (732,204)
[final]    13.10s    fence for edge c1-0to1: 0 ways (1 neighbours), 0 cells closed
[final]    13.11s    fence for edge c1-1to2: 0 ways (2 neighbours), 0 cells closed
[final]    13.11s    edge c1-1to2: 24 cells of its slots (26 and 26 cells) were closed and are open again
[final]    13.12s    fence for edge c1-1to2: 0 ways (2 neighbours), 0 cells closed
[final]    13.12s    edge c1-1to2: 48 cells of its slots (26 and 26 cells) were closed and are open again
[final]    13.12s    fence for edge c1-0to1: 0 ways (1 neighbours), 0 cells closed
[final]    13.12s    edge c1-0to1: 24 cells of its slots (20 and 26 cells) were closed and are open again
[final]    13.13s    fence for edge c1-1to2: 0 ways (2 neighbours), 0 cells closed
[final]    13.14s    fence for edge c1-1to2: 0 ways (2 neighbours), 0 cells closed
[final]    13.14s    edge c1-1to2: 24 cells of its slots (26 and 26 cells) were closed and are open again
[final]    13.15s    fence for edge c1-2to3: 0 ways (2 neighbours), 0 cells closed
[final]    13.15s    [Coupler Insertion] chain 1 edge 2->3: a way of 444 cells refused, squeezed at (376,86): 1 wire (29) in 33 cells to the artwork, need 39 (19 + 1 x 20), short by 6
[final]    13.15s    edge of chain 1 from 2 to 3: no way; source (682, 86) heading 2 -> (661, 86) free, target (305, 145) heading 6 -> (284, 145) free | waypoint 2 way (702,90)..(732,204) 259 cells, outer (712,46)..(732,204) 303 cells, target (732,204) | waypoint 3 way (325,141)..(432,260) 210 cells, outer (412,46)..(432,260) 276 cells, target (432,260)
[final]    13.16s    fence for edge c1-2to3: 0 ways (2 neighbours), 0 cells closed
[final]    13.16s    edge c1-2to3: 24 cells of its slots (26 and 26 cells) were closed and are open again
[final]    13.16s    [Coupler Insertion] chain 1 edge 2->3: a way of 474 cells refused, squeezed at (376,86): 1 wire (29) in 33 cells to the artwork, need 39 (19 + 1 x 20), short by 6
[final]    13.16s    edge of chain 1 from 2 to 3: no way; source (712, 86) heading 2 -> (691, 86) free, target (305, 145) heading 6 -> (284, 145) free | waypoint 2 way (712,90)..(732,204) 259 cells, outer (712,46)..(732,204) 303 cells, target (732,204) | waypoint 3 way (325,141)..(432,260) 210 cells, outer (412,46)..(432,260) 276 cells, target (432,260)
[final]    13.17s    fence for edge c1-1to2: 0 ways (2 neighbours), 0 cells closed
[final]    13.17s    edge c1-1to2: 29 cells of its slots (26 and 20 cells) were closed and are open again
[final]    13.19s    fence for edge c1-1to2: 0 ways (2 neighbours), 0 cells closed
[final]    13.19s    edge c1-1to2: 40 cells of its slots (26 and 20 cells) were closed and are open again
[final]    13.20s    [Coupler Insertion] chain 1 edge 1->2: a way of 186 cells refused, squeezed at (784,194): 1 wire (25) in 28 cells to the artwork, need 39 (19 + 1 x 20), short by 11
[final]    13.20s    edge of chain 1 from 1 to 2: no way; source (882, 209) heading 2 -> (861, 209) free, target (742, 120) heading 7 -> (727, 135) free | waypoint 1 way (882,213)..(738,443) 251 cells, outer (913,46)..(738,443) 417 cells, target (738,443) | waypoint 2 way (738,116)..(732,204) 279 cells, outer (712,46)..(732,204) 303 cells, target (732,204)
[final]    13.20s    fence for edge c1-1to2: 0 ways (2 neighbours), 0 cells closed
[final]    13.20s    edge c1-1to2: 40 cells of its slots (26 and 20 cells) were closed and are open again
[final]    13.21s    [Coupler Insertion] chain 1 edge 1->2: a way of 186 cells refused, squeezed at (784,194): 1 wire (25) in 28 cells to the artwork, need 39 (19 + 1 x 20), short by 11
[final]    13.21s    edge of chain 1 from 1 to 2: no way; source (882, 209) heading 2 -> (861, 209) free, target (742, 120) heading 7 -> (727, 135) free | waypoint 1 way (882,213)..(738,443) 251 cells, outer (913,46)..(738,443) 417 cells, target (738,443) | waypoint 2 way (738,116)..(732,204) 279 cells, outer (712,46)..(732,204) 303 cells, target (732,204)
[final]    13.21s    fence for edge c1-1to2: 0 ways (2 neighbours), 0 cells closed
[final]    13.21s    edge c1-1to2: 5 cells of its slots (26 and 20 cells) were closed and are open again
[final]    13.23s    fence for edge c1-1to2: 0 ways (2 neighbours), 0 cells closed
[final]    13.23s    edge c1-1to2: 16 cells of its slots (26 and 20 cells) were closed and are open again
[final]    13.24s    [Coupler Insertion] chain 1 edge 1->2: a way of 156 cells refused, squeezed at (784,194): 1 wire (25) in 28 cells to the artwork, need 39 (19 + 1 x 20), short by 11
[final]    13.24s    edge of chain 1 from 1 to 2: no way; source (852, 209) heading 2 -> (831, 209) free, target (742, 120) heading 7 -> (727, 135) free | waypoint 1 way (872,213)..(738,443) 251 cells, outer (913,46)..(738,443) 417 cells, target (738,443) | waypoint 2 way (738,116)..(732,204) 279 cells, outer (712,46)..(732,204) 303 cells, target (732,204)
[final]    13.24s    fence for edge c1-1to2: 0 ways (2 neighbours), 0 cells closed
[final]    13.24s    edge c1-1to2: 16 cells of its slots (26 and 20 cells) were closed and are open again
[final]    13.25s    [Coupler Insertion] chain 1 edge 1->2: a way of 156 cells refused, squeezed at (784,194): 1 wire (25) in 28 cells to the artwork, need 39 (19 + 1 x 20), short by 11
[final]    13.25s    edge of chain 1 from 1 to 2: no way; source (852, 209) heading 2 -> (831, 209) free, target (742, 120) heading 7 -> (727, 135) free | waypoint 1 way (872,213)..(738,443) 251 cells, outer (913,46)..(738,443) 417 cells, target (738,443) | waypoint 2 way (738,116)..(732,204) 279 cells, outer (712,46)..(732,204) 303 cells, target (732,204)
[final]    13.25s    fence for edge c1-1to2: 0 ways (2 neighbours), 0 cells closed
[final]    13.25s    edge c1-1to2: 21 cells of its slots (20 and 20 cells) were closed and are open again
[final]    13.27s    edge of chain 1 from 1 to 2: no way; source (854, 207) heading 3 -> (839, 222) free, target (721, 135) heading 7 -> (706, 150) free | waypoint 1 way (858,211)..(738,443) 246 cells, outer (913,46)..(738,443) 417 cells, target (738,443) | waypoint 2 way (731,117)..(732,204) 285 cells, outer (712,46)..(732,204) 303 cells, target (732,204)
[final]    13.27s    fence for edge c1-1to2: 0 ways (2 neighbours), 0 cells closed
[final]    13.27s    edge c1-1to2: 21 cells of its slots (20 and 20 cells) were closed and are open again
[final]    13.30s    edge of chain 1 from 1 to 2: no way; source (854, 207) heading 3 -> (839, 222) free, target (721, 135) heading 7 -> (706, 150) free | waypoint 1 way (858,211)..(738,443) 246 cells, outer (913,46)..(738,443) 417 cells, target (738,443) | waypoint 2 way (731,117)..(732,204) 285 cells, outer (712,46)..(732,204) 303 cells, target (732,204)
[final]    13.30s    fence for edge c1-1to2: 0 ways (2 neighbours), 0 cells closed
[final]    13.30s    edge c1-1to2: 32 cells of its slots (20 and 20 cells) were closed and are open again
[final]    13.31s    fence for edge c1-1to2: 0 ways (2 neighbours), 0 cells closed
[final]    13.31s    edge c1-1to2: 21 cells of its slots (20 and 26 cells) were closed and are open again
[final]    13.33s    [Coupler Insertion] chain 1 edge 1->2: a way of 259 cells refused, squeezed at (736,206): 1 wire (26) in 18 cells to the artwork, need 39 (19 + 1 x 20), short by 21
[final]    13.33s    edge of chain 1 from 1 to 2: no way; source (907, 214) heading 1 -> (892, 199) free, target (740, 132) heading 0 -> (740, 153) free | waypoint 1 way (903,218)..(738,443) 246 cells, outer (913,46)..(738,443) 417 cells, target (738,443) | waypoint 2 way (736,112)..(732,204) 274 cells, outer (712,46)..(732,204) 303 cells, target (732,204)
[final]    13.33s    fence for edge c1-1to2: 0 ways (2 neighbours), 0 cells closed
[final]    13.33s    edge c1-1to2: 21 cells of its slots (20 and 26 cells) were closed and are open again
[final]    13.35s    [Coupler Insertion] chain 1 edge 1->2: a way of 259 cells refused, squeezed at (736,206): 1 wire (26) in 18 cells to the artwork, need 39 (19 + 1 x 20), short by 21
[final]    13.35s    edge of chain 1 from 1 to 2: no way; source (907, 214) heading 1 -> (892, 199) free, target (740, 132) heading 0 -> (740, 153) free | waypoint 1 way (903,218)..(738,443) 246 cells, outer (913,46)..(738,443) 417 cells, target (738,443) | waypoint 2 way (736,112)..(732,204) 274 cells, outer (712,46)..(732,204) 303 cells, target (732,204)
[final]    13.36s    fence for edge c1-1to2: 0 ways (2 neighbours), 0 cells closed
[final]    13.36s    edge c1-1to2: 5 cells of its slots (20 and 26 cells) were closed and are open again
[final]    13.37s    [Coupler Insertion] chain 1 edge 1->2: a way of 238 cells refused, squeezed at (736,207): 1 wire (26) in 18 cells to the artwork, need 39 (19 + 1 x 20), short by 21
[final]    13.37s    edge of chain 1 from 1 to 2: no way; source (886, 193) heading 1 -> (871, 178) free, target (740, 132) heading 0 -> (740, 153) free | waypoint 1 way (896,211)..(738,443) 246 cells, outer (913,46)..(738,443) 417 cells, target (738,443) | waypoint 2 way (736,112)..(732,204) 274 cells, outer (712,46)..(732,204) 303 cells, target (732,204)
[final]    13.38s    fence for edge c1-1to2: 0 ways (2 neighbours), 0 cells closed
[final]    13.38s    edge c1-1to2: 5 cells of its slots (20 and 26 cells) were closed and are open again
[final]    13.40s    [Coupler Insertion] chain 1 edge 1->2: a way of 238 cells refused, squeezed at (736,207): 1 wire (26) in 18 cells to the artwork, need 39 (19 + 1 x 20), short by 21
[final]    13.40s    edge of chain 1 from 1 to 2: no way; source (886, 193) heading 1 -> (871, 178) free, target (740, 132) heading 0 -> (740, 153) free | waypoint 1 way (896,211)..(738,443) 246 cells, outer (913,46)..(738,443) 417 cells, target (738,443) | waypoint 2 way (736,112)..(732,204) 274 cells, outer (712,46)..(732,204) 303 cells, target (732,204)
[final]    13.40s    fence for edge c1-1to2: 0 ways (2 neighbours), 0 cells closed
[final]    13.40s    edge c1-1to2: 5 cells of its slots (20 and 20 cells) were closed and are open again
[final]    13.42s    [Coupler Insertion] chain 1 edge 1->2: a way of 202 cells refused, squeezed at (784,216): 1 wire (25) in 27 cells to the artwork, need 39 (19 + 1 x 20), short by 12
[final]    13.42s    edge of chain 1 from 1 to 2: no way; source (833, 228) heading 3 -> (818, 243) free, target (721, 135) heading 7 -> (706, 150) free | waypoint 1 way (851,218)..(738,443) 246 cells, outer (913,46)..(738,443) 417 cells, target (738,443) | waypoint 2 way (731,117)..(732,204) 285 cells, outer (712,46)..(732,204) 303 cells, target (732,204)
[final]    13.42s    fence for edge c1-1to2: 0 ways (2 neighbours), 0 cells closed
[final]    13.42s    edge c1-1to2: 5 cells of its slots (20 and 20 cells) were closed and are open again
[final]    13.45s    [Coupler Insertion] chain 1 edge 1->2: a way of 202 cells refused, squeezed at (784,216): 1 wire (25) in 27 cells to the artwork, need 39 (19 + 1 x 20), short by 12
[final]    13.45s    edge of chain 1 from 1 to 2: no way; source (833, 228) heading 3 -> (818, 243) free, target (721, 135) heading 7 -> (706, 150) free | waypoint 1 way (851,218)..(738,443) 246 cells, outer (913,46)..(738,443) 417 cells, target (738,443) | waypoint 2 way (731,117)..(732,204) 285 cells, outer (712,46)..(732,204) 303 cells, target (732,204)
[final]    13.45s    fence for edge c1-1to2: 0 ways (2 neighbours), 0 cells closed
[final]    13.45s    edge c1-1to2: 16 cells of its slots (20 and 20 cells) were closed and are open again
[final]    13.46s    [Coupler Insertion] chain 1 edge 1->2: a way of 161 cells refused, squeezed at (747,177): 1 wire (26) in 24 cells to the artwork, need 39 (19 + 1 x 20), short by 15
[final]    13.46s    edge of chain 1 from 1 to 2: no way; source (833, 228) heading 3 -> (818, 243) free, target (742, 120) heading 7 -> (727, 135) free | waypoint 1 way (851,218)..(738,443) 246 cells, outer (913,46)..(738,443) 417 cells, target (738,443) | waypoint 2 way (738,116)..(732,204) 279 cells, outer (712,46)..(732,204) 303 cells, target (732,204)
[final]    13.47s    fence for edge c1-1to2: 0 ways (2 neighbours), 0 cells closed
[final]    13.47s    edge c1-1to2: 16 cells of its slots (20 and 20 cells) were closed and are open again
[final]    13.48s    [Coupler Insertion] chain 1 edge 1->2: a way of 161 cells refused, squeezed at (747,177): 1 wire (26) in 24 cells to the artwork, need 39 (19 + 1 x 20), short by 15
[final]    13.48s    edge of chain 1 from 1 to 2: no way; source (833, 228) heading 3 -> (818, 243) free, target (742, 120) heading 7 -> (727, 135) free | waypoint 1 way (851,218)..(738,443) 246 cells, outer (913,46)..(738,443) 417 cells, target (738,443) | waypoint 2 way (738,116)..(732,204) 279 cells, outer (712,46)..(732,204) 303 cells, target (732,204)
[final]    13.48s    fence for edge c1-0to1: 0 ways (1 neighbours), 0 cells closed
[final]    13.49s    fence for edge c1-1to2: 0 ways (2 neighbours), 0 cells closed
[final]    13.49s    edge c1-1to2: 24 cells of its slots (26 and 26 cells) were closed and are open again
[final]    13.50s    [Coupler Insertion] chain 1 edge 1->2: a way of 243 cells refused, squeezed at (785,202): 1 wire (25) in 28 cells to the artwork, need 39 (19 + 1 x 20), short by 11
[final]    13.50s    edge of chain 1 from 1 to 2: no way; source (849, 232) heading 4 -> (849, 253) free, target (732, 86) heading 2 -> (753, 86) free | waypoint 1 way (853,232)..(738,443) 251 cells, outer (913,46)..(738,443) 417 cells, target (738,443) | waypoint 2 way (712,90)..(732,204) 259 cells, outer (712,46)..(732,204) 303 cells, target (732,204)
[final]    13.50s    fence for edge c1-1to2: 0 ways (2 neighbours), 0 cells closed
[final]    13.50s    edge c1-1to2: 24 cells of its slots (26 and 26 cells) were closed and are open again
[final]    13.51s    [Coupler Insertion] chain 1 edge 1->2: a way of 243 cells refused, squeezed at (785,202): 1 wire (25) in 28 cells to the artwork, need 39 (19 + 1 x 20), short by 11
[final]    13.51s    edge of chain 1 from 1 to 2: no way; source (849, 232) heading 4 -> (849, 253) free, target (732, 86) heading 2 -> (753, 86) free | waypoint 1 way (853,232)..(738,443) 251 cells, outer (913,46)..(738,443) 417 cells, target (738,443) | waypoint 2 way (712,90)..(732,204) 259 cells, outer (712,46)..(732,204) 303 cells, target (732,204)
[final]    13.51s    fence for edge c1-1to2: 0 ways (2 neighbours), 0 cells closed
[final]    13.51s    edge c1-1to2: 48 cells of its slots (26 and 26 cells) were closed and are open again
[final]    13.52s    [Coupler Insertion] chain 1 edge 1->2: a way of 243 cells refused, squeezed at (785,202): 1 wire (25) in 28 cells to the artwork, need 39 (19 + 1 x 20), short by 11
[final]    13.52s    edge of chain 1 from 1 to 2: no way; source (849, 232) heading 4 -> (849, 253) free, target (702, 86) heading 2 -> (723, 86) free | waypoint 1 way (853,232)..(738,443) 251 cells, outer (913,46)..(738,443) 417 cells, target (738,443) | waypoint 2 way (702,90)..(732,204) 259 cells, outer (712,46)..(732,204) 303 cells, target (732,204)
[final]    13.52s    fence for edge c1-1to2: 0 ways (2 neighbours), 0 cells closed
[final]    13.52s    edge c1-1to2: 48 cells of its slots (26 and 26 cells) were closed and are open again
[final]    13.52s    [Coupler Insertion] chain 1 edge 1->2: a way of 243 cells refused, squeezed at (785,202): 1 wire (25) in 28 cells to the artwork, need 39 (19 + 1 x 20), short by 11
[final]    13.52s    edge of chain 1 from 1 to 2: no way; source (849, 232) heading 4 -> (849, 253) free, target (702, 86) heading 2 -> (723, 86) free | waypoint 1 way (853,232)..(738,443) 251 cells, outer (913,46)..(738,443) 417 cells, target (738,443) | waypoint 2 way (702,90)..(732,204) 259 cells, outer (712,46)..(732,204) 303 cells, target (732,204)
[final]    13.53s    fence for edge c1-1to2: 0 ways (2 neighbours), 0 cells closed
[final]    13.53s    edge c1-1to2: 29 cells of its slots (26 and 26 cells) were closed and are open again
[final]    13.54s    [Coupler Insertion] chain 1 edge 1->2: a way of 232 cells refused, squeezed at (733,196): 1 wire (26) in 24 cells to the artwork, need 39 (19 + 1 x 20), short by 15
[final]    13.54s    edge of chain 1 from 1 to 2: no way; source (849, 232) heading 4 -> (849, 253) free, target (740, 132) heading 0 -> (740, 153) free | waypoint 1 way (853,232)..(738,443) 251 cells, outer (913,46)..(738,443) 417 cells, target (738,443) | waypoint 2 way (736,112)..(732,204) 274 cells, outer (712,46)..(732,204) 303 cells, target (732,204)
[final]    13.54s    fence for edge c1-1to2: 0 ways (2 neighbours), 0 cells closed
[final]    13.55s    edge c1-1to2: 29 cells of its slots (26 and 26 cells) were closed and are open again
[final]    13.56s    [Coupler Insertion] chain 1 edge 1->2: a way of 232 cells refused, squeezed at (733,196): 1 wire (26) in 24 cells to the artwork, need 39 (19 + 1 x 20), short by 15
[final]    13.56s    edge of chain 1 from 1 to 2: no way; source (849, 232) heading 4 -> (849, 253) free, target (740, 132) heading 0 -> (740, 153) free | waypoint 1 way (853,232)..(738,443) 251 cells, outer (913,46)..(738,443) 417 cells, target (738,443) | waypoint 2 way (736,112)..(732,204) 274 cells, outer (712,46)..(732,204) 303 cells, target (732,204)
[final]    13.56s    fence for edge c1-0to1: 0 ways (1 neighbours), 0 cells closed
[final]    13.56s    edge c1-0to1: 24 cells of its slots (20 and 26 cells) were closed and are open again
[final]    13.57s    fence for edge c1-1to2: 0 ways (2 neighbours), 0 cells closed
[final]    13.58s    [Coupler Insertion] chain 1 edge 1->2: a way of 271 cells refused, squeezed at (785,232): 1 wire (25) in 28 cells to the artwork, need 39 (19 + 1 x 20), short by 11
[final]    13.58s    edge of chain 1 from 1 to 2: no way; source (849, 262) heading 4 -> (849, 283) free, target (732, 86) heading 2 -> (753, 86) free | waypoint 1 way (853,242)..(738,443) 251 cells, outer (913,46)..(738,443) 417 cells, target (738,443) | waypoint 2 way (712,90)..(732,204) 259 cells, outer (712,46)..(732,204) 303 cells, target (732,204)
[final]    13.58s    fence for edge c1-1to2: 0 ways (2 neighbours), 0 cells closed
[final]    13.59s    [Coupler Insertion] chain 1 edge 1->2: a way of 271 cells refused, squeezed at (785,232): 1 wire (25) in 28 cells to the artwork, need 39 (19 + 1 x 20), short by 11
[final]    13.59s    edge of chain 1 from 1 to 2: no way; source (849, 262) heading 4 -> (849, 283) free, target (732, 86) heading 2 -> (753, 86) free | waypoint 1 way (853,242)..(738,443) 251 cells, outer (913,46)..(738,443) 417 cells, target (738,443) | waypoint 2 way (712,90)..(732,204) 259 cells, outer (712,46)..(732,204) 303 cells, target (732,204)
[final]    13.59s    fence for edge c1-1to2: 0 ways (2 neighbours), 0 cells closed
[final]    13.59s    edge c1-1to2: 24 cells of its slots (26 and 26 cells) were closed and are open again
[final]    13.60s    [Coupler Insertion] chain 1 edge 1->2: a way of 273 cells refused, squeezed at (785,232): 1 wire (25) in 28 cells to the artwork, need 39 (19 + 1 x 20), short by 11
[final]    13.60s    edge of chain 1 from 1 to 2: no way; source (849, 262) heading 4 -> (849, 283) free, target (702, 86) heading 2 -> (723, 86) free | waypoint 1 way (853,242)..(738,443) 251 cells, outer (913,46)..(738,443) 417 cells, target (738,443) | waypoint 2 way (702,90)..(732,204) 259 cells, outer (712,46)..(732,204) 303 cells, target (732,204)
[final]    13.60s    fence for edge c1-1to2: 0 ways (2 neighbours), 0 cells closed
[final]    13.60s    edge c1-1to2: 24 cells of its slots (26 and 26 cells) were closed and are open again
[final]    13.61s    [Coupler Insertion] chain 1 edge 1->2: a way of 273 cells refused, squeezed at (785,232): 1 wire (25) in 28 cells to the artwork, need 39 (19 + 1 x 20), short by 11
[final]    13.61s    edge of chain 1 from 1 to 2: no way; source (849, 262) heading 4 -> (849, 283) free, target (702, 86) heading 2 -> (723, 86) free | waypoint 1 way (853,242)..(738,443) 251 cells, outer (913,46)..(738,443) 417 cells, target (738,443) | waypoint 2 way (702,90)..(732,204) 259 cells, outer (712,46)..(732,204) 303 cells, target (732,204)
[final]    13.61s    fence for edge c1-1to2: 0 ways (2 neighbours), 0 cells closed
[final]    13.61s    edge c1-1to2: 5 cells of its slots (26 and 26 cells) were closed and are open again
[final]    13.62s    [Coupler Insertion] chain 1 edge 1->2: a way of 232 cells refused, squeezed at (733,196): 1 wire (26) in 24 cells to the artwork, need 39 (19 + 1 x 20), short by 15
[final]    13.62s    edge of chain 1 from 1 to 2: no way; source (849, 262) heading 4 -> (849, 283) free, target (740, 132) heading 0 -> (740, 153) free | waypoint 1 way (853,242)..(738,443) 251 cells, outer (913,46)..(738,443) 417 cells, target (738,443) | waypoint 2 way (736,112)..(732,204) 274 cells, outer (712,46)..(732,204) 303 cells, target (732,204)
[final]    13.63s    fence for edge c1-1to2: 0 ways (2 neighbours), 0 cells closed
[final]    13.63s    edge c1-1to2: 5 cells of its slots (26 and 26 cells) were closed and are open again
[final]    13.64s    [Coupler Insertion] chain 1 edge 1->2: a way of 232 cells refused, squeezed at (733,196): 1 wire (26) in 24 cells to the artwork, need 39 (19 + 1 x 20), short by 15
[final]    13.64s    edge of chain 1 from 1 to 2: no way; source (849, 262) heading 4 -> (849, 283) free, target (740, 132) heading 0 -> (740, 153) free | waypoint 1 way (853,242)..(738,443) 251 cells, outer (913,46)..(738,443) 417 cells, target (738,443) | waypoint 2 way (736,112)..(732,204) 274 cells, outer (712,46)..(732,204) 303 cells, target (732,204)
[final]    13.64s    fence for edge c1-0to1: 0 ways (1 neighbours), 0 cells closed
[final]    13.65s    fence for edge c1-1to2: 0 ways (2 neighbours), 0 cells closed
[final]    13.65s    edge c1-1to2: 17 cells of its slots (20 and 26 cells) were closed and are open again
[final]    13.66s    [Coupler Insertion] chain 1 edge 1->2: a way of 272 cells refused, squeezed at (784,224): 1 wire (25) in 27 cells to the artwork, need 39 (19 + 1 x 20), short by 12
[final]    13.66s    edge of chain 1 from 1 to 2: no way; source (847, 260) heading 5 -> (862, 275) free, target (732, 86) heading 2 -> (753, 86) free | waypoint 1 way (851,256)..(738,443) 246 cells, outer (913,46)..(738,443) 417 cells, target (738,443) | waypoint 2 way (712,90)..(732,204) 259 cells, outer (712,46)..(732,204) 303 cells, target (732,204)
[final]    13.66s    fence for edge c1-1to2: 0 ways (2 neighbours), 0 cells closed
[final]    13.66s    edge c1-1to2: 17 cells of its slots (20 and 26 cells) were closed and are open again
[final]    13.67s    [Coupler Insertion] chain 1 edge 1->2: a way of 266 cells refused, squeezed at (784,216): 1 wire (25) in 27 cells to the artwork, need 39 (19 + 1 x 20), short by 12
[final]    13.67s    edge of chain 1 from 1 to 2: no way; source (847, 260) heading 5 -> (862, 275) free, target (732, 86) heading 2 -> (753, 86) free | waypoint 1 way (851,256)..(738,443) 246 cells, outer (913,46)..(738,443) 417 cells, target (738,443) | waypoint 2 way (712,90)..(732,204) 259 cells, outer (712,46)..(732,204) 303 cells, target (732,204)
[final]    13.67s    fence for edge c1-1to2: 0 ways (2 neighbours), 0 cells closed
[final]    13.67s    edge c1-1to2: 41 cells of its slots (20 and 26 cells) were closed and are open again
[final]    13.68s    [Coupler Insertion] chain 1 edge 1->2: a way of 274 cells refused, squeezed at (784,224): 1 wire (25) in 27 cells to the artwork, need 39 (19 + 1 x 20), short by 12
[final]    13.68s    edge of chain 1 from 1 to 2: no way; source (847, 260) heading 5 -> (862, 275) free, target (702, 86) heading 2 -> (723, 86) free | waypoint 1 way (851,256)..(738,443) 246 cells, outer (913,46)..(738,443) 417 cells, target (738,443) | waypoint 2 way (702,90)..(732,204) 259 cells, outer (712,46)..(732,204) 303 cells, target (732,204)
[final]    13.68s    fence for edge c1-1to2: 0 ways (2 neighbours), 0 cells closed
[final]    13.68s    edge c1-1to2: 41 cells of its slots (20 and 26 cells) were closed and are open again
[final]    13.69s    [Coupler Insertion] chain 1 edge 1->2: a way of 266 cells refused, squeezed at (747,177): 1 wire (26) in 24 cells to the artwork, need 39 (19 + 1 x 20), short by 15
[final]    13.69s    edge of chain 1 from 1 to 2: no way; source (847, 260) heading 5 -> (862, 275) free, target (702, 86) heading 2 -> (723, 86) free | waypoint 1 way (851,256)..(738,443) 246 cells, outer (913,46)..(738,443) 417 cells, target (738,443) | waypoint 2 way (702,90)..(732,204) 259 cells, outer (712,46)..(732,204) 303 cells, target (732,204)
[final]    13.69s    fence for edge c1-0to1: 0 ways (1 neighbours), 0 cells closed
[final]    13.69s    edge c1-0to1: 16 cells of its slots (20 and 20 cells) were closed and are open again
[final]    13.70s    fence for edge c1-1to2: 0 ways (2 neighbours), 0 cells closed
[final]    13.72s    [Coupler Insertion] chain 1 edge 1->2: a way of 567 cells refused, squeezed at (783,417): 1 wire (22) in 12 cells to the artwork, need 39 (19 + 1 x 20), short by 27
[final]    13.72s    edge of chain 1 from 1 to 2: no way; source (864, 320) heading 5 -> (879, 335) free, target (732, 86) heading 2 -> (753, 86) free | waypoint 1 way (854,302)..(738,443) 205 cells, outer (913,46)..(738,443) 417 cells, target (738,443) | waypoint 2 way (712,90)..(732,204) 259 cells, outer (712,46)..(732,204) 303 cells, target (732,204)
[final]    13.73s    fence for edge c1-1to2: 0 ways (2 neighbours), 0 cells closed
[final]    13.74s    fence for edge c1-0to1: 0 ways (1 neighbours), 0 cells closed
[final]    13.74s    edge c1-0to1: 16 cells of its slots (20 and 20 cells) were closed and are open again
[final]    13.78s    [Coupler Insertion] chain 1 edge 0->1: a way of 661 cells refused, squeezed at (781,417): 1 wire (22) in 12 cells to the artwork, need 39 (19 + 1 x 20), short by 27
[final]    13.78s    edge of chain 1 from 0 to 1: no way; source (963, 45) heading 4 -> (963, 56) free, target (850, 306) heading 5 -> (835, 291) free | waypoint 1 way (854,302)..(738,443) 205 cells, outer (913,46)..(738,443) 417 cells, target (738,443)
[final]    13.79s    fence for edge c1-1to2: 0 ways (2 neighbours), 0 cells closed
[final]    13.79s    edge c1-1to2: 24 cells of its slots (20 and 26 cells) were closed and are open again
[final]    13.81s    [Coupler Insertion] chain 1 edge 1->2: a way of 569 cells refused, squeezed at (783,417): 1 wire (22) in 12 cells to the artwork, need 39 (19 + 1 x 20), short by 27
[final]    13.81s    edge of chain 1 from 1 to 2: no way; source (864, 320) heading 5 -> (879, 335) free, target (702, 86) heading 2 -> (723, 86) free | waypoint 1 way (854,302)..(738,443) 205 cells, outer (913,46)..(738,443) 417 cells, target (738,443) | waypoint 2 way (702,90)..(732,204) 259 cells, outer (712,46)..(732,204) 303 cells, target (732,204)
[final]    13.81s    fence for edge c1-1to2: 0 ways (2 neighbours), 0 cells closed
[final]    13.81s    edge c1-1to2: 24 cells of its slots (20 and 26 cells) were closed and are open again
[final]    13.82s    fence for edge c1-0to1: 0 ways (1 neighbours), 0 cells closed
[final]    13.82s    edge c1-0to1: 16 cells of its slots (20 and 20 cells) were closed and are open again
[final]    13.88s    [Coupler Insertion] chain 1 edge 0->1: a way of 661 cells refused, squeezed at (781,417): 1 wire (22) in 12 cells to the artwork, need 39 (19 + 1 x 20), short by 27
[final]    13.88s    edge of chain 1 from 0 to 1: no way; source (963, 45) heading 4 -> (963, 56) free, target (850, 306) heading 5 -> (835, 291) free | waypoint 1 way (854,302)..(738,443) 205 cells, outer (913,46)..(738,443) 417 cells, target (738,443)
[final]    13.88s    fence for edge c1-0to1: 0 ways (1 neighbours), 0 cells closed
[final]    13.88s    edge c1-0to1: 5 cells of its slots (20 and 26 cells) were closed and are open again
[final]    13.89s    fence for edge c1-1to2: 0 ways (2 neighbours), 0 cells closed
[final]    13.89s    edge c1-1to2: 24 cells of its slots (26 and 26 cells) were closed and are open again
[final]    13.92s    [Coupler Insertion] chain 1 edge 1->2: a way of 592 cells refused, squeezed at (768,437): 1 wire (22) in 11 cells to the artwork, need 39 (19 + 1 x 20), short by 28
[final]    13.92s    edge of chain 1 from 1 to 2: no way; source (868, 304) heading 6 -> (889, 304) free, target (732, 86) heading 2 -> (753, 86) free | waypoint 1 way (868,300)..(738,443) 210 cells, outer (913,46)..(738,443) 417 cells, target (738,443) | waypoint 2 way (712,90)..(732,204) 259 cells, outer (712,46)..(732,204) 303 cells, target (732,204)
[final]    13.92s    fence for edge c1-1to2: 0 ways (2 neighbours), 0 cells closed
[final]    13.92s    edge c1-1to2: 24 cells of its slots (26 and 26 cells) were closed and are open again
[final]    13.93s    fence for edge c1-0to1: 0 ways (1 neighbours), 0 cells closed
[final]    13.93s    edge c1-0to1: 5 cells of its slots (20 and 26 cells) were closed and are open again
[final]    13.98s    edge of chain 1 from 0 to 1: no way; source (963, 45) heading 4 -> (963, 56) free, target (848, 304) heading 6 -> (827, 304) free | waypoint 1 way (868,300)..(738,443) 210 cells, outer (913,46)..(738,443) 417 cells, target (738,443)
[final]    13.98s    fence for edge c1-1to2: 0 ways (2 neighbours), 0 cells closed
[final]    13.98s    edge c1-1to2: 48 cells of its slots (26 and 26 cells) were closed and are open again
[final]    14.01s    [Coupler Insertion] chain 1 edge 1->2: a way of 594 cells refused, squeezed at (768,437): 1 wire (22) in 11 cells to the artwork, need 39 (19 + 1 x 20), short by 28
[final]    14.01s    edge of chain 1 from 1 to 2: no way; source (868, 304) heading 6 -> (889, 304) free, target (702, 86) heading 2 -> (723, 86) free | waypoint 1 way (868,300)..(738,443) 210 cells, outer (913,46)..(738,443) 417 cells, target (738,443) | waypoint 2 way (702,90)..(732,204) 259 cells, outer (712,46)..(732,204) 303 cells, target (732,204)
[final]    14.01s    fence for edge c1-1to2: 0 ways (2 neighbours), 0 cells closed
[final]    14.01s    edge c1-1to2: 48 cells of its slots (26 and 26 cells) were closed and are open again
[final]    14.02s    fence for edge c1-0to1: 0 ways (1 neighbours), 0 cells closed
[final]    14.02s    edge c1-0to1: 5 cells of its slots (20 and 26 cells) were closed and are open again
[final]    14.07s    edge of chain 1 from 0 to 1: no way; source (963, 45) heading 4 -> (963, 56) free, target (848, 304) heading 6 -> (827, 304) free | waypoint 1 way (868,300)..(738,443) 210 cells, outer (913,46)..(738,443) 417 cells, target (738,443)
[final]    14.07s    fence for edge c1-0to1: 0 ways (1 neighbours), 0 cells closed
[final]    14.07s    edge c1-0to1: 24 cells of its slots (20 and 26 cells) were closed and are open again
[final]    14.08s    fence for edge c1-1to2: 0 ways (2 neighbours), 0 cells closed
[final]    14.12s    [Coupler Insertion] chain 1 edge 1->2: a way of 626 cells refused, squeezed at (772,428): 1 wire (22) in 6 cells to the artwork, need 39 (19 + 1 x 20), short by 33
[final]    14.12s    edge of chain 1 from 1 to 2: no way; source (902, 265) heading 6 -> (923, 265) free, target (732, 86) heading 2 -> (753, 86) free | waypoint 1 way (882,261)..(738,443) 251 cells, outer (913,46)..(738,443) 417 cells, target (738,443) | waypoint 2 way (712,90)..(732,204) 259 cells, outer (712,46)..(732,204) 303 cells, target (732,204)
[final]    14.12s    fence for edge c1-1to2: 0 ways (2 neighbours), 0 cells closed
[final]    14.13s    fence for edge c1-0to1: 0 ways (1 neighbours), 0 cells closed
[final]    14.13s    edge c1-0to1: 24 cells of its slots (20 and 26 cells) were closed and are open again
[final]    14.17s    [Coupler Insertion] chain 1 edge 0->1: a way of 659 cells refused, squeezed at (781,417): 1 wire (22) in 12 cells to the artwork, need 39 (19 + 1 x 20), short by 27
[final]    14.17s    edge of chain 1 from 0 to 1: no way; source (963, 45) heading 4 -> (963, 56) free, target (882, 265) heading 6 -> (861, 265) free | waypoint 1 way (882,261)..(738,443) 251 cells, outer (913,46)..(738,443) 417 cells, target (738,443)
[final]    14.18s    fence for edge c1-1to2: 0 ways (2 neighbours), 0 cells closed
[final]    14.18s    edge c1-1to2: 24 cells of its slots (26 and 26 cells) were closed and are open again
[final]    14.21s    [Coupler Insertion] chain 1 edge 1->2: a way of 628 cells refused, squeezed at (772,428): 1 wire (22) in 6 cells to the artwork, need 39 (19 + 1 x 20), short by 33
[final]    14.21s    edge of chain 1 from 1 to 2: no way; source (902, 265) heading 6 -> (923, 265) free, target (702, 86) heading 2 -> (723, 86) free | waypoint 1 way (882,261)..(738,443) 251 cells, outer (913,46)..(738,443) 417 cells, target (738,443) | waypoint 2 way (702,90)..(732,204) 259 cells, outer (712,46)..(732,204) 303 cells, target (732,204)
[final]    14.21s    fence for edge c1-1to2: 0 ways (2 neighbours), 0 cells closed
[final]    14.21s    edge c1-1to2: 24 cells of its slots (26 and 26 cells) were closed and are open again
[final]    14.22s    fence for edge c1-0to1: 0 ways (1 neighbours), 0 cells closed
[final]    14.22s    edge c1-0to1: 24 cells of its slots (20 and 26 cells) were closed and are open again
[final]    14.27s    [Coupler Insertion] chain 1 edge 0->1: a way of 659 cells refused, squeezed at (781,417): 1 wire (22) in 12 cells to the artwork, need 39 (19 + 1 x 20), short by 27
[final]    14.27s    edge of chain 1 from 0 to 1: no way; source (963, 45) heading 4 -> (963, 56) free, target (882, 265) heading 6 -> (861, 265) free | waypoint 1 way (882,261)..(738,443) 251 cells, outer (913,46)..(738,443) 417 cells, target (738,443)
[final]    14.27s    fence for edge c1-0to1: 0 ways (1 neighbours), 0 cells closed
[final]    14.29s    fence for edge c1-1to2: 0 ways (2 neighbours), 0 cells closed
[final]    14.29s    edge c1-1to2: 21 cells of its slots (20 and 26 cells) were closed and are open again
[final]    14.29s    edge of chain 1 from 1 to 2: no way; source (900, 267) heading 7 -> (915, 252) free, target (732, 86) heading 2 -> (753, 86) free | waypoint 1 way (896,263)..(738,443) 246 cells, outer (913,46)..(738,443) 417 cells, target (738,443) | waypoint 2 way (712,90)..(732,204) 259 cells, outer (712,46)..(732,204) 303 cells, target (732,204)
[final]    14.29s    fence for edge c1-1to2: 0 ways (2 neighbours), 0 cells closed
[final]    14.29s    edge c1-1to2: 16 cells of its slots (20 and 26 cells) were closed and are open again
[final]    14.30s    fence for edge c1-0to1: 0 ways (1 neighbours), 0 cells closed
[final]    14.31s    [Coupler Insertion]   chain 1 edge 1: no way after edge 0, but both fit with edge 1 laid first — edge 0 redone at 50000 instead of 50000
[final]    14.31s    fence for edge c1-1to2: 0 ways (2 neighbours), 0 cells closed
[final]    14.31s    edge c1-1to2: 45 cells of its slots (20 and 26 cells) were closed and are open again
[final]    14.32s    edge of chain 1 from 1 to 2: no way; source (900, 267) heading 7 -> (915, 252) free, target (702, 86) heading 2 -> (723, 86) free | waypoint 1 way (896,263)..(738,443) 246 cells, outer (913,46)..(738,443) 417 cells, target (738,443) | waypoint 2 way (702,90)..(732,204) 259 cells, outer (712,46)..(732,204) 303 cells, target (732,204)
[final]    14.32s    fence for edge c1-1to2: 0 ways (2 neighbours), 0 cells closed
[final]    14.32s    edge c1-1to2: 40 cells of its slots (20 and 26 cells) were closed and are open again
[final]    14.33s    fence for edge c1-0to1: 0 ways (1 neighbours), 0 cells closed
[final]    14.34s    [Coupler Insertion]   chain 1 edge 1: no way after edge 0, but both fit with edge 1 laid first — edge 0 redone at 50000 instead of 50000
[final]    14.34s    fence for edge c1-0to1: 0 ways (1 neighbours), 0 cells closed
[final]    14.34s    edge c1-0to1: 16 cells of its slots (20 and 20 cells) were closed and are open again
[final]    14.35s    fence for edge c1-1to2: 0 ways (2 neighbours), 0 cells closed
[final]    14.35s    edge c1-1to2: 21 cells of its slots (20 and 26 cells) were closed and are open again
[final]    14.36s    edge of chain 1 from 1 to 2: no way; source (921, 246) heading 7 -> (936, 231) free, target (732, 86) heading 2 -> (753, 86) free | waypoint 1 way (903,256)..(738,443) 246 cells, outer (913,46)..(738,443) 417 cells, target (738,443) | waypoint 2 way (712,90)..(732,204) 259 cells, outer (712,46)..(732,204) 303 cells, target (732,204)
[final]    14.36s    fence for edge c1-1to2: 0 ways (2 neighbours), 0 cells closed
[final]    14.37s    fence for edge c1-0to1: 0 ways (1 neighbours), 0 cells closed
[final]    14.37s    edge c1-0to1: 16 cells of its slots (20 and 20 cells) were closed and are open again
[final]    14.38s    [Coupler Insertion]   chain 1 edge 1: no way after edge 0, but both fit with edge 1 laid first — edge 0 redone at 50000 instead of 50000
[final]    14.38s    fence for edge c1-1to2: 0 ways (2 neighbours), 0 cells closed
[final]    14.38s    edge c1-1to2: 45 cells of its slots (20 and 26 cells) were closed and are open again
[final]    14.39s    edge of chain 1 from 1 to 2: no way; source (921, 246) heading 7 -> (936, 231) free, target (702, 86) heading 2 -> (723, 86) free | waypoint 1 way (903,256)..(738,443) 246 cells, outer (913,46)..(738,443) 417 cells, target (738,443) | waypoint 2 way (702,90)..(732,204) 259 cells, outer (712,46)..(732,204) 303 cells, target (732,204)
[final]    14.39s    fence for edge c1-1to2: 0 ways (2 neighbours), 0 cells closed
[final]    14.39s    edge c1-1to2: 24 cells of its slots (20 and 26 cells) were closed and are open again
[final]    14.40s    fence for edge c1-0to1: 0 ways (1 neighbours), 0 cells closed
[final]    14.40s    edge c1-0to1: 16 cells of its slots (20 and 20 cells) were closed and are open again
[final]    14.40s    [Coupler Insertion]   chain 1 edge 1: no way after edge 0, but both fit with edge 1 laid first — edge 0 redone at 50000 instead of 50000
[final]    14.41s    fence for edge c1-1to2: 0 ways (2 neighbours), 0 cells closed
[final]    14.41s    edge c1-1to2: 29 cells of its slots (26 and 26 cells) were closed and are open again
[final]    14.43s    fence for edge c1-1to2: 0 ways (2 neighbours), 0 cells closed
[final]    14.43s    edge c1-1to2: 48 cells of its slots (26 and 26 cells) were closed and are open again
[final]    14.43s    edge of chain 1 from 1 to 2: no way; source (882, 209) heading 2 -> (861, 209) free, target (712, 141) heading 6 -> (691, 141) free | waypoint 1 way (882,213)..(738,443) 251 cells, outer (913,46)..(738,443) 417 cells, target (738,443) | waypoint 2 way (712,137)..(732,204) 260 cells, outer (712,46)..(732,204) 303 cells, target (732,204)
[final]    14.43s    fence for edge c1-1to2: 0 ways (2 neighbours), 0 cells closed
[final]    14.43s    edge c1-1to2: 48 cells of its slots (26 and 26 cells) were closed and are open again
[final]    14.43s    edge of chain 1 from 1 to 2: no way; source (882, 209) heading 2 -> (861, 209) free, target (712, 141) heading 6 -> (691, 141) free | waypoint 1 way (882,213)..(738,443) 251 cells, outer (913,46)..(738,443) 417 cells, target (738,443) | waypoint 2 way (712,137)..(732,204) 260 cells, outer (712,46)..(732,204) 303 cells, target (732,204)
[final]    14.43s    fence for edge c1-1to2: 0 ways (2 neighbours), 0 cells closed
[final]    14.43s    edge c1-1to2: 5 cells of its slots (26 and 26 cells) were closed and are open again
[final]    14.45s    fence for edge c1-1to2: 0 ways (2 neighbours), 0 cells closed
[final]    14.45s    edge c1-1to2: 24 cells of its slots (26 and 26 cells) were closed and are open again
[final]    14.46s    edge of chain 1 from 1 to 2: no way; source (852, 209) heading 2 -> (831, 209) free, target (712, 141) heading 6 -> (691, 141) free | waypoint 1 way (872,213)..(738,443) 251 cells, outer (913,46)..(738,443) 417 cells, target (738,443) | waypoint 2 way (712,137)..(732,204) 260 cells, outer (712,46)..(732,204) 303 cells, target (732,204)
[final]    14.46s    fence for edge c1-1to2: 0 ways (2 neighbours), 0 cells closed
[final]    14.46s    edge c1-1to2: 24 cells of its slots (26 and 26 cells) were closed and are open again
[final]    14.46s    edge of chain 1 from 1 to 2: no way; source (852, 209) heading 2 -> (831, 209) free, target (712, 141) heading 6 -> (691, 141) free | waypoint 1 way (872,213)..(738,443) 251 cells, outer (913,46)..(738,443) 417 cells, target (738,443) | waypoint 2 way (712,137)..(732,204) 260 cells, outer (712,46)..(732,204) 303 cells, target (732,204)
[final]    14.46s    fence for edge c1-1to2: 0 ways (2 neighbours), 0 cells closed
[final]    14.46s    edge c1-1to2: 21 cells of its slots (20 and 26 cells) were closed and are open again
[final]    14.48s    fence for edge c1-1to2: 0 ways (2 neighbours), 0 cells closed
[final]    14.48s    edge c1-1to2: 40 cells of its slots (20 and 26 cells) were closed and are open again
[final]    14.49s    edge of chain 1 from 1 to 2: no way; source (854, 207) heading 3 -> (839, 222) free, target (712, 141) heading 6 -> (691, 141) free | waypoint 1 way (858,211)..(738,443) 246 cells, outer (913,46)..(738,443) 417 cells, target (738,443) | waypoint 2 way (712,137)..(732,204) 260 cells, outer (712,46)..(732,204) 303 cells, target (732,204)
[final]    14.49s    fence for edge c1-1to2: 0 ways (2 neighbours), 0 cells closed
[final]    14.49s    edge c1-1to2: 40 cells of its slots (20 and 26 cells) were closed and are open again
[final]    14.49s    edge of chain 1 from 1 to 2: no way; source (854, 207) heading 3 -> (839, 222) free, target (712, 141) heading 6 -> (691, 141) free | waypoint 1 way (858,211)..(738,443) 246 cells, outer (913,46)..(738,443) 417 cells, target (738,443) | waypoint 2 way (712,137)..(732,204) 260 cells, outer (712,46)..(732,204) 303 cells, target (732,204)
[final]    14.49s    fence for edge c1-2to3: 0 ways (2 neighbours), 0 cells closed
[final]    14.49s    edge c1-2to3: 16 cells of its slots (20 and 20 cells) were closed and are open again
[final]    14.50s    [Coupler Insertion] chain 1 edge 2->3: a way of 495 cells refused, squeezed at (373,89): 1 wire (29) in 29 cells to the artwork, need 39 (19 + 1 x 20), short by 10
[final]    14.50s    edge of chain 1 from 2 to 3: no way; source (756, 106) heading 7 -> (771, 91) free, target (312, 106) heading 3 -> (327, 91) free | waypoint 2 way (738,116)..(732,204) 279 cells, outer (712,46)..(732,204) 303 cells, target (732,204) | waypoint 3 way (316,110)..(432,260) 193 cells, outer (412,46)..(432,260) 276 cells, target (432,260)
[final]    14.51s    fence for edge c1-2to3: 0 ways (2 neighbours), 0 cells closed
[final]    14.52s    [Coupler Insertion] chain 1 edge 2->3: a way of 511 cells refused, squeezed at (373,86): 1 wire (29) in 32 cells to the artwork, need 39 (19 + 1 x 20), short by 7
[final]    14.52s    edge of chain 1 from 2 to 3: no way; source (756, 106) heading 7 -> (771, 91) free, target (322, 112) heading 4 -> (322, 91) free | waypoint 2 way (738,116)..(732,204) 279 cells, outer (712,46)..(732,204) 303 cells, target (732,204) | waypoint 3 way (326,132)..(432,260) 190 cells, outer (412,46)..(432,260) 276 cells, target (432,260)
[final]    14.52s    fence for edge c1-2to3: 0 ways (2 neighbours), 0 cells closed
[final]    14.52s    edge c1-2to3: 24 cells of its slots (20 and 26 cells) were closed and are open again
[final]    14.54s    [Coupler Insertion] chain 1 edge 2->3: a way of 534 cells refused, squeezed at (373,93): 1 wire (29) in 25 cells to the artwork, need 39 (19 + 1 x 20), short by 14
[final]    14.54s    edge of chain 1 from 2 to 3: no way; source (756, 106) heading 7 -> (771, 91) free, target (302, 122) heading 4 -> (302, 101) free | waypoint 2 way (738,116)..(732,204) 279 cells, outer (712,46)..(732,204) 303 cells, target (732,204) | waypoint 3 way (306,122)..(432,260) 210 cells, outer (412,46)..(432,260) 276 cells, target (432,260)
[final]    14.54s    fence for edge c1-1to2: 0 ways (2 neighbours), 0 cells closed
[final]    14.54s    edge c1-1to2: 21 cells of its slots (20 and 20 cells) were closed and are open again
[final]    14.56s    edge of chain 1 from 1 to 2: no way; source (907, 214) heading 1 -> (892, 199) free, target (721, 135) heading 7 -> (706, 150) free | waypoint 1 way (903,218)..(738,443) 246 cells, outer (913,46)..(738,443) 417 cells, target (738,443) | waypoint 2 way (731,117)..(732,204) 285 cells, outer (712,46)..(732,204) 303 cells, target (732,204)
[final]    14.57s    fence for edge c1-1to2: 0 ways (2 neighbours), 0 cells closed
[final]    14.57s    edge c1-1to2: 21 cells of its slots (20 and 20 cells) were closed and are open again
[final]    14.59s    edge of chain 1 from 1 to 2: no way; source (907, 214) heading 1 -> (892, 199) free, target (721, 135) heading 7 -> (706, 150) free | waypoint 1 way (903,218)..(738,443) 246 cells, outer (913,46)..(738,443) 417 cells, target (738,443) | waypoint 2 way (731,117)..(732,204) 285 cells, outer (712,46)..(732,204) 303 cells, target (732,204)
[final]    14.60s    fence for edge c1-1to2: 0 ways (2 neighbours), 0 cells closed
[final]    14.60s    edge c1-1to2: 32 cells of its slots (20 and 20 cells) were closed and are open again
[final]    14.61s    fence for edge c1-1to2: 0 ways (2 neighbours), 0 cells closed
[final]    14.61s    edge c1-1to2: 5 cells of its slots (20 and 20 cells) were closed and are open again
[final]    14.62s    edge of chain 1 from 1 to 2: no way; source (886, 193) heading 1 -> (871, 178) free, target (721, 135) heading 7 -> (706, 150) free | waypoint 1 way (896,211)..(738,443) 246 cells, outer (913,46)..(738,443) 417 cells, target (738,443) | waypoint 2 way (731,117)..(732,204) 285 cells, outer (712,46)..(732,204) 303 cells, target (732,204)
[final]    14.63s    fence for edge c1-1to2: 0 ways (2 neighbours), 0 cells closed
[final]    14.63s    edge c1-1to2: 5 cells of its slots (20 and 20 cells) were closed and are open again
[final]    14.65s    edge of chain 1 from 1 to 2: no way; source (886, 193) heading 1 -> (871, 178) free, target (721, 135) heading 7 -> (706, 150) free | waypoint 1 way (896,211)..(738,443) 246 cells, outer (913,46)..(738,443) 417 cells, target (738,443) | waypoint 2 way (731,117)..(732,204) 285 cells, outer (712,46)..(732,204) 303 cells, target (732,204)
[final]    14.65s    fence for edge c1-1to2: 0 ways (2 neighbours), 0 cells closed
[final]    14.65s    edge c1-1to2: 16 cells of its slots (20 and 20 cells) were closed and are open again
[final]    14.66s    fence for edge c1-1to2: 0 ways (2 neighbours), 0 cells closed
[final]    14.66s    edge c1-1to2: 5 cells of its slots (20 and 26 cells) were closed and are open again
[final]    14.68s    [Coupler Insertion] chain 1 edge 1->2: a way of 296 cells refused, squeezed at (747,177): 1 wire (26) in 24 cells to the artwork, need 39 (19 + 1 x 20), short by 15
[final]    14.68s    edge of chain 1 from 1 to 2: no way; source (833, 228) heading 3 -> (818, 243) free, target (682, 141) heading 6 -> (661, 141) free | waypoint 1 way (851,218)..(738,443) 246 cells, outer (913,46)..(738,443) 417 cells, target (738,443) | waypoint 2 way (702,137)..(732,204) 260 cells, outer (712,46)..(732,204) 303 cells, target (732,204)
[final]    14.68s    fence for edge c1-1to2: 0 ways (2 neighbours), 0 cells closed
[final]    14.68s    edge c1-1to2: 5 cells of its slots (20 and 26 cells) were closed and are open again
[final]    14.70s    [Coupler Insertion] chain 1 edge 1->2: a way of 296 cells refused, squeezed at (747,177): 1 wire (26) in 24 cells to the artwork, need 39 (19 + 1 x 20), short by 15
[final]    14.70s    edge of chain 1 from 1 to 2: no way; source (833, 228) heading 3 -> (818, 243) free, target (682, 141) heading 6 -> (661, 141) free | waypoint 1 way (851,218)..(738,443) 246 cells, outer (913,46)..(738,443) 417 cells, target (738,443) | waypoint 2 way (702,137)..(732,204) 260 cells, outer (712,46)..(732,204) 303 cells, target (732,204)
[final]    14.70s    fence for edge c1-1to2: 0 ways (2 neighbours), 0 cells closed
[final]    14.70s    edge c1-1to2: 24 cells of its slots (20 and 26 cells) were closed and are open again
[final]    14.71s    edge of chain 1 from 1 to 2: no way; source (833, 228) heading 3 -> (818, 243) free, target (712, 141) heading 6 -> (691, 141) free | waypoint 1 way (851,218)..(738,443) 246 cells, outer (913,46)..(738,443) 417 cells, target (738,443) | waypoint 2 way (712,137)..(732,204) 260 cells, outer (712,46)..(732,204) 303 cells, target (732,204)
[final]    14.71s    fence for edge c1-1to2: 0 ways (2 neighbours), 0 cells closed
[final]    14.71s    edge c1-1to2: 24 cells of its slots (20 and 26 cells) were closed and are open again
[final]    14.71s    edge of chain 1 from 1 to 2: no way; source (833, 228) heading 3 -> (818, 243) free, target (712, 141) heading 6 -> (691, 141) free | waypoint 1 way (851,218)..(738,443) 246 cells, outer (913,46)..(738,443) 417 cells, target (738,443) | waypoint 2 way (712,137)..(732,204) 260 cells, outer (712,46)..(732,204) 303 cells, target (732,204)
[final]    14.71s    fence for edge c1-1to2: 0 ways (2 neighbours), 0 cells closed
[final]    14.71s    edge c1-1to2: 29 cells of its slots (26 and 26 cells) were closed and are open again
[final]    14.73s    [Coupler Insertion] chain 1 edge 1->2: a way of 283 cells refused, squeezed at (732,197): 1 wire (26) in 23 cells to the artwork, need 39 (19 + 1 x 20), short by 16
[final]    14.73s    edge of chain 1 from 1 to 2: no way; source (905, 242) heading 0 -> (905, 221) free, target (740, 132) heading 0 -> (740, 153) free | waypoint 1 way (901,242)..(738,443) 251 cells, outer (913,46)..(738,443) 417 cells, target (738,443) | waypoint 2 way (736,112)..(732,204) 274 cells, outer (712,46)..(732,204) 303 cells, target (732,204)
[final]    14.73s    fence for edge c1-1to2: 0 ways (2 neighbours), 0 cells closed
[final]    14.73s    edge c1-1to2: 29 cells of its slots (26 and 26 cells) were closed and are open again
[final]    14.75s    [Coupler Insertion] chain 1 edge 1->2: a way of 283 cells refused, squeezed at (732,197): 1 wire (26) in 23 cells to the artwork, need 39 (19 + 1 x 20), short by 16
[final]    14.75s    edge of chain 1 from 1 to 2: no way; source (905, 242) heading 0 -> (905, 221) free, target (740, 132) heading 0 -> (740, 153) free | waypoint 1 way (901,242)..(738,443) 251 cells, outer (913,46)..(738,443) 417 cells, target (738,443) | waypoint 2 way (736,112)..(732,204) 274 cells, outer (712,46)..(732,204) 303 cells, target (732,204)
[final]    14.76s    fence for edge c1-1to2: 0 ways (2 neighbours), 0 cells closed
[final]    14.76s    edge c1-1to2: 5 cells of its slots (26 and 26 cells) were closed and are open again
[final]    14.78s    [Coupler Insertion] chain 1 edge 1->2: a way of 285 cells refused, squeezed at (736,206): 1 wire (26) in 18 cells to the artwork, need 39 (19 + 1 x 20), short by 21
[final]    14.78s    edge of chain 1 from 1 to 2: no way; source (905, 212) heading 0 -> (905, 191) free, target (740, 132) heading 0 -> (740, 153) free | waypoint 1 way (901,232)..(738,443) 251 cells, outer (913,46)..(738,443) 417 cells, target (738,443) | waypoint 2 way (736,112)..(732,204) 274 cells, outer (712,46)..(732,204) 303 cells, target (732,204)
[final]    14.78s    fence for edge c1-1to2: 0 ways (2 neighbours), 0 cells closed
[final]    14.78s    edge c1-1to2: 5 cells of its slots (26 and 26 cells) were closed and are open again
[final]    14.81s    [Coupler Insertion] chain 1 edge 1->2: a way of 285 cells refused, squeezed at (736,206): 1 wire (26) in 18 cells to the artwork, need 39 (19 + 1 x 20), short by 21
[final]    14.81s    edge of chain 1 from 1 to 2: no way; source (905, 212) heading 0 -> (905, 191) free, target (740, 132) heading 0 -> (740, 153) free | waypoint 1 way (901,232)..(738,443) 251 cells, outer (913,46)..(738,443) 417 cells, target (738,443) | waypoint 2 way (736,112)..(732,204) 274 cells, outer (712,46)..(732,204) 303 cells, target (732,204)
[final]    14.81s    fence for edge c1-1to2: 0 ways (2 neighbours), 0 cells closed
[final]    14.81s    edge c1-1to2: 29 cells of its slots (26 and 20 cells) were closed and are open again
[final]    14.83s    [Coupler Insertion] chain 1 edge 1->2: a way of 249 cells refused, squeezed at (785,222): 1 wire (25) in 28 cells to the artwork, need 39 (19 + 1 x 20), short by 11
[final]    14.83s    edge of chain 1 from 1 to 2: no way; source (849, 232) heading 4 -> (849, 253) free, target (721, 135) heading 7 -> (706, 150) free | waypoint 1 way (853,232)..(738,443) 251 cells, outer (913,46)..(738,443) 417 cells, target (738,443) | waypoint 2 way (731,117)..(732,204) 285 cells, outer (712,46)..(732,204) 303 cells, target (732,204)
[final]    14.84s    fence for edge c1-1to2: 0 ways (2 neighbours), 0 cells closed
[final]    14.84s    edge c1-1to2: 29 cells of its slots (26 and 20 cells) were closed and are open again
[final]    14.86s    [Coupler Insertion] chain 1 edge 1->2: a way of 249 cells refused, squeezed at (785,222): 1 wire (25) in 28 cells to the artwork, need 39 (19 + 1 x 20), short by 11
[final]    14.86s    edge of chain 1 from 1 to 2: no way; source (849, 232) heading 4 -> (849, 253) free, target (721, 135) heading 7 -> (706, 150) free | waypoint 1 way (853,232)..(738,443) 251 cells, outer (913,46)..(738,443) 417 cells, target (738,443) | waypoint 2 way (731,117)..(732,204) 285 cells, outer (712,46)..(732,204) 303 cells, target (732,204)
[final]    14.87s    fence for edge c1-1to2: 0 ways (2 neighbours), 0 cells closed
[final]    14.87s    edge c1-1to2: 40 cells of its slots (26 and 20 cells) were closed and are open again
[final]    14.88s    [Coupler Insertion] chain 1 edge 1->2: a way of 194 cells refused, squeezed at (742,152): 1 wire (26) in 28 cells to the artwork, need 39 (19 + 1 x 20), short by 11
[final]    14.88s    edge of chain 1 from 1 to 2: no way; source (849, 232) heading 4 -> (849, 253) free, target (742, 120) heading 7 -> (727, 135) free | waypoint 1 way (853,232)..(738,443) 251 cells, outer (913,46)..(738,443) 417 cells, target (738,443) | waypoint 2 way (738,116)..(732,204) 279 cells, outer (712,46)..(732,204) 303 cells, target (732,204)
[final]    14.88s    fence for edge c1-1to2: 0 ways (2 neighbours), 0 cells closed
[final]    14.88s    edge c1-1to2: 40 cells of its slots (26 and 20 cells) were closed and are open again
[final]    14.90s    [Coupler Insertion] chain 1 edge 1->2: a way of 194 cells refused, squeezed at (742,152): 1 wire (26) in 28 cells to the artwork, need 39 (19 + 1 x 20), short by 11
[final]    14.90s    edge of chain 1 from 1 to 2: no way; source (849, 232) heading 4 -> (849, 253) free, target (742, 120) heading 7 -> (727, 135) free | waypoint 1 way (853,232)..(738,443) 251 cells, outer (913,46)..(738,443) 417 cells, target (738,443) | waypoint 2 way (738,116)..(732,204) 279 cells, outer (712,46)..(732,204) 303 cells, target (732,204)
[final]    14.90s    fence for edge c1-1to2: 0 ways (2 neighbours), 0 cells closed
[final]    14.90s    edge c1-1to2: 5 cells of its slots (26 and 20 cells) were closed and are open again
[final]    14.92s    [Coupler Insertion] chain 1 edge 1->2: a way of 249 cells refused, squeezed at (785,233): 1 wire (25) in 28 cells to the artwork, need 39 (19 + 1 x 20), short by 11
[final]    14.92s    edge of chain 1 from 1 to 2: no way; source (849, 262) heading 4 -> (849, 283) free, target (721, 135) heading 7 -> (706, 150) free | waypoint 1 way (853,242)..(738,443) 251 cells, outer (913,46)..(738,443) 417 cells, target (738,443) | waypoint 2 way (731,117)..(732,204) 285 cells, outer (712,46)..(732,204) 303 cells, target (732,204)
[final]    14.92s    fence for edge c1-1to2: 0 ways (2 neighbours), 0 cells closed
[final]    14.92s    edge c1-1to2: 5 cells of its slots (26 and 20 cells) were closed and are open again
[final]    14.95s    [Coupler Insertion] chain 1 edge 1->2: a way of 249 cells refused, squeezed at (785,233): 1 wire (25) in 28 cells to the artwork, need 39 (19 + 1 x 20), short by 11
[final]    14.95s    edge of chain 1 from 1 to 2: no way; source (849, 262) heading 4 -> (849, 283) free, target (721, 135) heading 7 -> (706, 150) free | waypoint 1 way (853,242)..(738,443) 251 cells, outer (913,46)..(738,443) 417 cells, target (738,443) | waypoint 2 way (731,117)..(732,204) 285 cells, outer (712,46)..(732,204) 303 cells, target (732,204)
[final]    14.95s    fence for edge c1-1to2: 0 ways (2 neighbours), 0 cells closed
[final]    14.95s    edge c1-1to2: 16 cells of its slots (26 and 20 cells) were closed and are open again
[final]    14.97s    [Coupler Insertion] chain 1 edge 1->2: a way of 223 cells refused, squeezed at (785,232): 1 wire (25) in 28 cells to the artwork, need 39 (19 + 1 x 20), short by 11
[final]    14.97s    edge of chain 1 from 1 to 2: no way; source (849, 262) heading 4 -> (849, 283) free, target (742, 120) heading 7 -> (727, 135) free | waypoint 1 way (853,242)..(738,443) 251 cells, outer (913,46)..(738,443) 417 cells, target (738,443) | waypoint 2 way (738,116)..(732,204) 279 cells, outer (712,46)..(732,204) 303 cells, target (732,204)
[final]    14.97s    fence for edge c1-1to2: 0 ways (2 neighbours), 0 cells closed
[final]    14.97s    edge c1-1to2: 16 cells of its slots (26 and 20 cells) were closed and are open again
[final]    14.98s    [Coupler Insertion] chain 1 edge 1->2: a way of 223 cells refused, squeezed at (785,232): 1 wire (25) in 28 cells to the artwork, need 39 (19 + 1 x 20), short by 11
[final]    14.98s    edge of chain 1 from 1 to 2: no way; source (849, 262) heading 4 -> (849, 283) free, target (742, 120) heading 7 -> (727, 135) free | waypoint 1 way (853,242)..(738,443) 251 cells, outer (913,46)..(738,443) 417 cells, target (738,443) | waypoint 2 way (738,116)..(732,204) 279 cells, outer (712,46)..(732,204) 303 cells, target (732,204)
[final]    14.99s    fence for edge c1-1to2: 0 ways (2 neighbours), 0 cells closed
[final]    14.99s    edge c1-1to2: 22 cells of its slots (20 and 26 cells) were closed and are open again
[final]    15.00s    [Coupler Insertion] chain 1 edge 1->2: a way of 240 cells refused, squeezed at (734,195): 1 wire (26) in 25 cells to the artwork, need 39 (19 + 1 x 20), short by 14
[final]    15.00s    edge of chain 1 from 1 to 2: no way; source (847, 260) heading 5 -> (862, 275) free, target (740, 132) heading 0 -> (740, 153) free | waypoint 1 way (851,256)..(738,443) 246 cells, outer (913,46)..(738,443) 417 cells, target (738,443) | waypoint 2 way (736,112)..(732,204) 274 cells, outer (712,46)..(732,204) 303 cells, target (732,204)
[final]    15.00s    fence for edge c1-1to2: 0 ways (2 neighbours), 0 cells closed
[final]    15.00s    edge c1-1to2: 22 cells of its slots (20 and 26 cells) were closed and are open again
[final]    15.01s    [Coupler Insertion] chain 1 edge 1->2: a way of 240 cells refused, squeezed at (734,195): 1 wire (26) in 25 cells to the artwork, need 39 (19 + 1 x 20), short by 14
[final]    15.01s    edge of chain 1 from 1 to 2: no way; source (847, 260) heading 5 -> (862, 275) free, target (740, 132) heading 0 -> (740, 153) free | waypoint 1 way (851,256)..(738,443) 246 cells, outer (913,46)..(738,443) 417 cells, target (738,443) | waypoint 2 way (736,112)..(732,204) 274 cells, outer (712,46)..(732,204) 303 cells, target (732,204)
[final]    15.02s    fence for edge c1-1to2: 0 ways (2 neighbours), 0 cells closed
[final]    15.02s    edge c1-1to2: 5 cells of its slots (20 and 26 cells) were closed and are open again
[final]    15.06s    [Coupler Insertion] chain 1 edge 1->2: a way of 542 cells refused, squeezed at (783,417): 1 wire (22) in 12 cells to the artwork, need 39 (19 + 1 x 20), short by 27
[final]    15.06s    edge of chain 1 from 1 to 2: no way; source (864, 320) heading 5 -> (879, 335) free, target (740, 132) heading 0 -> (740, 153) free | waypoint 1 way (854,302)..(738,443) 205 cells, outer (913,46)..(738,443) 417 cells, target (738,443) | waypoint 2 way (736,112)..(732,204) 274 cells, outer (712,46)..(732,204) 303 cells, target (732,204)
[final]    15.06s    fence for edge c1-1to2: 0 ways (2 neighbours), 0 cells closed
[final]    15.07s    edge c1-1to2: 5 cells of its slots (20 and 26 cells) were closed and are open again
[final]    15.10s    [Coupler Insertion] chain 1 edge 1->2: a way of 335 cells refused, squeezed at (734,195): 1 wire (26) in 25 cells to the artwork, need 39 (19 + 1 x 20), short by 14
[final]    15.10s    edge of chain 1 from 1 to 2: no way; source (864, 320) heading 5 -> (879, 335) free, target (740, 132) heading 0 -> (740, 153) free | waypoint 1 way (854,302)..(738,443) 205 cells, outer (913,46)..(738,443) 417 cells, target (738,443) | waypoint 2 way (736,112)..(732,204) 274 cells, outer (712,46)..(732,204) 303 cells, target (732,204)
[final]    15.11s    fence for edge c1-1to2: 0 ways (2 neighbours), 0 cells closed
[final]    15.11s    edge c1-1to2: 29 cells of its slots (26 and 26 cells) were closed and are open again
[final]    15.15s    [Coupler Insertion] chain 1 edge 1->2: a way of 567 cells refused, squeezed at (768,437): 1 wire (22) in 11 cells to the artwork, need 39 (19 + 1 x 20), short by 28
[final]    15.15s    edge of chain 1 from 1 to 2: no way; source (868, 304) heading 6 -> (889, 304) free, target (740, 132) heading 0 -> (740, 153) free | waypoint 1 way (868,300)..(738,443) 210 cells, outer (913,46)..(738,443) 417 cells, target (738,443) | waypoint 2 way (736,112)..(732,204) 274 cells, outer (712,46)..(732,204) 303 cells, target (732,204)
[final]    15.15s    fence for edge c1-1to2: 0 ways (2 neighbours), 0 cells closed
[final]    15.15s    edge c1-1to2: 29 cells of its slots (26 and 26 cells) were closed and are open again
[final]    15.19s    [Coupler Insertion] chain 1 edge 1->2: a way of 310 cells refused, squeezed at (730,199): 1 wire (26) in 20 cells to the artwork, need 39 (19 + 1 x 20), short by 19
[final]    15.19s    edge of chain 1 from 1 to 2: no way; source (868, 304) heading 6 -> (889, 304) free, target (740, 132) heading 0 -> (740, 153) free | waypoint 1 way (868,300)..(738,443) 210 cells, outer (913,46)..(738,443) 417 cells, target (738,443) | waypoint 2 way (736,112)..(732,204) 274 cells, outer (712,46)..(732,204) 303 cells, target (732,204)
[final]    15.19s    fence for edge c1-2to3: 0 ways (2 neighbours), 0 cells closed
[final]    15.21s    [Coupler Insertion] chain 1 edge 2->3: a way of 559 cells refused, squeezed at (373,98): 1 wire (29) in 20 cells to the artwork, need 39 (19 + 1 x 20), short by 19
[final]    15.21s    edge of chain 1 from 2 to 3: no way; source (756, 106) heading 7 -> (771, 91) free, target (286, 126) heading 5 -> (271, 111) free | waypoint 2 way (738,116)..(732,204) 279 cells, outer (712,46)..(732,204) 303 cells, target (732,204) | waypoint 3 way (304,136)..(432,260) 205 cells, outer (412,46)..(432,260) 276 cells, target (432,260)
[final]    15.22s    fence for edge c1-2to3: 0 ways (2 neighbours), 0 cells closed
[final]    15.22s    edge c1-2to3: 16 cells of its slots (20 and 20 cells) were closed and are open again
[final]    15.23s    [Coupler Insertion] chain 1 edge 2->3: a way of 538 cells refused, squeezed at (373,98): 1 wire (29) in 20 cells to the artwork, need 39 (19 + 1 x 20), short by 19
[final]    15.23s    edge of chain 1 from 2 to 3: no way; source (756, 106) heading 7 -> (771, 91) free, target (307, 147) heading 5 -> (292, 132) free | waypoint 2 way (738,116)..(732,204) 279 cells, outer (712,46)..(732,204) 303 cells, target (732,204) | waypoint 3 way (311,143)..(432,260) 205 cells, outer (412,46)..(432,260) 276 cells, target (432,260)
[final]    15.24s    fence for edge c1-1to2: 0 ways (2 neighbours), 0 cells closed
[final]    15.24s    edge c1-1to2: 29 cells of its slots (26 and 20 cells) were closed and are open again
[final]    15.25s    fence for edge c1-2to3: 0 ways (2 neighbours), 0 cells closed
[final]    15.25s    edge c1-2to3: 32 cells of its slots (20 and 20 cells) were closed and are open again
[final]    15.25s    [Coupler Insertion] chain 1 edge 2->3: a way of 412 cells refused, squeezed at (375,89): 1 wire (29) in 29 cells to the artwork, need 39 (19 + 1 x 20), short by 10
[final]    15.25s    edge of chain 1 from 2 to 3: no way; source (677, 136) heading 5 -> (692, 151) free, target (312, 106) heading 3 -> (327, 91) free | waypoint 2 way (681,132)..(732,204) 255 cells, outer (712,46)..(732,204) 303 cells, target (732,204) | waypoint 3 way (316,110)..(432,260) 193 cells, outer (412,46)..(432,260) 276 cells, target (432,260)
[final]    15.26s    fence for edge c1-2to3: 0 ways (2 neighbours), 0 cells closed
[final]    15.26s    edge c1-2to3: 16 cells of its slots (20 and 26 cells) were closed and are open again
[final]    15.26s    [Coupler Insertion] chain 1 edge 2->3: a way of 428 cells refused, squeezed at (375,86): 1 wire (29) in 32 cells to the artwork, need 39 (19 + 1 x 20), short by 7
[final]    15.26s    edge of chain 1 from 2 to 3: no way; source (677, 136) heading 5 -> (692, 151) free, target (322, 112) heading 4 -> (322, 91) free | waypoint 2 way (681,132)..(732,204) 255 cells, outer (712,46)..(732,204) 303 cells, target (732,204) | waypoint 3 way (326,132)..(432,260) 190 cells, outer (412,46)..(432,260) 276 cells, target (432,260)
[final]    15.27s    fence for edge c1-2to3: 0 ways (2 neighbours), 0 cells closed
[final]    15.27s    edge c1-2to3: 40 cells of its slots (20 and 26 cells) were closed and are open again
[final]    15.27s    [Coupler Insertion] chain 1 edge 2->3: a way of 448 cells refused, squeezed at (375,94): 1 wire (29) in 24 cells to the artwork, need 39 (19 + 1 x 20), short by 15
[final]    15.27s    edge of chain 1 from 2 to 3: no way; source (677, 136) heading 5 -> (692, 151) free, target (302, 122) heading 4 -> (302, 101) free | waypoint 2 way (681,132)..(732,204) 255 cells, outer (712,46)..(732,204) 303 cells, target (732,204) | waypoint 3 way (306,122)..(432,260) 210 cells, outer (412,46)..(432,260) 276 cells, target (432,260)
[final]    15.27s    fence for edge c1-2to3: 0 ways (2 neighbours), 0 cells closed
[final]    15.27s    edge c1-2to3: 40 cells of its slots (26 and 20 cells) were closed and are open again
[final]    15.28s    edge of chain 1 from 2 to 3: no way; source (702, 141) heading 6 -> (723, 141) free, target (312, 106) heading 3 -> (327, 91) free | waypoint 2 way (702,137)..(732,204) 260 cells, outer (712,46)..(732,204) 303 cells, target (732,204) | waypoint 3 way (316,110)..(432,260) 193 cells, outer (412,46)..(432,260) 276 cells, target (432,260)
[final]    15.28s    fence for edge c1-2to3: 0 ways (2 neighbours), 0 cells closed
[final]    15.28s    edge c1-2to3: 24 cells of its slots (26 and 26 cells) were closed and are open again
[final]    15.28s    edge of chain 1 from 2 to 3: no way; source (702, 141) heading 6 -> (723, 141) free, target (322, 112) heading 4 -> (322, 91) free | waypoint 2 way (702,137)..(732,204) 260 cells, outer (712,46)..(732,204) 303 cells, target (732,204) | waypoint 3 way (326,132)..(432,260) 190 cells, outer (412,46)..(432,260) 276 cells, target (432,260)
[final]    15.29s    fence for edge c1-2to3: 0 ways (2 neighbours), 0 cells closed
[final]    15.29s    edge c1-2to3: 48 cells of its slots (26 and 26 cells) were closed and are open again
[final]    15.29s    edge of chain 1 from 2 to 3: no way; source (702, 141) heading 6 -> (723, 141) free, target (302, 122) heading 4 -> (302, 101) free | waypoint 2 way (702,137)..(732,204) 260 cells, outer (712,46)..(732,204) 303 cells, target (732,204) | waypoint 3 way (306,122)..(432,260) 210 cells, outer (412,46)..(432,260) 276 cells, target (432,260)
[final]    15.29s    fence for edge c1-2to3: 0 ways (2 neighbours), 0 cells closed
[final]    15.29s    edge c1-2to3: 37 cells of its slots (20 and 20 cells) were closed and are open again
[final]    15.30s    edge of chain 1 from 2 to 3: no way; source (735, 121) heading 7 -> (750, 106) free, target (312, 106) heading 3 -> (327, 91) free | waypoint 2 way (731,117)..(732,204) 285 cells, outer (712,46)..(732,204) 303 cells, target (732,204) | waypoint 3 way (316,110)..(432,260) 193 cells, outer (412,46)..(432,260) 276 cells, target (432,260)
[final]    15.30s    fence for edge c1-2to3: 0 ways (2 neighbours), 0 cells closed
[final]    15.30s    edge c1-2to3: 21 cells of its slots (20 and 26 cells) were closed and are open again
[final]    15.30s    edge of chain 1 from 2 to 3: no way; source (735, 121) heading 7 -> (750, 106) free, target (322, 112) heading 4 -> (322, 91) free | waypoint 2 way (731,117)..(732,204) 285 cells, outer (712,46)..(732,204) 303 cells, target (732,204) | waypoint 3 way (326,132)..(432,260) 190 cells, outer (412,46)..(432,260) 276 cells, target (432,260)
[final]    15.31s    fence for edge c1-2to3: 0 ways (2 neighbours), 0 cells closed
[final]    15.31s    edge c1-2to3: 45 cells of its slots (20 and 26 cells) were closed and are open again
[final]    15.31s    edge of chain 1 from 2 to 3: no way; source (735, 121) heading 7 -> (750, 106) free, target (302, 122) heading 4 -> (302, 101) free | waypoint 2 way (731,117)..(732,204) 285 cells, outer (712,46)..(732,204) 303 cells, target (732,204) | waypoint 3 way (306,122)..(432,260) 210 cells, outer (412,46)..(432,260) 276 cells, target (432,260)
[final]    15.31s    fence for edge c1-1to2: 0 ways (2 neighbours), 0 cells closed
[final]    15.31s    edge c1-1to2: 5 cells of its slots (26 and 20 cells) were closed and are open again
[final]    15.32s    fence for edge c1-1to2: 0 ways (2 neighbours), 0 cells closed
[final]    15.32s    edge c1-1to2: 21 cells of its slots (20 and 20 cells) were closed and are open again
[final]    15.34s    fence for edge c1-1to2: 0 ways (2 neighbours), 0 cells closed
[final]    15.34s    edge c1-1to2: 21 cells of its slots (20 and 20 cells) were closed and are open again
[final]    15.35s    fence for edge c1-1to2: 0 ways (2 neighbours), 0 cells closed
[final]    15.35s    edge c1-1to2: 21 cells of its slots (20 and 26 cells) were closed and are open again
[final]    15.36s    fence for edge c1-1to2: 0 ways (2 neighbours), 0 cells closed
[final]    15.36s    edge c1-1to2: 40 cells of its slots (20 and 26 cells) were closed and are open again
[final]    15.36s    edge of chain 1 from 1 to 2: no way; source (907, 214) heading 1 -> (892, 199) free, target (712, 141) heading 6 -> (691, 141) free | waypoint 1 way (903,218)..(738,443) 246 cells, outer (913,46)..(738,443) 417 cells, target (738,443) | waypoint 2 way (712,137)..(732,204) 260 cells, outer (712,46)..(732,204) 303 cells, target (732,204)
[final]    15.36s    fence for edge c1-1to2: 0 ways (2 neighbours), 0 cells closed
[final]    15.36s    edge c1-1to2: 40 cells of its slots (20 and 26 cells) were closed and are open again
[final]    15.37s    edge of chain 1 from 1 to 2: no way; source (907, 214) heading 1 -> (892, 199) free, target (712, 141) heading 6 -> (691, 141) free | waypoint 1 way (903,218)..(738,443) 246 cells, outer (913,46)..(738,443) 417 cells, target (738,443) | waypoint 2 way (712,137)..(732,204) 260 cells, outer (712,46)..(732,204) 303 cells, target (732,204)
[final]    15.37s    fence for edge c1-1to2: 0 ways (2 neighbours), 0 cells closed
[final]    15.37s    edge c1-1to2: 5 cells of its slots (20 and 20 cells) were closed and are open again
[final]    15.38s    fence for edge c1-1to2: 0 ways (2 neighbours), 0 cells closed
[final]    15.38s    edge c1-1to2: 5 cells of its slots (20 and 26 cells) were closed and are open again
[final]    15.39s    fence for edge c1-1to2: 0 ways (2 neighbours), 0 cells closed
[final]    15.39s    edge c1-1to2: 24 cells of its slots (20 and 26 cells) were closed and are open again
[final]    15.39s    edge of chain 1 from 1 to 2: no way; source (886, 193) heading 1 -> (871, 178) free, target (712, 141) heading 6 -> (691, 141) free | waypoint 1 way (896,211)..(738,443) 246 cells, outer (913,46)..(738,443) 417 cells, target (738,443) | waypoint 2 way (712,137)..(732,204) 260 cells, outer (712,46)..(732,204) 303 cells, target (732,204)
[final]    15.39s    fence for edge c1-1to2: 0 ways (2 neighbours), 0 cells closed
[final]    15.39s    edge c1-1to2: 24 cells of its slots (20 and 26 cells) were closed and are open again
[final]    15.39s    edge of chain 1 from 1 to 2: no way; source (886, 193) heading 1 -> (871, 178) free, target (712, 141) heading 6 -> (691, 141) free | waypoint 1 way (896,211)..(738,443) 246 cells, outer (913,46)..(738,443) 417 cells, target (738,443) | waypoint 2 way (712,137)..(732,204) 260 cells, outer (712,46)..(732,204) 303 cells, target (732,204)
[final]    15.40s    fence for edge c1-1to2: 0 ways (2 neighbours), 0 cells closed
[final]    15.40s    edge c1-1to2: 5 cells of its slots (20 and 20 cells) were closed and are open again
[final]    15.41s    [Coupler Insertion] chain 1 edge 1->2: a way of 269 cells refused, squeezed at (747,177): 1 wire (26) in 24 cells to the artwork, need 39 (19 + 1 x 20), short by 15
[final]    15.41s    edge of chain 1 from 1 to 2: no way; source (833, 228) heading 3 -> (818, 243) free, target (663, 122) heading 5 -> (648, 107) free | waypoint 1 way (851,218)..(738,443) 246 cells, outer (913,46)..(738,443) 417 cells, target (738,443) | waypoint 2 way (681,132)..(732,204) 255 cells, outer (712,46)..(732,204) 303 cells, target (732,204)
[final]    15.41s    fence for edge c1-1to2: 0 ways (2 neighbours), 0 cells closed
[final]    15.41s    edge c1-1to2: 5 cells of its slots (20 and 20 cells) were closed and are open again
[final]    15.43s    [Coupler Insertion] chain 1 edge 1->2: a way of 269 cells refused, squeezed at (747,177): 1 wire (26) in 24 cells to the artwork, need 39 (19 + 1 x 20), short by 15
[final]    15.43s    edge of chain 1 from 1 to 2: no way; source (833, 228) heading 3 -> (818, 243) free, target (663, 122) heading 5 -> (648, 107) free | waypoint 1 way (851,218)..(738,443) 246 cells, outer (913,46)..(738,443) 417 cells, target (738,443) | waypoint 2 way (681,132)..(732,204) 255 cells, outer (712,46)..(732,204) 303 cells, target (732,204)
[final]    15.43s    fence for edge c1-1to2: 0 ways (2 neighbours), 0 cells closed
[final]    15.43s    edge c1-1to2: 29 cells of its slots (26 and 20 cells) were closed and are open again
[final]    15.45s    edge of chain 1 from 1 to 2: no way; source (905, 242) heading 0 -> (905, 221) free, target (721, 135) heading 7 -> (706, 150) free | waypoint 1 way (901,242)..(738,443) 251 cells, outer (913,46)..(738,443) 417 cells, target (738,443) | waypoint 2 way (731,117)..(732,204) 285 cells, outer (712,46)..(732,204) 303 cells, target (732,204)
[final]    15.46s    fence for edge c1-1to2: 0 ways (2 neighbours), 0 cells closed
[final]    15.46s    edge c1-1to2: 29 cells of its slots (26 and 20 cells) were closed and are open again
[final]    15.49s    edge of chain 1 from 1 to 2: no way; source (905, 242) heading 0 -> (905, 221) free, target (721, 135) heading 7 -> (706, 150) free | waypoint 1 way (901,242)..(738,443) 251 cells, outer (913,46)..(738,443) 417 cells, target (738,443) | waypoint 2 way (731,117)..(732,204) 285 cells, outer (712,46)..(732,204) 303 cells, target (732,204)
[final]    15.49s    fence for edge c1-1to2: 0 ways (2 neighbours), 0 cells closed
[final]    15.49s    edge c1-1to2: 40 cells of its slots (26 and 20 cells) were closed and are open again
[final]    15.51s    fence for edge c1-1to2: 0 ways (2 neighbours), 0 cells closed
[final]    15.51s    edge c1-1to2: 5 cells of its slots (26 and 20 cells) were closed and are open again
[final]    15.53s    edge of chain 1 from 1 to 2: no way; source (905, 212) heading 0 -> (905, 191) free, target (721, 135) heading 7 -> (706, 150) free | waypoint 1 way (901,232)..(738,443) 251 cells, outer (913,46)..(738,443) 417 cells, target (738,443) | waypoint 2 way (731,117)..(732,204) 285 cells, outer (712,46)..(732,204) 303 cells, target (732,204)
[final]    15.53s    fence for edge c1-1to2: 0 ways (2 neighbours), 0 cells closed
[final]    15.53s    edge c1-1to2: 5 cells of its slots (26 and 20 cells) were closed and are open again
[final]    15.57s    edge of chain 1 from 1 to 2: no way; source (905, 212) heading 0 -> (905, 191) free, target (721, 135) heading 7 -> (706, 150) free | waypoint 1 way (901,232)..(738,443) 251 cells, outer (913,46)..(738,443) 417 cells, target (738,443) | waypoint 2 way (731,117)..(732,204) 285 cells, outer (712,46)..(732,204) 303 cells, target (732,204)
[final]    15.57s    fence for edge c1-1to2: 0 ways (2 neighbours), 0 cells closed
[final]    15.57s    edge c1-1to2: 16 cells of its slots (26 and 20 cells) were closed and are open again
[final]    15.58s    fence for edge c1-1to2: 0 ways (2 neighbours), 0 cells closed
[final]    15.58s    edge c1-1to2: 29 cells of its slots (26 and 26 cells) were closed and are open again
[final]    15.60s    [Coupler Insertion] chain 1 edge 1->2: a way of 328 cells refused, squeezed at (785,202): 1 wire (25) in 28 cells to the artwork, need 39 (19 + 1 x 20), short by 11
[final]    15.60s    edge of chain 1 from 1 to 2: no way; source (849, 232) heading 4 -> (849, 253) free, target (682, 141) heading 6 -> (661, 141) free | waypoint 1 way (853,232)..(738,443) 251 cells, outer (913,46)..(738,443) 417 cells, target (738,443) | waypoint 2 way (702,137)..(732,204) 260 cells, outer (712,46)..(732,204) 303 cells, target (732,204)
[final]    15.60s    fence for edge c1-1to2: 0 ways (2 neighbours), 0 cells closed
[final]    15.60s    edge c1-1to2: 29 cells of its slots (26 and 26 cells) were closed and are open again
[final]    15.62s    [Coupler Insertion] chain 1 edge 1->2: a way of 328 cells refused, squeezed at (785,202): 1 wire (25) in 28 cells to the artwork, need 39 (19 + 1 x 20), short by 11
[final]    15.62s    edge of chain 1 from 1 to 2: no way; source (849, 232) heading 4 -> (849, 253) free, target (682, 141) heading 6 -> (661, 141) free | waypoint 1 way (853,232)..(738,443) 251 cells, outer (913,46)..(738,443) 417 cells, target (738,443) | waypoint 2 way (702,137)..(732,204) 260 cells, outer (712,46)..(732,204) 303 cells, target (732,204)
[final]    15.63s    fence for edge c1-1to2: 0 ways (2 neighbours), 0 cells closed
[final]    15.63s    edge c1-1to2: 48 cells of its slots (26 and 26 cells) were closed and are open again
[final]    15.63s    edge of chain 1 from 1 to 2: no way; source (849, 232) heading 4 -> (849, 253) free, target (712, 141) heading 6 -> (691, 141) free | waypoint 1 way (853,232)..(738,443) 251 cells, outer (913,46)..(738,443) 417 cells, target (738,443) | waypoint 2 way (712,137)..(732,204) 260 cells, outer (712,46)..(732,204) 303 cells, target (732,204)
[final]    15.63s    fence for edge c1-1to2: 0 ways (2 neighbours), 0 cells closed
[final]    15.63s    edge c1-1to2: 48 cells of its slots (26 and 26 cells) were closed and are open again
[final]    15.63s    edge of chain 1 from 1 to 2: no way; source (849, 232) heading 4 -> (849, 253) free, target (712, 141) heading 6 -> (691, 141) free | waypoint 1 way (853,232)..(738,443) 251 cells, outer (913,46)..(738,443) 417 cells, target (738,443) | waypoint 2 way (712,137)..(732,204) 260 cells, outer (712,46)..(732,204) 303 cells, target (732,204)
[final]    15.63s    fence for edge c1-1to2: 0 ways (2 neighbours), 0 cells closed
[final]    15.63s    edge c1-1to2: 5 cells of its slots (26 and 26 cells) were closed and are open again
[final]    15.65s    [Coupler Insertion] chain 1 edge 1->2: a way of 358 cells refused, squeezed at (785,232): 1 wire (25) in 28 cells to the artwork, need 39 (19 + 1 x 20), short by 11
[final]    15.65s    edge of chain 1 from 1 to 2: no way; source (849, 262) heading 4 -> (849, 283) free, target (682, 141) heading 6 -> (661, 141) free | waypoint 1 way (853,242)..(738,443) 251 cells, outer (913,46)..(738,443) 417 cells, target (738,443) | waypoint 2 way (702,137)..(732,204) 260 cells, outer (712,46)..(732,204) 303 cells, target (732,204)
[final]    15.66s    fence for edge c1-1to2: 0 ways (2 neighbours), 0 cells closed
[final]    15.66s    edge c1-1to2: 5 cells of its slots (26 and 26 cells) were closed and are open again
[final]    15.68s    [Coupler Insertion] chain 1 edge 1->2: a way of 358 cells refused, squeezed at (785,232): 1 wire (25) in 28 cells to the artwork, need 39 (19 + 1 x 20), short by 11
[final]    15.68s    edge of chain 1 from 1 to 2: no way; source (849, 262) heading 4 -> (849, 283) free, target (682, 141) heading 6 -> (661, 141) free | waypoint 1 way (853,242)..(738,443) 251 cells, outer (913,46)..(738,443) 417 cells, target (738,443) | waypoint 2 way (702,137)..(732,204) 260 cells, outer (712,46)..(732,204) 303 cells, target (732,204)
[final]    15.68s    fence for edge c1-1to2: 0 ways (2 neighbours), 0 cells closed
[final]    15.68s    edge c1-1to2: 24 cells of its slots (26 and 26 cells) were closed and are open again
[final]    15.68s    edge of chain 1 from 1 to 2: no way; source (849, 262) heading 4 -> (849, 283) free, target (712, 141) heading 6 -> (691, 141) free | waypoint 1 way (853,242)..(738,443) 251 cells, outer (913,46)..(738,443) 417 cells, target (738,443) | waypoint 2 way (712,137)..(732,204) 260 cells, outer (712,46)..(732,204) 303 cells, target (732,204)
[final]    15.68s    fence for edge c1-1to2: 0 ways (2 neighbours), 0 cells closed
[final]    15.68s    edge c1-1to2: 24 cells of its slots (26 and 26 cells) were closed and are open again
[final]    15.68s    edge of chain 1 from 1 to 2: no way; source (849, 262) heading 4 -> (849, 283) free, target (712, 141) heading 6 -> (691, 141) free | waypoint 1 way (853,242)..(738,443) 251 cells, outer (913,46)..(738,443) 417 cells, target (738,443) | waypoint 2 way (712,137)..(732,204) 260 cells, outer (712,46)..(732,204) 303 cells, target (732,204)
[final]    15.69s    fence for edge c1-1to2: 0 ways (2 neighbours), 0 cells closed
[final]    15.69s    edge c1-1to2: 22 cells of its slots (20 and 20 cells) were closed and are open again
[final]    15.71s    [Coupler Insertion] chain 1 edge 1->2: a way of 257 cells refused, squeezed at (784,232): 1 wire (25) in 27 cells to the artwork, need 39 (19 + 1 x 20), short by 12
[final]    15.71s    edge of chain 1 from 1 to 2: no way; source (847, 260) heading 5 -> (862, 275) free, target (721, 135) heading 7 -> (706, 150) free | waypoint 1 way (851,256)..(738,443) 246 cells, outer (913,46)..(738,443) 417 cells, target (738,443) | waypoint 2 way (731,117)..(732,204) 285 cells, outer (712,46)..(732,204) 303 cells, target (732,204)
[final]    15.71s    fence for edge c1-1to2: 0 ways (2 neighbours), 0 cells closed
[final]    15.71s    edge c1-1to2: 22 cells of its slots (20 and 20 cells) were closed and are open again
[final]    15.74s    [Coupler Insertion] chain 1 edge 1->2: a way of 257 cells refused, squeezed at (784,221): 1 wire (25) in 27 cells to the artwork, need 39 (19 + 1 x 20), short by 12
[final]    15.74s    edge of chain 1 from 1 to 2: no way; source (847, 260) heading 5 -> (862, 275) free, target (721, 135) heading 7 -> (706, 150) free | waypoint 1 way (851,256)..(738,443) 246 cells, outer (913,46)..(738,443) 417 cells, target (738,443) | waypoint 2 way (731,117)..(732,204) 285 cells, outer (712,46)..(732,204) 303 cells, target (732,204)
[final]    15.74s    fence for edge c1-1to2: 0 ways (2 neighbours), 0 cells closed
[final]    15.74s    edge c1-1to2: 33 cells of its slots (20 and 20 cells) were closed and are open again
[final]    15.75s    [Coupler Insertion] chain 1 edge 1->2: a way of 224 cells refused, squeezed at (784,224): 1 wire (25) in 27 cells to the artwork, need 39 (19 + 1 x 20), short by 12
[final]    15.75s    edge of chain 1 from 1 to 2: no way; source (847, 260) heading 5 -> (862, 275) free, target (742, 120) heading 7 -> (727, 135) free | waypoint 1 way (851,256)..(738,443) 246 cells, outer (913,46)..(738,443) 417 cells, target (738,443) | waypoint 2 way (738,116)..(732,204) 279 cells, outer (712,46)..(732,204) 303 cells, target (732,204)
[final]    15.75s    fence for edge c1-1to2: 0 ways (2 neighbours), 0 cells closed
[final]    15.75s    edge c1-1to2: 33 cells of its slots (20 and 20 cells) were closed and are open again
[final]    15.77s    [Coupler Insertion] chain 1 edge 1->2: a way of 216 cells refused, squeezed at (747,177): 1 wire (26) in 24 cells to the artwork, need 39 (19 + 1 x 20), short by 15
[final]    15.77s    edge of chain 1 from 1 to 2: no way; source (847, 260) heading 5 -> (862, 275) free, target (742, 120) heading 7 -> (727, 135) free | waypoint 1 way (851,256)..(738,443) 246 cells, outer (913,46)..(738,443) 417 cells, target (738,443) | waypoint 2 way (738,116)..(732,204) 279 cells, outer (712,46)..(732,204) 303 cells, target (732,204)
[final]    15.77s    fence for edge c1-1to2: 0 ways (2 neighbours), 0 cells closed
[final]    15.77s    edge c1-1to2: 5 cells of its slots (20 and 20 cells) were closed and are open again
[final]    15.82s    edge of chain 1 from 1 to 2: no way; source (864, 320) heading 5 -> (879, 335) free, target (721, 135) heading 7 -> (706, 150) free | waypoint 1 way (854,302)..(738,443) 205 cells, outer (913,46)..(738,443) 417 cells, target (738,443) | waypoint 2 way (731,117)..(732,204) 285 cells, outer (712,46)..(732,204) 303 cells, target (732,204)
[final]    15.83s    fence for edge c1-1to2: 0 ways (2 neighbours), 0 cells closed
[final]    15.83s    edge c1-1to2: 5 cells of its slots (20 and 20 cells) were closed and are open again
[final]    15.88s    fence for edge c1-0to1: 0 ways (1 neighbours), 0 cells closed
[final]    15.88s    edge c1-0to1: 16 cells of its slots (20 and 20 cells) were closed and are open again
[final]    15.93s    [Coupler Insertion] chain 1 edge 0->1: a way of 661 cells refused, squeezed at (781,417): 1 wire (22) in 12 cells to the artwork, need 39 (19 + 1 x 20), short by 27
[final]    15.93s    edge of chain 1 from 0 to 1: no way; source (963, 45) heading 4 -> (963, 56) free, target (850, 306) heading 5 -> (835, 291) free | waypoint 1 way (854,302)..(738,443) 205 cells, outer (913,46)..(738,443) 417 cells, target (738,443)
[final]    15.93s    fence for edge c1-1to2: 0 ways (2 neighbours), 0 cells closed
[final]    15.93s    edge c1-1to2: 16 cells of its slots (20 and 20 cells) were closed and are open again
[final]    15.96s    [Coupler Insertion] chain 1 edge 1->2: a way of 519 cells refused, squeezed at (783,417): 1 wire (22) in 12 cells to the artwork, need 39 (19 + 1 x 20), short by 27
[final]    15.96s    edge of chain 1 from 1 to 2: no way; source (864, 320) heading 5 -> (879, 335) free, target (742, 120) heading 7 -> (727, 135) free | waypoint 1 way (854,302)..(738,443) 205 cells, outer (913,46)..(738,443) 417 cells, target (738,443) | waypoint 2 way (738,116)..(732,204) 279 cells, outer (712,46)..(732,204) 303 cells, target (732,204)
[final]    15.97s    fence for edge c1-1to2: 0 ways (2 neighbours), 0 cells closed
[final]    15.97s    edge c1-1to2: 16 cells of its slots (20 and 20 cells) were closed and are open again
[final]    15.99s    fence for edge c1-0to1: 0 ways (1 neighbours), 0 cells closed
[final]    15.99s    edge c1-0to1: 16 cells of its slots (20 and 20 cells) were closed and are open again
[final]    16.05s    [Coupler Insertion] chain 1 edge 0->1: a way of 661 cells refused, squeezed at (781,417): 1 wire (22) in 12 cells to the artwork, need 39 (19 + 1 x 20), short by 27
[final]    16.05s    edge of chain 1 from 0 to 1: no way; source (963, 45) heading 4 -> (963, 56) free, target (850, 306) heading 5 -> (835, 291) free | waypoint 1 way (854,302)..(738,443) 205 cells, outer (913,46)..(738,443) 417 cells, target (738,443)
[final]    16.05s    fence for edge c1-1to2: 0 ways (2 neighbours), 0 cells closed
[final]    16.05s    edge c1-1to2: 29 cells of its slots (26 and 20 cells) were closed and are open again
[final]    16.10s    edge of chain 1 from 1 to 2: no way; source (868, 304) heading 6 -> (889, 304) free, target (721, 135) heading 7 -> (706, 150) free | waypoint 1 way (868,300)..(738,443) 210 cells, outer (913,46)..(738,443) 417 cells, target (738,443) | waypoint 2 way (731,117)..(732,204) 285 cells, outer (712,46)..(732,204) 303 cells, target (732,204)
[final]    16.11s    fence for edge c1-1to2: 0 ways (2 neighbours), 0 cells closed
[final]    16.11s    edge c1-1to2: 29 cells of its slots (26 and 20 cells) were closed and are open again
[final]    16.16s    fence for edge c1-0to1: 0 ways (1 neighbours), 0 cells closed
[final]    16.16s    edge c1-0to1: 5 cells of its slots (20 and 26 cells) were closed and are open again
[final]    16.21s    edge of chain 1 from 0 to 1: no way; source (963, 45) heading 4 -> (963, 56) free, target (848, 304) heading 6 -> (827, 304) free | waypoint 1 way (868,300)..(738,443) 210 cells, outer (913,46)..(738,443) 417 cells, target (738,443)
[final]    16.21s    fence for edge c1-1to2: 0 ways (2 neighbours), 0 cells closed
[final]    16.21s    edge c1-1to2: 40 cells of its slots (26 and 20 cells) were closed and are open again
[final]    16.25s    [Coupler Insertion] chain 1 edge 1->2: a way of 544 cells refused, squeezed at (768,437): 1 wire (22) in 11 cells to the artwork, need 39 (19 + 1 x 20), short by 28
[final]    16.25s    edge of chain 1 from 1 to 2: no way; source (868, 304) heading 6 -> (889, 304) free, target (742, 120) heading 7 -> (727, 135) free | waypoint 1 way (868,300)..(738,443) 210 cells, outer (913,46)..(738,443) 417 cells, target (738,443) | waypoint 2 way (738,116)..(732,204) 279 cells, outer (712,46)..(732,204) 303 cells, target (732,204)
[final]    16.25s    fence for edge c1-1to2: 0 ways (2 neighbours), 0 cells closed
[final]    16.25s    edge c1-1to2: 40 cells of its slots (26 and 20 cells) were closed and are open again
[final]    16.27s    fence for edge c1-0to1: 0 ways (1 neighbours), 0 cells closed
[final]    16.27s    edge c1-0to1: 5 cells of its slots (20 and 26 cells) were closed and are open again
[final]    16.32s    edge of chain 1 from 0 to 1: no way; source (963, 45) heading 4 -> (963, 56) free, target (848, 304) heading 6 -> (827, 304) free | waypoint 1 way (868,300)..(738,443) 210 cells, outer (913,46)..(738,443) 417 cells, target (738,443)
[final]    16.33s    fence for edge c1-1to2: 0 ways (2 neighbours), 0 cells closed
[final]    16.33s    edge c1-1to2: 5 cells of its slots (26 and 26 cells) were closed and are open again
[final]    16.38s    [Coupler Insertion] chain 1 edge 1->2: a way of 601 cells refused, squeezed at (772,428): 1 wire (22) in 6 cells to the artwork, need 39 (19 + 1 x 20), short by 33
[final]    16.38s    edge of chain 1 from 1 to 2: no way; source (902, 265) heading 6 -> (923, 265) free, target (740, 132) heading 0 -> (740, 153) free | waypoint 1 way (882,261)..(738,443) 251 cells, outer (913,46)..(738,443) 417 cells, target (738,443) | waypoint 2 way (736,112)..(732,204) 274 cells, outer (712,46)..(732,204) 303 cells, target (732,204)
[final]    16.38s    fence for edge c1-1to2: 0 ways (2 neighbours), 0 cells closed
[final]    16.38s    edge c1-1to2: 5 cells of its slots (26 and 26 cells) were closed and are open again
[final]    16.42s    [Coupler Insertion] chain 1 edge 1->2: a way of 319 cells refused, squeezed at (731,198): 1 wire (26) in 21 cells to the artwork, need 39 (19 + 1 x 20), short by 18
[final]    16.42s    edge of chain 1 from 1 to 2: no way; source (902, 265) heading 6 -> (923, 265) free, target (740, 132) heading 0 -> (740, 153) free | waypoint 1 way (882,261)..(738,443) 251 cells, outer (913,46)..(738,443) 417 cells, target (738,443) | waypoint 2 way (736,112)..(732,204) 274 cells, outer (712,46)..(732,204) 303 cells, target (732,204)
[final]    16.42s    fence for edge c1-1to2: 0 ways (2 neighbours), 0 cells closed
[final]    16.42s    edge c1-1to2: 26 cells of its slots (20 and 26 cells) were closed and are open again
[final]    16.42s    edge of chain 1 from 1 to 2: no way; source (900, 267) heading 7 -> (915, 252) free, target (740, 132) heading 0 -> (740, 153) free | waypoint 1 way (896,263)..(738,443) 246 cells, outer (913,46)..(738,443) 417 cells, target (738,443) | waypoint 2 way (736,112)..(732,204) 274 cells, outer (712,46)..(732,204) 303 cells, target (732,204)
[final]    16.43s    fence for edge c1-1to2: 0 ways (2 neighbours), 0 cells closed
[final]    16.43s    edge c1-1to2: 21 cells of its slots (20 and 26 cells) were closed and are open again
[final]    16.46s    [Coupler Insertion] chain 1 edge 1->2: a way of 291 cells refused, squeezed at (733,196): 1 wire (26) in 24 cells to the artwork, need 39 (19 + 1 x 20), short by 15
[final]    16.46s    edge of chain 1 from 1 to 2: no way; source (900, 267) heading 7 -> (915, 252) free, target (740, 132) heading 0 -> (740, 153) free | waypoint 1 way (896,263)..(738,443) 246 cells, outer (913,46)..(738,443) 417 cells, target (738,443) | waypoint 2 way (736,112)..(732,204) 274 cells, outer (712,46)..(732,204) 303 cells, target (732,204)
[final]    16.46s    fence for edge c1-1to2: 0 ways (2 neighbours), 0 cells closed
[final]    16.46s    edge c1-1to2: 26 cells of its slots (20 and 26 cells) were closed and are open again
[final]    16.46s    edge of chain 1 from 1 to 2: no way; source (921, 246) heading 7 -> (936, 231) free, target (740, 132) heading 0 -> (740, 153) free | waypoint 1 way (903,256)..(738,443) 246 cells, outer (913,46)..(738,443) 417 cells, target (738,443) | waypoint 2 way (736,112)..(732,204) 274 cells, outer (712,46)..(732,204) 303 cells, target (732,204)
[final]    16.47s    fence for edge c1-1to2: 0 ways (2 neighbours), 0 cells closed
[final]    16.47s    edge c1-1to2: 5 cells of its slots (20 and 26 cells) were closed and are open again
[final]    16.50s    [Coupler Insertion] chain 1 edge 1->2: a way of 310 cells refused, squeezed at (734,195): 1 wire (26) in 25 cells to the artwork, need 39 (19 + 1 x 20), short by 14
[final]    16.50s    edge of chain 1 from 1 to 2: no way; source (921, 246) heading 7 -> (936, 231) free, target (740, 132) heading 0 -> (740, 153) free | waypoint 1 way (903,256)..(738,443) 246 cells, outer (913,46)..(738,443) 417 cells, target (738,443) | waypoint 2 way (736,112)..(732,204) 274 cells, outer (712,46)..(732,204) 303 cells, target (732,204)
[final]    16.50s    fence for edge c1-2to3: 0 ways (2 neighbours), 0 cells closed
[final]    16.52s    [Coupler Insertion] chain 1 edge 2->3: a way of 565 cells refused, squeezed at (373,98): 1 wire (29) in 20 cells to the artwork, need 39 (19 + 1 x 20), short by 19
[final]    16.52s    edge of chain 1 from 2 to 3: no way; source (756, 106) heading 7 -> (771, 91) free, target (305, 145) heading 6 -> (284, 145) free | waypoint 2 way (738,116)..(732,204) 279 cells, outer (712,46)..(732,204) 303 cells, target (732,204) | waypoint 3 way (325,141)..(432,260) 210 cells, outer (412,46)..(432,260) 276 cells, target (432,260)
[final]    16.53s    fence for edge c1-2to3: 0 ways (2 neighbours), 0 cells closed
[final]    16.53s    edge c1-2to3: 16 cells of its slots (20 and 20 cells) were closed and are open again
[final]    16.53s    [Coupler Insertion] chain 1 edge 2->3: a way of 476 cells refused, squeezed at (375,98): 1 wire (29) in 20 cells to the artwork, need 39 (19 + 1 x 20), short by 19
[final]    16.53s    edge of chain 1 from 2 to 3: no way; source (677, 136) heading 5 -> (692, 151) free, target (286, 126) heading 5 -> (271, 111) free | waypoint 2 way (681,132)..(732,204) 255 cells, outer (712,46)..(732,204) 303 cells, target (732,204) | waypoint 3 way (304,136)..(432,260) 205 cells, outer (412,46)..(432,260) 276 cells, target (432,260)
[final]    16.53s    fence for edge c1-2to3: 0 ways (2 neighbours), 0 cells closed
[final]    16.53s    edge c1-2to3: 32 cells of its slots (20 and 20 cells) were closed and are open again
[final]    16.54s    [Coupler Insertion] chain 1 edge 2->3: a way of 455 cells refused, squeezed at (375,98): 1 wire (29) in 20 cells to the artwork, need 39 (19 + 1 x 20), short by 19
[final]    16.54s    edge of chain 1 from 2 to 3: no way; source (677, 136) heading 5 -> (692, 151) free, target (307, 147) heading 5 -> (292, 132) free | waypoint 2 way (681,132)..(732,204) 255 cells, outer (712,46)..(732,204) 303 cells, target (732,204) | waypoint 3 way (311,143)..(432,260) 205 cells, outer (412,46)..(432,260) 276 cells, target (432,260)
[final]    16.54s    fence for edge c1-2to3: 0 ways (2 neighbours), 0 cells closed
[final]    16.54s    edge c1-2to3: 16 cells of its slots (20 and 26 cells) were closed and are open again
[final]    16.55s    [Coupler Insertion] chain 1 edge 2->3: a way of 482 cells refused, squeezed at (375,98): 1 wire (29) in 20 cells to the artwork, need 39 (19 + 1 x 20), short by 19
[final]    16.55s    edge of chain 1 from 2 to 3: no way; source (677, 136) heading 5 -> (692, 151) free, target (305, 145) heading 6 -> (284, 145) free | waypoint 2 way (681,132)..(732,204) 255 cells, outer (712,46)..(732,204) 303 cells, target (732,204) | waypoint 3 way (325,141)..(432,260) 210 cells, outer (412,46)..(432,260) 276 cells, target (432,260)
[final]    16.56s    fence for edge c1-2to3: 0 ways (2 neighbours), 0 cells closed
[final]    16.56s    edge c1-2to3: 24 cells of its slots (26 and 20 cells) were closed and are open again
[final]    16.56s    edge of chain 1 from 2 to 3: no way; source (702, 141) heading 6 -> (723, 141) free, target (286, 126) heading 5 -> (271, 111) free | waypoint 2 way (702,137)..(732,204) 260 cells, outer (712,46)..(732,204) 303 cells, target (732,204) | waypoint 3 way (304,136)..(432,260) 205 cells, outer (412,46)..(432,260) 276 cells, target (432,260)
[final]    16.56s    fence for edge c1-2to3: 0 ways (2 neighbours), 0 cells closed
[final]    16.56s    edge c1-2to3: 40 cells of its slots (26 and 20 cells) were closed and are open again
[final]    16.57s    edge of chain 1 from 2 to 3: no way; source (702, 141) heading 6 -> (723, 141) free, target (307, 147) heading 5 -> (292, 132) free | waypoint 2 way (702,137)..(732,204) 260 cells, outer (712,46)..(732,204) 303 cells, target (732,204) | waypoint 3 way (311,143)..(432,260) 205 cells, outer (412,46)..(432,260) 276 cells, target (432,260)
[final]    16.57s    fence for edge c1-2to3: 0 ways (2 neighbours), 0 cells closed
[final]    16.57s    edge c1-2to3: 21 cells of its slots (20 and 20 cells) were closed and are open again
[final]    16.57s    edge of chain 1 from 2 to 3: no way; source (735, 121) heading 7 -> (750, 106) free, target (286, 126) heading 5 -> (271, 111) free | waypoint 2 way (731,117)..(732,204) 285 cells, outer (712,46)..(732,204) 303 cells, target (732,204) | waypoint 3 way (304,136)..(432,260) 205 cells, outer (412,46)..(432,260) 276 cells, target (432,260)
[final]    16.58s    fence for edge c1-2to3: 0 ways (2 neighbours), 0 cells closed
[final]    16.58s    edge c1-2to3: 37 cells of its slots (20 and 20 cells) were closed and are open again
[final]    16.58s    edge of chain 1 from 2 to 3: no way; source (735, 121) heading 7 -> (750, 106) free, target (307, 147) heading 5 -> (292, 132) free | waypoint 2 way (731,117)..(732,204) 285 cells, outer (712,46)..(732,204) 303 cells, target (732,204) | waypoint 3 way (311,143)..(432,260) 205 cells, outer (412,46)..(432,260) 276 cells, target (432,260)
[final]    16.58s    fence for edge c1-1to2: 0 ways (2 neighbours), 0 cells closed
[final]    16.58s    edge c1-1to2: 29 cells of its slots (26 and 20 cells) were closed and are open again
[final]    16.59s    fence for edge c1-1to2: 0 ways (2 neighbours), 0 cells closed
[final]    16.59s    edge c1-1to2: 29 cells of its slots (26 and 26 cells) were closed and are open again
[final]    16.61s    fence for edge c1-1to2: 0 ways (2 neighbours), 0 cells closed
[final]    16.61s    edge c1-1to2: 48 cells of its slots (26 and 26 cells) were closed and are open again
[final]    16.61s    edge of chain 1 from 1 to 2: no way; source (905, 242) heading 0 -> (905, 221) free, target (712, 141) heading 6 -> (691, 141) free | waypoint 1 way (901,242)..(738,443) 251 cells, outer (913,46)..(738,443) 417 cells, target (738,443) | waypoint 2 way (712,137)..(732,204) 260 cells, outer (712,46)..(732,204) 303 cells, target (732,204)
[final]    16.61s    fence for edge c1-1to2: 0 ways (2 neighbours), 0 cells closed
[final]    16.61s    edge c1-1to2: 48 cells of its slots (26 and 26 cells) were closed and are open again
[final]    16.61s    edge of chain 1 from 1 to 2: no way; source (905, 242) heading 0 -> (905, 221) free, target (712, 141) heading 6 -> (691, 141) free | waypoint 1 way (901,242)..(738,443) 251 cells, outer (913,46)..(738,443) 417 cells, target (738,443) | waypoint 2 way (712,137)..(732,204) 260 cells, outer (712,46)..(732,204) 303 cells, target (732,204)
[final]    16.62s    fence for edge c1-1to2: 0 ways (2 neighbours), 0 cells closed
[final]    16.62s    edge c1-1to2: 5 cells of its slots (26 and 20 cells) were closed and are open again
[final]    16.63s    fence for edge c1-1to2: 0 ways (2 neighbours), 0 cells closed
[final]    16.63s    edge c1-1to2: 5 cells of its slots (26 and 26 cells) were closed and are open again
[final]    16.64s    fence for edge c1-1to2: 0 ways (2 neighbours), 0 cells closed
[final]    16.64s    edge c1-1to2: 24 cells of its slots (26 and 26 cells) were closed and are open again
[final]    16.64s    edge of chain 1 from 1 to 2: no way; source (905, 212) heading 0 -> (905, 191) free, target (712, 141) heading 6 -> (691, 141) free | waypoint 1 way (901,232)..(738,443) 251 cells, outer (913,46)..(738,443) 417 cells, target (738,443) | waypoint 2 way (712,137)..(732,204) 260 cells, outer (712,46)..(732,204) 303 cells, target (732,204)
[final]    16.65s    fence for edge c1-1to2: 0 ways (2 neighbours), 0 cells closed
[final]    16.65s    edge c1-1to2: 24 cells of its slots (26 and 26 cells) were closed and are open again
[final]    16.65s    edge of chain 1 from 1 to 2: no way; source (905, 212) heading 0 -> (905, 191) free, target (712, 141) heading 6 -> (691, 141) free | waypoint 1 way (901,232)..(738,443) 251 cells, outer (913,46)..(738,443) 417 cells, target (738,443) | waypoint 2 way (712,137)..(732,204) 260 cells, outer (712,46)..(732,204) 303 cells, target (732,204)
[final]    16.65s    fence for edge c1-1to2: 0 ways (2 neighbours), 0 cells closed
[final]    16.65s    edge c1-1to2: 29 cells of its slots (26 and 20 cells) were closed and are open again
[final]    16.66s    [Coupler Insertion] chain 1 edge 1->2: a way of 301 cells refused, squeezed at (785,202): 1 wire (25) in 28 cells to the artwork, need 39 (19 + 1 x 20), short by 11
[final]    16.66s    edge of chain 1 from 1 to 2: no way; source (849, 232) heading 4 -> (849, 253) free, target (663, 122) heading 5 -> (648, 107) free | waypoint 1 way (853,232)..(738,443) 251 cells, outer (913,46)..(738,443) 417 cells, target (738,443) | waypoint 2 way (681,132)..(732,204) 255 cells, outer (712,46)..(732,204) 303 cells, target (732,204)
[final]    16.67s    fence for edge c1-1to2: 0 ways (2 neighbours), 0 cells closed
[final]    16.67s    edge c1-1to2: 29 cells of its slots (26 and 20 cells) were closed and are open again
[final]    16.68s    [Coupler Insertion] chain 1 edge 1->2: a way of 301 cells refused, squeezed at (785,202): 1 wire (25) in 28 cells to the artwork, need 39 (19 + 1 x 20), short by 11
[final]    16.68s    edge of chain 1 from 1 to 2: no way; source (849, 232) heading 4 -> (849, 253) free, target (663, 122) heading 5 -> (648, 107) free | waypoint 1 way (853,232)..(738,443) 251 cells, outer (913,46)..(738,443) 417 cells, target (738,443) | waypoint 2 way (681,132)..(732,204) 255 cells, outer (712,46)..(732,204) 303 cells, target (732,204)
[final]    16.69s    fence for edge c1-1to2: 0 ways (2 neighbours), 0 cells closed
[final]    16.69s    edge c1-1to2: 5 cells of its slots (26 and 20 cells) were closed and are open again
[final]    16.70s    [Coupler Insertion] chain 1 edge 1->2: a way of 331 cells refused, squeezed at (785,232): 1 wire (25) in 28 cells to the artwork, need 39 (19 + 1 x 20), short by 11
[final]    16.70s    edge of chain 1 from 1 to 2: no way; source (849, 262) heading 4 -> (849, 283) free, target (663, 122) heading 5 -> (648, 107) free | waypoint 1 way (853,242)..(738,443) 251 cells, outer (913,46)..(738,443) 417 cells, target (738,443) | waypoint 2 way (681,132)..(732,204) 255 cells, outer (712,46)..(732,204) 303 cells, target (732,204)
[final]    16.70s    fence for edge c1-1to2: 0 ways (2 neighbours), 0 cells closed
[final]    16.70s    edge c1-1to2: 5 cells of its slots (26 and 20 cells) were closed and are open again
[final]    16.72s    [Coupler Insertion] chain 1 edge 1->2: a way of 331 cells refused, squeezed at (785,232): 1 wire (25) in 28 cells to the artwork, need 39 (19 + 1 x 20), short by 11
[final]    16.72s    edge of chain 1 from 1 to 2: no way; source (849, 262) heading 4 -> (849, 283) free, target (663, 122) heading 5 -> (648, 107) free | waypoint 1 way (853,242)..(738,443) 251 cells, outer (913,46)..(738,443) 417 cells, target (738,443) | waypoint 2 way (681,132)..(732,204) 255 cells, outer (712,46)..(732,204) 303 cells, target (732,204)
[final]    16.72s    fence for edge c1-1to2: 0 ways (2 neighbours), 0 cells closed
[final]    16.72s    edge c1-1to2: 22 cells of its slots (20 and 26 cells) were closed and are open again
[final]    16.74s    [Coupler Insertion] chain 1 edge 1->2: a way of 359 cells refused, squeezed at (784,224): 1 wire (25) in 27 cells to the artwork, need 39 (19 + 1 x 20), short by 12
[final]    16.74s    edge of chain 1 from 1 to 2: no way; source (847, 260) heading 5 -> (862, 275) free, target (682, 141) heading 6 -> (661, 141) free | waypoint 1 way (851,256)..(738,443) 246 cells, outer (913,46)..(738,443) 417 cells, target (738,443) | waypoint 2 way (702,137)..(732,204) 260 cells, outer (712,46)..(732,204) 303 cells, target (732,204)
[final]    16.74s    fence for edge c1-1to2: 0 ways (2 neighbours), 0 cells closed
[final]    16.74s    edge c1-1to2: 22 cells of its slots (20 and 26 cells) were closed and are open again
[final]    16.76s    [Coupler Insertion] chain 1 edge 1->2: a way of 351 cells refused, squeezed at (747,177): 1 wire (26) in 24 cells to the artwork, need 39 (19 + 1 x 20), short by 15
[final]    16.76s    edge of chain 1 from 1 to 2: no way; source (847, 260) heading 5 -> (862, 275) free, target (682, 141) heading 6 -> (661, 141) free | waypoint 1 way (851,256)..(738,443) 246 cells, outer (913,46)..(738,443) 417 cells, target (738,443) | waypoint 2 way (702,137)..(732,204) 260 cells, outer (712,46)..(732,204) 303 cells, target (732,204)
[final]    16.76s    fence for edge c1-1to2: 0 ways (2 neighbours), 0 cells closed
[final]    16.76s    edge c1-1to2: 41 cells of its slots (20 and 26 cells) were closed and are open again
[final]    16.76s    edge of chain 1 from 1 to 2: no way; source (847, 260) heading 5 -> (862, 275) free, target (712, 141) heading 6 -> (691, 141) free | waypoint 1 way (851,256)..(738,443) 246 cells, outer (913,46)..(738,443) 417 cells, target (738,443) | waypoint 2 way (712,137)..(732,204) 260 cells, outer (712,46)..(732,204) 303 cells, target (732,204)
[final]    16.77s    fence for edge c1-1to2: 0 ways (2 neighbours), 0 cells closed
[final]    16.77s    edge c1-1to2: 41 cells of its slots (20 and 26 cells) were closed and are open again
[final]    16.77s    edge of chain 1 from 1 to 2: no way; source (847, 260) heading 5 -> (862, 275) free, target (712, 141) heading 6 -> (691, 141) free | waypoint 1 way (851,256)..(738,443) 246 cells, outer (913,46)..(738,443) 417 cells, target (738,443) | waypoint 2 way (712,137)..(732,204) 260 cells, outer (712,46)..(732,204) 303 cells, target (732,204)
[final]    16.77s    fence for edge c1-1to2: 0 ways (2 neighbours), 0 cells closed
[final]    16.77s    edge c1-1to2: 5 cells of its slots (20 and 26 cells) were closed and are open again
[final]    16.82s    [Coupler Insertion] chain 1 edge 1->2: a way of 654 cells refused, squeezed at (783,417): 1 wire (22) in 12 cells to the artwork, need 39 (19 + 1 x 20), short by 27
[final]    16.82s    edge of chain 1 from 1 to 2: no way; source (864, 320) heading 5 -> (879, 335) free, target (682, 141) heading 6 -> (661, 141) free | waypoint 1 way (854,302)..(738,443) 205 cells, outer (913,46)..(738,443) 417 cells, target (738,443) | waypoint 2 way (702,137)..(732,204) 260 cells, outer (712,46)..(732,204) 303 cells, target (732,204)
[final]    16.82s    fence for edge c1-1to2: 0 ways (2 neighbours), 0 cells closed
[final]    16.82s    edge c1-1to2: 5 cells of its slots (20 and 26 cells) were closed and are open again
[final]    16.86s    fence for edge c1-0to1: 0 ways (1 neighbours), 0 cells closed
[final]    16.86s    edge c1-0to1: 16 cells of its slots (20 and 20 cells) were closed and are open again
[final]    16.91s    [Coupler Insertion] chain 1 edge 0->1: a way of 661 cells refused, squeezed at (781,417): 1 wire (22) in 12 cells to the artwork, need 39 (19 + 1 x 20), short by 27
[final]    16.91s    edge of chain 1 from 0 to 1: no way; source (963, 45) heading 4 -> (963, 56) free, target (850, 306) heading 5 -> (835, 291) free | waypoint 1 way (854,302)..(738,443) 205 cells, outer (913,46)..(738,443) 417 cells, target (738,443)
[final]    16.91s    fence for edge c1-1to2: 0 ways (2 neighbours), 0 cells closed
[final]    16.91s    edge c1-1to2: 24 cells of its slots (20 and 26 cells) were closed and are open again
[final]    16.91s    edge of chain 1 from 1 to 2: no way; source (864, 320) heading 5 -> (879, 335) free, target (712, 141) heading 6 -> (691, 141) free | waypoint 1 way (854,302)..(738,443) 205 cells, outer (913,46)..(738,443) 417 cells, target (738,443) | waypoint 2 way (712,137)..(732,204) 260 cells, outer (712,46)..(732,204) 303 cells, target (732,204)
[final]    16.91s    fence for edge c1-1to2: 0 ways (2 neighbours), 0 cells closed
[final]    16.91s    edge c1-1to2: 24 cells of its slots (20 and 26 cells) were closed and are open again
[final]    16.92s    edge of chain 1 from 1 to 2: no way; source (864, 320) heading 5 -> (879, 335) free, target (712, 141) heading 6 -> (691, 141) free | waypoint 1 way (854,302)..(738,443) 205 cells, outer (913,46)..(738,443) 417 cells, target (738,443) | waypoint 2 way (712,137)..(732,204) 260 cells, outer (712,46)..(732,204) 303 cells, target (732,204)
[final]    16.92s    fence for edge c1-1to2: 0 ways (2 neighbours), 0 cells closed
[final]    16.92s    edge c1-1to2: 5 cells of its slots (26 and 20 cells) were closed and are open again
[final]    16.98s    edge of chain 1 from 1 to 2: no way; source (902, 265) heading 6 -> (923, 265) free, target (721, 135) heading 7 -> (706, 150) free | waypoint 1 way (882,261)..(738,443) 251 cells, outer (913,46)..(738,443) 417 cells, target (738,443) | waypoint 2 way (731,117)..(732,204) 285 cells, outer (712,46)..(732,204) 303 cells, target (732,204)
[final]    16.98s    fence for edge c1-1to2: 0 ways (2 neighbours), 0 cells closed
[final]    16.98s    edge c1-1to2: 5 cells of its slots (26 and 20 cells) were closed and are open again
[final]    17.03s    fence for edge c1-0to1: 0 ways (1 neighbours), 0 cells closed
[final]    17.03s    edge c1-0to1: 24 cells of its slots (20 and 26 cells) were closed and are open again
[final]    17.08s    [Coupler Insertion] chain 1 edge 0->1: a way of 659 cells refused, squeezed at (781,417): 1 wire (22) in 12 cells to the artwork, need 39 (19 + 1 x 20), short by 27
[final]    17.08s    edge of chain 1 from 0 to 1: no way; source (963, 45) heading 4 -> (963, 56) free, target (882, 265) heading 6 -> (861, 265) free | waypoint 1 way (882,261)..(738,443) 251 cells, outer (913,46)..(738,443) 417 cells, target (738,443)
[final]    17.08s    fence for edge c1-1to2: 0 ways (2 neighbours), 0 cells closed
[final]    17.08s    edge c1-1to2: 16 cells of its slots (26 and 20 cells) were closed and are open again
[final]    17.12s    [Coupler Insertion] chain 1 edge 1->2: a way of 578 cells refused, squeezed at (772,428): 1 wire (22) in 6 cells to the artwork, need 39 (19 + 1 x 20), short by 33
[final]    17.12s    edge of chain 1 from 1 to 2: no way; source (902, 265) heading 6 -> (923, 265) free, target (742, 120) heading 7 -> (727, 135) free | waypoint 1 way (882,261)..(738,443) 251 cells, outer (913,46)..(738,443) 417 cells, target (738,443) | waypoint 2 way (738,116)..(732,204) 279 cells, outer (712,46)..(732,204) 303 cells, target (732,204)
[final]    17.13s    fence for edge c1-1to2: 0 ways (2 neighbours), 0 cells closed
[final]    17.13s    edge c1-1to2: 16 cells of its slots (26 and 20 cells) were closed and are open again
[final]    17.15s    fence for edge c1-0to1: 0 ways (1 neighbours), 0 cells closed
[final]    17.15s    edge c1-0to1: 24 cells of its slots (20 and 26 cells) were closed and are open again
[final]    17.20s    [Coupler Insertion] chain 1 edge 0->1: a way of 659 cells refused, squeezed at (781,417): 1 wire (22) in 12 cells to the artwork, need 39 (19 + 1 x 20), short by 27
[final]    17.20s    edge of chain 1 from 0 to 1: no way; source (963, 45) heading 4 -> (963, 56) free, target (882, 265) heading 6 -> (861, 265) free | waypoint 1 way (882,261)..(738,443) 251 cells, outer (913,46)..(738,443) 417 cells, target (738,443)
[final]    17.20s    fence for edge c1-1to2: 0 ways (2 neighbours), 0 cells closed
[final]    17.20s    edge c1-1to2: 26 cells of its slots (20 and 20 cells) were closed and are open again
[final]    17.21s    edge of chain 1 from 1 to 2: no way; source (900, 267) heading 7 -> (915, 252) free, target (721, 135) heading 7 -> (706, 150) free | waypoint 1 way (896,263)..(738,443) 246 cells, outer (913,46)..(738,443) 417 cells, target (738,443) | waypoint 2 way (731,117)..(732,204) 285 cells, outer (712,46)..(732,204) 303 cells, target (732,204)
[final]    17.21s    fence for edge c1-1to2: 0 ways (2 neighbours), 0 cells closed
[final]    17.21s    edge c1-1to2: 21 cells of its slots (20 and 20 cells) were closed and are open again
[final]    17.26s    fence for edge c1-0to1: 0 ways (1 neighbours), 0 cells closed
[final]    17.27s    [Coupler Insertion]   chain 1 edge 1: no way after edge 0, but both fit with edge 1 laid first — edge 0 redone at 50000 instead of 50000
[final]    17.27s    fence for edge c1-1to2: 0 ways (2 neighbours), 0 cells closed
[final]    17.27s    edge c1-1to2: 37 cells of its slots (20 and 20 cells) were closed and are open again
[final]    17.27s    edge of chain 1 from 1 to 2: no way; source (900, 267) heading 7 -> (915, 252) free, target (742, 120) heading 7 -> (727, 135) free | waypoint 1 way (896,263)..(738,443) 246 cells, outer (913,46)..(738,443) 417 cells, target (738,443) | waypoint 2 way (738,116)..(732,204) 279 cells, outer (712,46)..(732,204) 303 cells, target (732,204)
[final]    17.28s    fence for edge c1-1to2: 0 ways (2 neighbours), 0 cells closed
[final]    17.28s    edge c1-1to2: 32 cells of its slots (20 and 20 cells) were closed and are open again
[final]    17.29s    fence for edge c1-0to1: 0 ways (1 neighbours), 0 cells closed
[final]    17.30s    [Coupler Insertion]   chain 1 edge 1: no way after edge 0, but both fit with edge 1 laid first — edge 0 redone at 50000 instead of 50000
[final]    17.31s    fence for edge c1-1to2: 0 ways (2 neighbours), 0 cells closed
[final]    17.31s    edge c1-1to2: 26 cells of its slots (20 and 20 cells) were closed and are open again
[final]    17.31s    edge of chain 1 from 1 to 2: no way; source (921, 246) heading 7 -> (936, 231) free, target (721, 135) heading 7 -> (706, 150) free | waypoint 1 way (903,256)..(738,443) 246 cells, outer (913,46)..(738,443) 417 cells, target (738,443) | waypoint 2 way (731,117)..(732,204) 285 cells, outer (712,46)..(732,204) 303 cells, target (732,204)
[final]    17.31s    fence for edge c1-1to2: 0 ways (2 neighbours), 0 cells closed
[final]    17.31s    edge c1-1to2: 5 cells of its slots (20 and 20 cells) were closed and are open again
[final]    17.36s    edge of chain 1 from 1 to 2: no way; source (921, 246) heading 7 -> (936, 231) free, target (721, 135) heading 7 -> (706, 150) free | waypoint 1 way (903,256)..(738,443) 246 cells, outer (913,46)..(738,443) 417 cells, target (738,443) | waypoint 2 way (731,117)..(732,204) 285 cells, outer (712,46)..(732,204) 303 cells, target (732,204)
[final]    17.36s    fence for edge c1-1to2: 0 ways (2 neighbours), 0 cells closed
[final]    17.36s    edge c1-1to2: 37 cells of its slots (20 and 20 cells) were closed and are open again
[final]    17.37s    edge of chain 1 from 1 to 2: no way; source (921, 246) heading 7 -> (936, 231) free, target (742, 120) heading 7 -> (727, 135) free | waypoint 1 way (903,256)..(738,443) 246 cells, outer (913,46)..(738,443) 417 cells, target (738,443) | waypoint 2 way (738,116)..(732,204) 279 cells, outer (712,46)..(732,204) 303 cells, target (732,204)
[final]    17.37s    fence for edge c1-1to2: 0 ways (2 neighbours), 0 cells closed
[final]    17.37s    edge c1-1to2: 16 cells of its slots (20 and 20 cells) were closed and are open again
[final]    17.39s    fence for edge c1-0to1: 0 ways (1 neighbours), 0 cells closed
[final]    17.39s    edge c1-0to1: 16 cells of its slots (20 and 20 cells) were closed and are open again
[final]    17.40s    [Coupler Insertion]   chain 1 edge 1: no way after edge 0, but both fit with edge 1 laid first — edge 0 redone at 50000 instead of 50000
[final]    17.40s    fence for edge c1-2to3: 0 ways (2 neighbours), 0 cells closed
[final]    17.40s    edge c1-2to3: 24 cells of its slots (26 and 26 cells) were closed and are open again
[final]    17.40s    edge of chain 1 from 2 to 3: no way; source (702, 141) heading 6 -> (723, 141) free, target (305, 145) heading 6 -> (284, 145) free | waypoint 2 way (702,137)..(732,204) 260 cells, outer (712,46)..(732,204) 303 cells, target (732,204) | waypoint 3 way (325,141)..(432,260) 210 cells, outer (412,46)..(432,260) 276 cells, target (432,260)
[final]    17.41s    fence for edge c1-2to3: 0 ways (2 neighbours), 0 cells closed
[final]    17.41s    edge c1-2to3: 21 cells of its slots (20 and 26 cells) were closed and are open again
[final]    17.41s    edge of chain 1 from 2 to 3: no way; source (735, 121) heading 7 -> (750, 106) free, target (305, 145) heading 6 -> (284, 145) free | waypoint 2 way (731,117)..(732,204) 285 cells, outer (712,46)..(732,204) 303 cells, target (732,204) | waypoint 3 way (325,141)..(432,260) 210 cells, outer (412,46)..(432,260) 276 cells, target (432,260)
[final]    17.41s    fence for edge c1-1to2: 0 ways (2 neighbours), 0 cells closed
[final]    17.41s    edge c1-1to2: 22 cells of its slots (20 and 20 cells) were closed and are open again
[final]    17.42s    [Coupler Insertion] chain 1 edge 1->2: a way of 332 cells refused, squeezed at (784,224): 1 wire (25) in 27 cells to the artwork, need 39 (19 + 1 x 20), short by 12
[final]    17.42s    edge of chain 1 from 1 to 2: no way; source (847, 260) heading 5 -> (862, 275) free, target (663, 122) heading 5 -> (648, 107) free | waypoint 1 way (851,256)..(738,443) 246 cells, outer (913,46)..(738,443) 417 cells, target (738,443) | waypoint 2 way (681,132)..(732,204) 255 cells, outer (712,46)..(732,204) 303 cells, target (732,204)
[final]    17.43s    fence for edge c1-1to2: 0 ways (2 neighbours), 0 cells closed
[final]    17.43s    edge c1-1to2: 22 cells of its slots (20 and 20 cells) were closed and are open again
[final]    17.44s    [Coupler Insertion] chain 1 edge 1->2: a way of 324 cells refused, squeezed at (747,177): 1 wire (26) in 24 cells to the artwork, need 39 (19 + 1 x 20), short by 15
[final]    17.44s    edge of chain 1 from 1 to 2: no way; source (847, 260) heading 5 -> (862, 275) free, target (663, 122) heading 5 -> (648, 107) free | waypoint 1 way (851,256)..(738,443) 246 cells, outer (913,46)..(738,443) 417 cells, target (738,443) | waypoint 2 way (681,132)..(732,204) 255 cells, outer (712,46)..(732,204) 303 cells, target (732,204)
[final]    17.45s    fence for edge c1-1to2: 0 ways (2 neighbours), 0 cells closed
[final]    17.45s    edge c1-1to2: 5 cells of its slots (20 and 20 cells) were closed and are open again
[final]    17.48s    [Coupler Insertion] chain 1 edge 1->2: a way of 627 cells refused, squeezed at (783,417): 1 wire (22) in 12 cells to the artwork, need 39 (19 + 1 x 20), short by 27
[final]    17.48s    edge of chain 1 from 1 to 2: no way; source (864, 320) heading 5 -> (879, 335) free, target (663, 122) heading 5 -> (648, 107) free | waypoint 1 way (854,302)..(738,443) 205 cells, outer (913,46)..(738,443) 417 cells, target (738,443) | waypoint 2 way (681,132)..(732,204) 255 cells, outer (712,46)..(732,204) 303 cells, target (732,204)
[final]    17.49s    fence for edge c1-1to2: 0 ways (2 neighbours), 0 cells closed
[final]    17.49s    edge c1-1to2: 5 cells of its slots (20 and 20 cells) were closed and are open again
[final]    17.50s    fence for edge c1-0to1: 0 ways (1 neighbours), 0 cells closed
[final]    17.50s    edge c1-0to1: 16 cells of its slots (20 and 20 cells) were closed and are open again
[final]    17.55s    [Coupler Insertion] chain 1 edge 0->1: a way of 661 cells refused, squeezed at (781,417): 1 wire (22) in 12 cells to the artwork, need 39 (19 + 1 x 20), short by 27
[final]    17.55s    edge of chain 1 from 0 to 1: no way; source (963, 45) heading 4 -> (963, 56) free, target (850, 306) heading 5 -> (835, 291) free | waypoint 1 way (854,302)..(738,443) 205 cells, outer (913,46)..(738,443) 417 cells, target (738,443)
[final]    17.56s    fence for edge c1-1to2: 0 ways (2 neighbours), 0 cells closed
[final]    17.56s    edge c1-1to2: 29 cells of its slots (26 and 20 cells) were closed and are open again
[final]    17.60s    [Coupler Insertion] chain 1 edge 1->2: a way of 652 cells refused, squeezed at (768,437): 1 wire (22) in 11 cells to the artwork, need 39 (19 + 1 x 20), short by 28
[final]    17.60s    edge of chain 1 from 1 to 2: no way; source (868, 304) heading 6 -> (889, 304) free, target (663, 122) heading 5 -> (648, 107) free | waypoint 1 way (868,300)..(738,443) 210 cells, outer (913,46)..(738,443) 417 cells, target (738,443) | waypoint 2 way (681,132)..(732,204) 255 cells, outer (712,46)..(732,204) 303 cells, target (732,204)
[final]    17.60s    fence for edge c1-1to2: 0 ways (2 neighbours), 0 cells closed
[final]    17.60s    edge c1-1to2: 29 cells of its slots (26 and 20 cells) were closed and are open again
[final]    17.61s    fence for edge c1-0to1: 0 ways (1 neighbours), 0 cells closed
[final]    17.61s    edge c1-0to1: 5 cells of its slots (20 and 26 cells) were closed and are open again
[final]    17.66s    edge of chain 1 from 0 to 1: no way; source (963, 45) heading 4 -> (963, 56) free, target (848, 304) heading 6 -> (827, 304) free | waypoint 1 way (868,300)..(738,443) 210 cells, outer (913,46)..(738,443) 417 cells, target (738,443)
[final]    17.66s    fence for edge c1-1to2: 0 ways (2 neighbours), 0 cells closed
[final]    17.66s    edge c1-1to2: 29 cells of its slots (26 and 26 cells) were closed and are open again
[final]    17.71s    [Coupler Insertion] chain 1 edge 1->2: a way of 679 cells refused, squeezed at (768,437): 1 wire (22) in 11 cells to the artwork, need 39 (19 + 1 x 20), short by 28
[final]    17.71s    edge of chain 1 from 1 to 2: no way; source (868, 304) heading 6 -> (889, 304) free, target (682, 141) heading 6 -> (661, 141) free | waypoint 1 way (868,300)..(738,443) 210 cells, outer (913,46)..(738,443) 417 cells, target (738,443) | waypoint 2 way (702,137)..(732,204) 260 cells, outer (712,46)..(732,204) 303 cells, target (732,204)
[final]    17.71s    fence for edge c1-1to2: 0 ways (2 neighbours), 0 cells closed
[final]    17.71s    edge c1-1to2: 29 cells of its slots (26 and 26 cells) were closed and are open again
[final]    17.74s    fence for edge c1-0to1: 0 ways (1 neighbours), 0 cells closed
[final]    17.74s    edge c1-0to1: 5 cells of its slots (20 and 26 cells) were closed and are open again
[final]    17.79s    edge of chain 1 from 0 to 1: no way; source (963, 45) heading 4 -> (963, 56) free, target (848, 304) heading 6 -> (827, 304) free | waypoint 1 way (868,300)..(738,443) 210 cells, outer (913,46)..(738,443) 417 cells, target (738,443)
[final]    17.79s    fence for edge c1-1to2: 0 ways (2 neighbours), 0 cells closed
[final]    17.79s    edge c1-1to2: 48 cells of its slots (26 and 26 cells) were closed and are open again
[final]    17.79s    edge of chain 1 from 1 to 2: no way; source (868, 304) heading 6 -> (889, 304) free, target (712, 141) heading 6 -> (691, 141) free | waypoint 1 way (868,300)..(738,443) 210 cells, outer (913,46)..(738,443) 417 cells, target (738,443) | waypoint 2 way (712,137)..(732,204) 260 cells, outer (712,46)..(732,204) 303 cells, target (732,204)
[final]    17.80s    fence for edge c1-1to2: 0 ways (2 neighbours), 0 cells closed
[final]    17.80s    edge c1-1to2: 48 cells of its slots (26 and 26 cells) were closed and are open again
[final]    17.80s    edge of chain 1 from 1 to 2: no way; source (868, 304) heading 6 -> (889, 304) free, target (712, 141) heading 6 -> (691, 141) free | waypoint 1 way (868,300)..(738,443) 210 cells, outer (913,46)..(738,443) 417 cells, target (738,443) | waypoint 2 way (712,137)..(732,204) 260 cells, outer (712,46)..(732,204) 303 cells, target (732,204)
[final]    17.80s    fence for edge c1-1to2: 0 ways (2 neighbours), 0 cells closed
[final]    17.80s    edge c1-1to2: 5 cells of its slots (26 and 20 cells) were closed and are open again
[final]    17.85s    [Coupler Insertion] chain 1 edge 1->2: a way of 686 cells refused, squeezed at (772,428): 1 wire (22) in 6 cells to the artwork, need 39 (19 + 1 x 20), short by 33
[final]    17.85s    edge of chain 1 from 1 to 2: no way; source (902, 265) heading 6 -> (923, 265) free, target (663, 122) heading 5 -> (648, 107) free | waypoint 1 way (882,261)..(738,443) 251 cells, outer (913,46)..(738,443) 417 cells, target (738,443) | waypoint 2 way (681,132)..(732,204) 255 cells, outer (712,46)..(732,204) 303 cells, target (732,204)
[final]    17.85s    fence for edge c1-1to2: 0 ways (2 neighbours), 0 cells closed
[final]    17.85s    edge c1-1to2: 5 cells of its slots (26 and 20 cells) were closed and are open again
[final]    17.87s    fence for edge c1-0to1: 0 ways (1 neighbours), 0 cells closed
[final]    17.87s    edge c1-0to1: 24 cells of its slots (20 and 26 cells) were closed and are open again
[final]    17.91s    [Coupler Insertion] chain 1 edge 0->1: a way of 659 cells refused, squeezed at (781,417): 1 wire (22) in 12 cells to the artwork, need 39 (19 + 1 x 20), short by 27
[final]    17.91s    edge of chain 1 from 0 to 1: no way; source (963, 45) heading 4 -> (963, 56) free, target (882, 265) heading 6 -> (861, 265) free | waypoint 1 way (882,261)..(738,443) 251 cells, outer (913,46)..(738,443) 417 cells, target (738,443)
[final]    17.91s    fence for edge c1-1to2: 0 ways (2 neighbours), 0 cells closed
[final]    17.91s    edge c1-1to2: 5 cells of its slots (26 and 26 cells) were closed and are open again
[final]    17.97s    [Coupler Insertion] chain 1 edge 1->2: a way of 713 cells refused, squeezed at (772,428): 1 wire (22) in 6 cells to the artwork, need 39 (19 + 1 x 20), short by 33
[final]    17.97s    edge of chain 1 from 1 to 2: no way; source (902, 265) heading 6 -> (923, 265) free, target (682, 141) heading 6 -> (661, 141) free | waypoint 1 way (882,261)..(738,443) 251 cells, outer (913,46)..(738,443) 417 cells, target (738,443) | waypoint 2 way (702,137)..(732,204) 260 cells, outer (712,46)..(732,204) 303 cells, target (732,204)
[final]    17.97s    fence for edge c1-1to2: 0 ways (2 neighbours), 0 cells closed
[final]    17.97s    edge c1-1to2: 5 cells of its slots (26 and 26 cells) were closed and are open again
[final]    18.00s    fence for edge c1-0to1: 0 ways (1 neighbours), 0 cells closed
[final]    18.00s    edge c1-0to1: 24 cells of its slots (20 and 26 cells) were closed and are open again
[final]    18.05s    [Coupler Insertion] chain 1 edge 0->1: a way of 659 cells refused, squeezed at (781,417): 1 wire (22) in 12 cells to the artwork, need 39 (19 + 1 x 20), short by 27
[final]    18.05s    edge of chain 1 from 0 to 1: no way; source (963, 45) heading 4 -> (963, 56) free, target (882, 265) heading 6 -> (861, 265) free | waypoint 1 way (882,261)..(738,443) 251 cells, outer (913,46)..(738,443) 417 cells, target (738,443)
[final]    18.05s    fence for edge c1-1to2: 0 ways (2 neighbours), 0 cells closed
[final]    18.05s    edge c1-1to2: 24 cells of its slots (26 and 26 cells) were closed and are open again
[final]    18.05s    edge of chain 1 from 1 to 2: no way; source (902, 265) heading 6 -> (923, 265) free, target (712, 141) heading 6 -> (691, 141) free | waypoint 1 way (882,261)..(738,443) 251 cells, outer (913,46)..(738,443) 417 cells, target (738,443) | waypoint 2 way (712,137)..(732,204) 260 cells, outer (712,46)..(732,204) 303 cells, target (732,204)
[final]    18.05s    fence for edge c1-1to2: 0 ways (2 neighbours), 0 cells closed
[final]    18.05s    edge c1-1to2: 24 cells of its slots (26 and 26 cells) were closed and are open again
[final]    18.05s    edge of chain 1 from 1 to 2: no way; source (902, 265) heading 6 -> (923, 265) free, target (712, 141) heading 6 -> (691, 141) free | waypoint 1 way (882,261)..(738,443) 251 cells, outer (913,46)..(738,443) 417 cells, target (738,443) | waypoint 2 way (712,137)..(732,204) 260 cells, outer (712,46)..(732,204) 303 cells, target (732,204)
[final]    18.06s    fence for edge c1-1to2: 0 ways (2 neighbours), 0 cells closed
[final]    18.06s    edge c1-1to2: 26 cells of its slots (20 and 20 cells) were closed and are open again
[final]    18.06s    edge of chain 1 from 1 to 2: no way; source (900, 267) heading 7 -> (915, 252) free, target (663, 122) heading 5 -> (648, 107) free | waypoint 1 way (896,263)..(738,443) 246 cells, outer (913,46)..(738,443) 417 cells, target (738,443) | waypoint 2 way (681,132)..(732,204) 255 cells, outer (712,46)..(732,204) 303 cells, target (732,204)
[final]    18.06s    fence for edge c1-1to2: 0 ways (2 neighbours), 0 cells closed
[final]    18.06s    edge c1-1to2: 21 cells of its slots (20 and 20 cells) were closed and are open again
[final]    18.08s    fence for edge c1-0to1: 0 ways (1 neighbours), 0 cells closed
[final]    18.09s    [Coupler Insertion]   chain 1 edge 1: no way after edge 0, but both fit with edge 1 laid first — edge 0 redone at 50000 instead of 50000
[final]    18.09s    fence for edge c1-1to2: 0 ways (2 neighbours), 0 cells closed
[final]    18.09s    edge c1-1to2: 26 cells of its slots (20 and 26 cells) were closed and are open again
[final]    18.09s    edge of chain 1 from 1 to 2: no way; source (900, 267) heading 7 -> (915, 252) free, target (682, 141) heading 6 -> (661, 141) free | waypoint 1 way (896,263)..(738,443) 246 cells, outer (913,46)..(738,443) 417 cells, target (738,443) | waypoint 2 way (702,137)..(732,204) 260 cells, outer (712,46)..(732,204) 303 cells, target (732,204)
[final]    18.10s    fence for edge c1-1to2: 0 ways (2 neighbours), 0 cells closed
[final]    18.10s    edge c1-1to2: 21 cells of its slots (20 and 26 cells) were closed and are open again
[final]    18.12s    fence for edge c1-0to1: 0 ways (1 neighbours), 0 cells closed
[final]    18.13s    [Coupler Insertion]   chain 1 edge 1: no way after edge 0, but both fit with edge 1 laid first — edge 0 redone at 50000 instead of 50000
[final]    18.14s    fence for edge c1-1to2: 0 ways (2 neighbours), 0 cells closed
[final]    18.14s    edge c1-1to2: 45 cells of its slots (20 and 26 cells) were closed and are open again
[final]    18.14s    edge of chain 1 from 1 to 2: no way; source (900, 267) heading 7 -> (915, 252) free, target (712, 141) heading 6 -> (691, 141) free | waypoint 1 way (896,263)..(738,443) 246 cells, outer (913,46)..(738,443) 417 cells, target (738,443) | waypoint 2 way (712,137)..(732,204) 260 cells, outer (712,46)..(732,204) 303 cells, target (732,204)
[final]    18.14s    fence for edge c1-1to2: 0 ways (2 neighbours), 0 cells closed
[final]    18.14s    edge c1-1to2: 40 cells of its slots (20 and 26 cells) were closed and are open again
[final]    18.14s    edge of chain 1 from 1 to 2: no way; source (900, 267) heading 7 -> (915, 252) free, target (712, 141) heading 6 -> (691, 141) free | waypoint 1 way (896,263)..(738,443) 246 cells, outer (913,46)..(738,443) 417 cells, target (738,443) | waypoint 2 way (712,137)..(732,204) 260 cells, outer (712,46)..(732,204) 303 cells, target (732,204)
[final]    18.15s    fence for edge c1-1to2: 0 ways (2 neighbours), 0 cells closed
[final]    18.15s    edge c1-1to2: 26 cells of its slots (20 and 20 cells) were closed and are open again
[final]    18.15s    edge of chain 1 from 1 to 2: no way; source (921, 246) heading 7 -> (936, 231) free, target (663, 122) heading 5 -> (648, 107) free | waypoint 1 way (903,256)..(738,443) 246 cells, outer (913,46)..(738,443) 417 cells, target (738,443) | waypoint 2 way (681,132)..(732,204) 255 cells, outer (712,46)..(732,204) 303 cells, target (732,204)
[final]    18.15s    fence for edge c1-1to2: 0 ways (2 neighbours), 0 cells closed
[final]    18.15s    edge c1-1to2: 5 cells of its slots (20 and 20 cells) were closed and are open again
[final]    18.17s    fence for edge c1-0to1: 0 ways (1 neighbours), 0 cells closed
[final]    18.17s    edge c1-0to1: 16 cells of its slots (20 and 20 cells) were closed and are open again
[final]    18.18s    [Coupler Insertion]   chain 1 edge 1: no way after edge 0, but both fit with edge 1 laid first — edge 0 redone at 50000 instead of 50000
[final]    18.18s    fence for edge c1-1to2: 0 ways (2 neighbours), 0 cells closed
[final]    18.18s    edge c1-1to2: 26 cells of its slots (20 and 26 cells) were closed and are open again
[final]    18.18s    edge of chain 1 from 1 to 2: no way; source (921, 246) heading 7 -> (936, 231) free, target (682, 141) heading 6 -> (661, 141) free | waypoint 1 way (903,256)..(738,443) 246 cells, outer (913,46)..(738,443) 417 cells, target (738,443) | waypoint 2 way (702,137)..(732,204) 260 cells, outer (712,46)..(732,204) 303 cells, target (732,204)
[final]    18.19s    fence for edge c1-1to2: 0 ways (2 neighbours), 0 cells closed
[final]    18.19s    edge c1-1to2: 5 cells of its slots (20 and 26 cells) were closed and are open again
[final]    18.21s    fence for edge c1-0to1: 0 ways (1 neighbours), 0 cells closed
[final]    18.21s    edge c1-0to1: 16 cells of its slots (20 and 20 cells) were closed and are open again
[final]    18.22s    [Coupler Insertion]   chain 1 edge 1: no way after edge 0, but both fit with edge 1 laid first — edge 0 redone at 50000 instead of 50000
[final]    18.22s    fence for edge c1-1to2: 0 ways (2 neighbours), 0 cells closed
[final]    18.22s    edge c1-1to2: 45 cells of its slots (20 and 26 cells) were closed and are open again
[final]    18.23s    edge of chain 1 from 1 to 2: no way; source (921, 246) heading 7 -> (936, 231) free, target (712, 141) heading 6 -> (691, 141) free | waypoint 1 way (903,256)..(738,443) 246 cells, outer (913,46)..(738,443) 417 cells, target (738,443) | waypoint 2 way (712,137)..(732,204) 260 cells, outer (712,46)..(732,204) 303 cells, target (732,204)
[final]    18.23s    fence for edge c1-1to2: 0 ways (2 neighbours), 0 cells closed
[final]    18.23s    edge c1-1to2: 24 cells of its slots (20 and 26 cells) were closed and are open again
[final]    18.23s    edge of chain 1 from 1 to 2: no way; source (921, 246) heading 7 -> (936, 231) free, target (712, 141) heading 6 -> (691, 141) free | waypoint 1 way (903,256)..(738,443) 246 cells, outer (913,46)..(738,443) 417 cells, target (738,443) | waypoint 2 way (712,137)..(732,204) 260 cells, outer (712,46)..(732,204) 303 cells, target (732,204)
[final]    18.23s    [Coupler Insertion]   '26' chain 1: no prefix reaches past it on plain options — opening the second-dogleg options
[final]    18.23s    [Coupler Insertion]   '30' chain 1: no prefix reaches past it on plain options — opening the second-dogleg options
[final]    18.23s    fence for edge c1-0to1: 0 ways (1 neighbours), 0 cells closed
[final]    18.24s    fence for edge c1-1to2: 0 ways (2 neighbours), 0 cells closed
[final]    18.24s    edge c1-1to2: 24 cells of its slots (26 and 26 cells) were closed and are open again
[final]    18.25s    fence for edge c1-1to2: 0 ways (2 neighbours), 0 cells closed
[final]    18.25s    edge c1-1to2: 48 cells of its slots (26 and 26 cells) were closed and are open again
[final]    18.26s    fence for edge c1-2to3: 0 ways (2 neighbours), 0 cells closed
[final]    18.26s    [Coupler Insertion] chain 1 edge 2->3: a way of 351 cells refused, squeezed at (376,86): 1 wire (29) in 33 cells to the artwork, need 39 (19 + 1 x 20), short by 6
[final]    18.26s    edge of chain 1 from 2 to 3: no way; source (682, 86) heading 2 -> (661, 86) free, target (332, 86) heading 2 -> (353, 86) free | waypoint 2 way (702,90)..(732,204) 259 cells, outer (712,46)..(732,204) 303 cells, target (732,204) | waypoint 3 way (312,90)..(432,260) 242 cells, outer (412,46)..(432,260) 276 cells, target (432,260)
[final]    18.27s    fence for edge c1-2to3: 0 ways (2 neighbours), 0 cells closed
[final]    18.27s    edge c1-2to3: 24 cells of its slots (26 and 26 cells) were closed and are open again
[final]    18.27s    [Coupler Insertion] chain 1 edge 2->3: a way of 381 cells refused, squeezed at (376,86): 1 wire (29) in 33 cells to the artwork, need 39 (19 + 1 x 20), short by 6
[final]    18.27s    edge of chain 1 from 2 to 3: no way; source (682, 86) heading 2 -> (661, 86) free, target (302, 86) heading 2 -> (323, 86) free | waypoint 2 way (702,90)..(732,204) 259 cells, outer (712,46)..(732,204) 303 cells, target (732,204) | waypoint 3 way (302,90)..(432,260) 242 cells, outer (412,46)..(432,260) 276 cells, target (432,260)
[final]    18.27s    fence for edge c1-2to3: 0 ways (2 neighbours), 0 cells closed
[final]    18.28s    [Coupler Insertion] chain 1 edge 2->3: a way of 379 cells refused, squeezed at (376,86): 1 wire (29) in 33 cells to the artwork, need 39 (19 + 1 x 20), short by 6
[final]    18.28s    edge of chain 1 from 2 to 3: no way; source (682, 86) heading 2 -> (661, 86) free, target (307, 106) heading 3 -> (322, 91) free | waypoint 2 way (702,90)..(732,204) 259 cells, outer (712,46)..(732,204) 303 cells, target (732,204) | waypoint 3 way (297,124)..(432,260) 221 cells, outer (412,46)..(432,260) 276 cells, target (432,260)
[final]    18.28s    fence for edge c1-2to3: 0 ways (2 neighbours), 0 cells closed
[final]    18.28s    edge c1-2to3: 16 cells of its slots (26 and 20 cells) were closed and are open again
[final]    18.29s    [Coupler Insertion] chain 1 edge 2->3: a way of 413 cells refused, squeezed at (376,86): 1 wire (29) in 33 cells to the artwork, need 39 (19 + 1 x 20), short by 6
[final]    18.29s    edge of chain 1 from 2 to 3: no way; source (682, 86) heading 2 -> (661, 86) free, target (273, 114) heading 3 -> (288, 99) free | waypoint 2 way (702,90)..(732,204) 259 cells, outer (712,46)..(732,204) 303 cells, target (732,204) | waypoint 3 way (277,118)..(432,260) 234 cells, outer (412,46)..(432,260) 276 cells, target (432,260)
[final]    18.29s    fence for edge c1-2to3: 0 ways (2 neighbours), 0 cells closed
[final]    18.29s    [Coupler Insertion] chain 1 edge 2->3: a way of 413 cells refused, squeezed at (376,86): 1 wire (29) in 33 cells to the artwork, need 39 (19 + 1 x 20), short by 6
[final]    18.29s    edge of chain 1 from 2 to 3: no way; source (682, 86) heading 2 -> (661, 86) free, target (297, 117) heading 4 -> (297, 96) free | waypoint 2 way (702,90)..(732,204) 259 cells, outer (712,46)..(732,204) 303 cells, target (732,204) | waypoint 3 way (301,137)..(432,260) 244 cells, outer (412,46)..(432,260) 276 cells, target (432,260)
[final]    18.30s    fence for edge c1-2to3: 0 ways (2 neighbours), 0 cells closed
[final]    18.30s    edge c1-2to3: 24 cells of its slots (26 and 26 cells) were closed and are open again
[final]    18.30s    [Coupler Insertion] chain 1 edge 2->3: a way of 415 cells refused, squeezed at (376,86): 1 wire (29) in 33 cells to the artwork, need 39 (19 + 1 x 20), short by 6
[final]    18.30s    edge of chain 1 from 2 to 3: no way; source (682, 86) heading 2 -> (661, 86) free, target (297, 147) heading 4 -> (297, 126) free | waypoint 2 way (702,90)..(732,204) 259 cells, outer (712,46)..(732,204) 303 cells, target (732,204) | waypoint 3 way (301,147)..(432,260) 244 cells, outer (412,46)..(432,260) 276 cells, target (432,260)
[final]    18.30s    fence for edge c1-1to2: 0 ways (2 neighbours), 0 cells closed
[final]    18.31s    edge c1-1to2: 24 cells of its slots (26 and 20 cells) were closed and are open again
[final]    18.31s    fence for edge c1-0to1: 0 ways (1 neighbours), 0 cells closed
[final]    18.31s    edge c1-0to1: 24 cells of its slots (20 and 26 cells) were closed and are open again
[final]    18.32s    fence for edge c1-1to2: 0 ways (2 neighbours), 0 cells closed
[final]    18.32s    edge c1-1to2: 24 cells of its slots (26 and 26 cells) were closed and are open again
[final]    18.33s    fence for edge c1-0to1: 0 ways (1 neighbours), 0 cells closed
[final]    18.34s    fence for edge c1-1to2: 0 ways (2 neighbours), 0 cells closed
[final]    18.34s    edge c1-1to2: 40 cells of its slots (20 and 26 cells) were closed and are open again
[final]    18.34s    fence for edge c1-0to1: 0 ways (1 neighbours), 0 cells closed
[final]    18.35s    fence for edge c1-1to2: 0 ways (2 neighbours), 0 cells closed
[final]    18.35s    edge c1-1to2: 16 cells of its slots (20 and 26 cells) were closed and are open again
[final]    18.36s    fence for edge c1-2to3: 0 ways (2 neighbours), 0 cells closed
[final]    18.36s    edge c1-2to3: 24 cells of its slots (26 and 26 cells) were closed and are open again
[final]    18.36s    [Coupler Insertion] chain 1 edge 2->3: a way of 381 cells refused, squeezed at (376,86): 1 wire (29) in 33 cells to the artwork, need 39 (19 + 1 x 20), short by 6
[final]    18.36s    edge of chain 1 from 2 to 3: no way; source (712, 86) heading 2 -> (691, 86) free, target (332, 86) heading 2 -> (353, 86) free | waypoint 2 way (712,90)..(732,204) 259 cells, outer (712,46)..(732,204) 303 cells, target (732,204) | waypoint 3 way (312,90)..(432,260) 242 cells, outer (412,46)..(432,260) 276 cells, target (432,260)
[final]    18.37s    fence for edge c1-2to3: 0 ways (2 neighbours), 0 cells closed
[final]    18.37s    edge c1-2to3: 48 cells of its slots (26 and 26 cells) were closed and are open again
[final]    18.37s    [Coupler Insertion] chain 1 edge 2->3: a way of 411 cells refused, squeezed at (376,86): 1 wire (29) in 33 cells to the artwork, need 39 (19 + 1 x 20), short by 6
[final]    18.37s    edge of chain 1 from 2 to 3: no way; source (712, 86) heading 2 -> (691, 86) free, target (302, 86) heading 2 -> (323, 86) free | waypoint 2 way (712,90)..(732,204) 259 cells, outer (712,46)..(732,204) 303 cells, target (732,204) | waypoint 3 way (302,90)..(432,260) 242 cells, outer (412,46)..(432,260) 276 cells, target (432,260)
[final]    18.37s    fence for edge c1-2to3: 0 ways (2 neighbours), 0 cells closed
[final]    18.37s    edge c1-2to3: 24 cells of its slots (26 and 20 cells) were closed and are open again
[final]    18.38s    [Coupler Insertion] chain 1 edge 2->3: a way of 409 cells refused, squeezed at (376,86): 1 wire (29) in 33 cells to the artwork, need 39 (19 + 1 x 20), short by 6
[final]    18.38s    edge of chain 1 from 2 to 3: no way; source (712, 86) heading 2 -> (691, 86) free, target (307, 106) heading 3 -> (322, 91) free | waypoint 2 way (712,90)..(732,204) 259 cells, outer (712,46)..(732,204) 303 cells, target (732,204) | waypoint 3 way (297,124)..(432,260) 221 cells, outer (412,46)..(432,260) 276 cells, target (432,260)
[final]    18.38s    fence for edge c1-2to3: 0 ways (2 neighbours), 0 cells closed
[final]    18.38s    edge c1-2to3: 40 cells of its slots (26 and 20 cells) were closed and are open again
[final]    18.39s    [Coupler Insertion] chain 1 edge 2->3: a way of 443 cells refused, squeezed at (376,86): 1 wire (29) in 33 cells to the artwork, need 39 (19 + 1 x 20), short by 6
[final]    18.39s    edge of chain 1 from 2 to 3: no way; source (712, 86) heading 2 -> (691, 86) free, target (273, 114) heading 3 -> (288, 99) free | waypoint 2 way (712,90)..(732,204) 259 cells, outer (712,46)..(732,204) 303 cells, target (732,204) | waypoint 3 way (277,118)..(432,260) 234 cells, outer (412,46)..(432,260) 276 cells, target (432,260)
[final]    18.39s    fence for edge c1-2to3: 0 ways (2 neighbours), 0 cells closed
[final]    18.39s    edge c1-2to3: 24 cells of its slots (26 and 26 cells) were closed and are open again
[final]    18.39s    [Coupler Insertion] chain 1 edge 2->3: a way of 443 cells refused, squeezed at (376,86): 1 wire (29) in 33 cells to the artwork, need 39 (19 + 1 x 20), short by 6
[final]    18.39s    edge of chain 1 from 2 to 3: no way; source (712, 86) heading 2 -> (691, 86) free, target (297, 117) heading 4 -> (297, 96) free | waypoint 2 way (712,90)..(732,204) 259 cells, outer (712,46)..(732,204) 303 cells, target (732,204) | waypoint 3 way (301,137)..(432,260) 244 cells, outer (412,46)..(432,260) 276 cells, target (432,260)
[final]    18.40s    fence for edge c1-2to3: 0 ways (2 neighbours), 0 cells closed
[final]    18.40s    edge c1-2to3: 48 cells of its slots (26 and 26 cells) were closed and are open again
[final]    18.40s    [Coupler Insertion] chain 1 edge 2->3: a way of 445 cells refused, squeezed at (376,86): 1 wire (29) in 33 cells to the artwork, need 39 (19 + 1 x 20), short by 6
[final]    18.40s    edge of chain 1 from 2 to 3: no way; source (712, 86) heading 2 -> (691, 86) free, target (297, 147) heading 4 -> (297, 126) free | waypoint 2 way (712,90)..(732,204) 259 cells, outer (712,46)..(732,204) 303 cells, target (732,204) | waypoint 3 way (301,147)..(432,260) 244 cells, outer (412,46)..(432,260) 276 cells, target (432,260)
[final]    18.40s    fence for edge c1-1to2: 0 ways (2 neighbours), 0 cells closed
[final]    18.40s    edge c1-1to2: 40 cells of its slots (20 and 26 cells) were closed and are open again
[final]    18.41s    fence for edge c1-0to1: 0 ways (1 neighbours), 0 cells closed
[final]    18.41s    edge c1-0to1: 16 cells of its slots (20 and 20 cells) were closed and are open again
[final]    18.42s    fence for edge c1-1to2: 0 ways (2 neighbours), 0 cells closed
[final]    18.42s    fence for edge c1-1to2: 0 ways (2 neighbours), 0 cells closed
[final]    18.42s    edge c1-1to2: 24 cells of its slots (20 and 26 cells) were closed and are open again
[final]    18.43s    fence for edge c1-2to3: 0 ways (2 neighbours), 0 cells closed
[final]    18.45s    [Coupler Insertion] chain 1 edge 2->3: a way of 478 cells refused, squeezed at (376,86): 1 wire (29) in 33 cells to the artwork, need 39 (19 + 1 x 20), short by 6
[final]    18.45s    edge of chain 1 from 2 to 3: no way; source (682, 86) heading 2 -> (661, 86) free, target (259, 106) heading 5 -> (244, 91) free | waypoint 2 way (702,90)..(732,204) 259 cells, outer (712,46)..(732,204) 303 cells, target (732,204) | waypoint 3 way (277,116)..(432,260) 234 cells, outer (412,46)..(432,260) 276 cells, target (432,260)
[final]    18.45s    fence for edge c1-2to3: 0 ways (2 neighbours), 0 cells closed
[final]    18.45s    edge c1-2to3: 16 cells of its slots (26 and 20 cells) were closed and are open again
[final]    18.46s    [Coupler Insertion] chain 1 edge 2->3: a way of 448 cells refused, squeezed at (376,86): 1 wire (29) in 33 cells to the artwork, need 39 (19 + 1 x 20), short by 6
[final]    18.46s    edge of chain 1 from 2 to 3: no way; source (682, 86) heading 2 -> (661, 86) free, target (280, 127) heading 5 -> (265, 112) free | waypoint 2 way (702,90)..(732,204) 259 cells, outer (712,46)..(732,204) 303 cells, target (732,204) | waypoint 3 way (284,123)..(432,260) 234 cells, outer (412,46)..(432,260) 276 cells, target (432,260)
[final]    18.46s    fence for edge c1-2to3: 0 ways (2 neighbours), 0 cells closed
[final]    18.46s    edge c1-2to3: 24 cells of its slots (26 and 20 cells) were closed and are open again
[final]    18.48s    [Coupler Insertion] chain 1 edge 2->3: a way of 508 cells refused, squeezed at (376,86): 1 wire (29) in 33 cells to the artwork, need 39 (19 + 1 x 20), short by 6
[final]    18.48s    edge of chain 1 from 2 to 3: no way; source (712, 86) heading 2 -> (691, 86) free, target (259, 106) heading 5 -> (244, 91) free | waypoint 2 way (712,90)..(732,204) 259 cells, outer (712,46)..(732,204) 303 cells, target (732,204) | waypoint 3 way (277,116)..(432,260) 234 cells, outer (412,46)..(432,260) 276 cells, target (432,260)
[final]    18.48s    fence for edge c1-2to3: 0 ways (2 neighbours), 0 cells closed
[final]    18.48s    edge c1-2to3: 40 cells of its slots (26 and 20 cells) were closed and are open again
[final]    18.49s    [Coupler Insertion] chain 1 edge 2->3: a way of 478 cells refused, squeezed at (376,86): 1 wire (29) in 33 cells to the artwork, need 39 (19 + 1 x 20), short by 6
[final]    18.49s    edge of chain 1 from 2 to 3: no way; source (712, 86) heading 2 -> (691, 86) free, target (280, 127) heading 5 -> (265, 112) free | waypoint 2 way (712,90)..(732,204) 259 cells, outer (712,46)..(732,204) 303 cells, target (732,204) | waypoint 3 way (284,123)..(432,260) 234 cells, outer (412,46)..(432,260) 276 cells, target (432,260)
[final]    18.50s    fence for edge c1-1to2: 0 ways (2 neighbours), 0 cells closed
[final]    18.50s    edge c1-1to2: 29 cells of its slots (26 and 26 cells) were closed and are open again
[final]    18.50s    [Coupler Insertion] chain 1 edge 1->2: a way of 232 cells refused, squeezed at (733,196): 1 wire (26) in 24 cells to the artwork, need 39 (19 + 1 x 20), short by 15
[final]    18.50s    edge of chain 1 from 1 to 2: no way; source (882, 209) heading 2 -> (861, 209) free, target (740, 132) heading 0 -> (740, 153) free | waypoint 1 way (882,213)..(738,443) 251 cells, outer (913,46)..(738,443) 417 cells, target (738,443) | waypoint 2 way (736,112)..(732,204) 274 cells, outer (712,46)..(732,204) 303 cells, target (732,204)
[final]    18.51s    fence for edge c1-1to2: 0 ways (2 neighbours), 0 cells closed
[final]    18.51s    edge c1-1to2: 29 cells of its slots (26 and 26 cells) were closed and are open again
[final]    18.52s    [Coupler Insertion] chain 1 edge 1->2: a way of 232 cells refused, squeezed at (733,196): 1 wire (26) in 24 cells to the artwork, need 39 (19 + 1 x 20), short by 15
[final]    18.52s    edge of chain 1 from 1 to 2: no way; source (882, 209) heading 2 -> (861, 209) free, target (740, 132) heading 0 -> (740, 153) free | waypoint 1 way (882,213)..(738,443) 251 cells, outer (913,46)..(738,443) 417 cells, target (738,443) | waypoint 2 way (736,112)..(732,204) 274 cells, outer (712,46)..(732,204) 303 cells, target (732,204)
[final]    18.52s    fence for edge c1-1to2: 0 ways (2 neighbours), 0 cells closed
[final]    18.52s    edge c1-1to2: 48 cells of its slots (26 and 26 cells) were closed and are open again
[final]    18.53s    [Coupler Insertion] chain 1 edge 1->2: a way of 231 cells refused, squeezed at (733,196): 1 wire (26) in 24 cells to the artwork, need 39 (19 + 1 x 20), short by 15
[final]    18.53s    edge of chain 1 from 1 to 2: no way; source (882, 209) heading 2 -> (861, 209) free, target (740, 133) heading 0 -> (740, 154) free | waypoint 1 way (882,213)..(738,443) 251 cells, outer (913,46)..(738,443) 417 cells, target (738,443) | waypoint 2 way (736,133)..(732,204) 294 cells, outer (712,46)..(732,204) 303 cells, target (732,204)
[final]    18.53s    fence for edge c1-1to2: 0 ways (2 neighbours), 0 cells closed
[final]    18.53s    edge c1-1to2: 48 cells of its slots (26 and 26 cells) were closed and are open again
[final]    18.54s    [Coupler Insertion] chain 1 edge 1->2: a way of 231 cells refused, squeezed at (733,196): 1 wire (26) in 24 cells to the artwork, need 39 (19 + 1 x 20), short by 15
[final]    18.54s    edge of chain 1 from 1 to 2: no way; source (882, 209) heading 2 -> (861, 209) free, target (740, 133) heading 0 -> (740, 154) free | waypoint 1 way (882,213)..(738,443) 251 cells, outer (913,46)..(738,443) 417 cells, target (738,443) | waypoint 2 way (736,133)..(732,204) 294 cells, outer (712,46)..(732,204) 303 cells, target (732,204)
[final]    18.54s    fence for edge c1-2to3: 0 ways (2 neighbours), 0 cells closed
[final]    18.54s    edge c1-2to3: 16 cells of its slots (20 and 26 cells) were closed and are open again
[final]    18.55s    [Coupler Insertion] chain 1 edge 2->3: a way of 434 cells refused, squeezed at (375,86): 1 wire (29) in 32 cells to the artwork, need 39 (19 + 1 x 20), short by 7
[final]    18.55s    edge of chain 1 from 2 to 3: no way; source (764, 110) heading 1 -> (749, 95) free, target (332, 86) heading 2 -> (353, 86) free | waypoint 2 way (760,114)..(732,204) 284 cells, outer (712,46)..(732,204) 303 cells, target (732,204) | waypoint 3 way (312,90)..(432,260) 242 cells, outer (412,46)..(432,260) 276 cells, target (432,260)
[final]    18.55s    fence for edge c1-2to3: 0 ways (2 neighbours), 0 cells closed
[final]    18.55s    edge c1-2to3: 40 cells of its slots (20 and 26 cells) were closed and are open again
[final]    18.55s    [Coupler Insertion] chain 1 edge 2->3: a way of 464 cells refused, squeezed at (375,86): 1 wire (29) in 32 cells to the artwork, need 39 (19 + 1 x 20), short by 7
[final]    18.55s    edge of chain 1 from 2 to 3: no way; source (764, 110) heading 1 -> (749, 95) free, target (302, 86) heading 2 -> (323, 86) free | waypoint 2 way (760,114)..(732,204) 284 cells, outer (712,46)..(732,204) 303 cells, target (732,204) | waypoint 3 way (302,90)..(432,260) 242 cells, outer (412,46)..(432,260) 276 cells, target (432,260)
[final]    18.56s    fence for edge c1-2to3: 0 ways (2 neighbours), 0 cells closed
[final]    18.56s    edge c1-2to3: 16 cells of its slots (20 and 20 cells) were closed and are open again
[final]    18.56s    [Coupler Insertion] chain 1 edge 2->3: a way of 462 cells refused, squeezed at (375,90): 1 wire (29) in 28 cells to the artwork, need 39 (19 + 1 x 20), short by 11
[final]    18.56s    edge of chain 1 from 2 to 3: no way; source (764, 110) heading 1 -> (749, 95) free, target (307, 106) heading 3 -> (322, 91) free | waypoint 2 way (760,114)..(732,204) 284 cells, outer (712,46)..(732,204) 303 cells, target (732,204) | waypoint 3 way (297,124)..(432,260) 221 cells, outer (412,46)..(432,260) 276 cells, target (432,260)
[final]    18.57s    fence for edge c1-2to3: 0 ways (2 neighbours), 0 cells closed
[final]    18.57s    edge c1-2to3: 32 cells of its slots (20 and 20 cells) were closed and are open again
[final]    18.57s    [Coupler Insertion] chain 1 edge 2->3: a way of 457 cells refused, squeezed at (375,89): 1 wire (29) in 29 cells to the artwork, need 39 (19 + 1 x 20), short by 10
[final]    18.57s    edge of chain 1 from 2 to 3: no way; source (764, 110) heading 1 -> (749, 95) free, target (312, 106) heading 3 -> (327, 91) free | waypoint 2 way (760,114)..(732,204) 284 cells, outer (712,46)..(732,204) 303 cells, target (732,204) | waypoint 3 way (316,110)..(432,260) 193 cells, outer (412,46)..(432,260) 276 cells, target (432,260)
[final]    18.57s    fence for edge c1-2to3: 0 ways (2 neighbours), 0 cells closed
[final]    18.57s    edge c1-2to3: 32 cells of its slots (20 and 20 cells) were closed and are open again
[final]    18.58s    [Coupler Insertion] chain 1 edge 2->3: a way of 496 cells refused, squeezed at (375,93): 1 wire (29) in 25 cells to the artwork, need 39 (19 + 1 x 20), short by 14
[final]    18.58s    edge of chain 1 from 2 to 3: no way; source (764, 110) heading 1 -> (749, 95) free, target (273, 114) heading 3 -> (288, 99) free | waypoint 2 way (760,114)..(732,204) 284 cells, outer (712,46)..(732,204) 303 cells, target (732,204) | waypoint 3 way (277,118)..(432,260) 234 cells, outer (412,46)..(432,260) 276 cells, target (432,260)
[final]    18.58s    fence for edge c1-2to3: 0 ways (2 neighbours), 0 cells closed
[final]    18.58s    edge c1-2to3: 16 cells of its slots (20 and 26 cells) were closed and are open again
[final]    18.59s    [Coupler Insertion] chain 1 edge 2->3: a way of 473 cells refused, squeezed at (375,86): 1 wire (29) in 32 cells to the artwork, need 39 (19 + 1 x 20), short by 7
[final]    18.59s    edge of chain 1 from 2 to 3: no way; source (764, 110) heading 1 -> (749, 95) free, target (322, 112) heading 4 -> (322, 91) free | waypoint 2 way (760,114)..(732,204) 284 cells, outer (712,46)..(732,204) 303 cells, target (732,204) | waypoint 3 way (326,132)..(432,260) 190 cells, outer (412,46)..(432,260) 276 cells, target (432,260)
[final]    18.59s    fence for edge c1-2to3: 0 ways (2 neighbours), 0 cells closed
[final]    18.59s    edge c1-2to3: 16 cells of its slots (20 and 26 cells) were closed and are open again
[final]    18.60s    [Coupler Insertion] chain 1 edge 2->3: a way of 498 cells refused, squeezed at (375,91): 1 wire (29) in 27 cells to the artwork, need 39 (19 + 1 x 20), short by 12
[final]    18.60s    edge of chain 1 from 2 to 3: no way; source (764, 110) heading 1 -> (749, 95) free, target (297, 117) heading 4 -> (297, 96) free | waypoint 2 way (760,114)..(732,204) 284 cells, outer (712,46)..(732,204) 303 cells, target (732,204) | waypoint 3 way (301,137)..(432,260) 244 cells, outer (412,46)..(432,260) 276 cells, target (432,260)
[final]    18.60s    fence for edge c1-2to3: 0 ways (2 neighbours), 0 cells closed
[final]    18.60s    edge c1-2to3: 40 cells of its slots (20 and 26 cells) were closed and are open again
[final]    18.60s    [Coupler Insertion] chain 1 edge 2->3: a way of 496 cells refused, squeezed at (375,93): 1 wire (29) in 25 cells to the artwork, need 39 (19 + 1 x 20), short by 14
[final]    18.60s    edge of chain 1 from 2 to 3: no way; source (764, 110) heading 1 -> (749, 95) free, target (302, 122) heading 4 -> (302, 101) free | waypoint 2 way (760,114)..(732,204) 284 cells, outer (712,46)..(732,204) 303 cells, target (732,204) | waypoint 3 way (306,122)..(432,260) 210 cells, outer (412,46)..(432,260) 276 cells, target (432,260)
[final]    18.61s    fence for edge c1-2to3: 0 ways (2 neighbours), 0 cells closed
[final]    18.61s    edge c1-2to3: 40 cells of its slots (20 and 26 cells) were closed and are open again
[final]    18.61s    [Coupler Insertion] chain 1 edge 2->3: a way of 498 cells refused, squeezed at (375,93): 1 wire (29) in 25 cells to the artwork, need 39 (19 + 1 x 20), short by 14
[final]    18.61s    edge of chain 1 from 2 to 3: no way; source (764, 110) heading 1 -> (749, 95) free, target (297, 147) heading 4 -> (297, 126) free | waypoint 2 way (760,114)..(732,204) 284 cells, outer (712,46)..(732,204) 303 cells, target (732,204) | waypoint 3 way (301,147)..(432,260) 244 cells, outer (412,46)..(432,260) 276 cells, target (432,260)
[final]    18.61s    fence for edge c1-1to2: 0 ways (2 neighbours), 0 cells closed
[final]    18.62s    fence for edge c1-1to2: 0 ways (2 neighbours), 0 cells closed
[final]    18.62s    edge c1-1to2: 5 cells of its slots (26 and 26 cells) were closed and are open again
[final]    18.63s    [Coupler Insertion] chain 1 edge 1->2: a way of 202 cells refused, squeezed at (733,196): 1 wire (26) in 24 cells to the artwork, need 39 (19 + 1 x 20), short by 15
[final]    18.63s    edge of chain 1 from 1 to 2: no way; source (852, 209) heading 2 -> (831, 209) free, target (740, 132) heading 0 -> (740, 153) free | waypoint 1 way (872,213)..(738,443) 251 cells, outer (913,46)..(738,443) 417 cells, target (738,443) | waypoint 2 way (736,112)..(732,204) 274 cells, outer (712,46)..(732,204) 303 cells, target (732,204)
[final]    18.63s    fence for edge c1-1to2: 0 ways (2 neighbours), 0 cells closed
[final]    18.63s    edge c1-1to2: 5 cells of its slots (26 and 26 cells) were closed and are open again
[final]    18.64s    [Coupler Insertion] chain 1 edge 1->2: a way of 202 cells refused, squeezed at (733,196): 1 wire (26) in 24 cells to the artwork, need 39 (19 + 1 x 20), short by 15
[final]    18.64s    edge of chain 1 from 1 to 2: no way; source (852, 209) heading 2 -> (831, 209) free, target (740, 132) heading 0 -> (740, 153) free | waypoint 1 way (872,213)..(738,443) 251 cells, outer (913,46)..(738,443) 417 cells, target (738,443) | waypoint 2 way (736,112)..(732,204) 274 cells, outer (712,46)..(732,204) 303 cells, target (732,204)
[final]    18.64s    fence for edge c1-1to2: 0 ways (2 neighbours), 0 cells closed
[final]    18.64s    edge c1-1to2: 24 cells of its slots (26 and 26 cells) were closed and are open again
[final]    18.65s    [Coupler Insertion] chain 1 edge 1->2: a way of 201 cells refused, squeezed at (733,196): 1 wire (26) in 24 cells to the artwork, need 39 (19 + 1 x 20), short by 15
[final]    18.65s    edge of chain 1 from 1 to 2: no way; source (852, 209) heading 2 -> (831, 209) free, target (740, 133) heading 0 -> (740, 154) free | waypoint 1 way (872,213)..(738,443) 251 cells, outer (913,46)..(738,443) 417 cells, target (738,443) | waypoint 2 way (736,133)..(732,204) 294 cells, outer (712,46)..(732,204) 303 cells, target (732,204)
[final]    18.65s    fence for edge c1-1to2: 0 ways (2 neighbours), 0 cells closed
[final]    18.65s    edge c1-1to2: 24 cells of its slots (26 and 26 cells) were closed and are open again
[final]    18.66s    [Coupler Insertion] chain 1 edge 1->2: a way of 201 cells refused, squeezed at (733,196): 1 wire (26) in 24 cells to the artwork, need 39 (19 + 1 x 20), short by 15
[final]    18.66s    edge of chain 1 from 1 to 2: no way; source (852, 209) heading 2 -> (831, 209) free, target (740, 133) heading 0 -> (740, 154) free | waypoint 1 way (872,213)..(738,443) 251 cells, outer (913,46)..(738,443) 417 cells, target (738,443) | waypoint 2 way (736,133)..(732,204) 294 cells, outer (712,46)..(732,204) 303 cells, target (732,204)
[final]    18.66s    fence for edge c1-1to2: 0 ways (2 neighbours), 0 cells closed
[final]    18.67s    fence for edge c1-1to2: 0 ways (2 neighbours), 0 cells closed
[final]    18.67s    edge c1-1to2: 16 cells of its slots (20 and 26 cells) were closed and are open again
[final]    18.68s    fence for edge c1-1to2: 0 ways (2 neighbours), 0 cells closed
[final]    18.68s    edge c1-1to2: 21 cells of its slots (20 and 26 cells) were closed and are open again
[final]    18.69s    [Coupler Insertion] chain 1 edge 1->2: a way of 206 cells refused, squeezed at (733,196): 1 wire (26) in 24 cells to the artwork, need 39 (19 + 1 x 20), short by 15
[final]    18.69s    edge of chain 1 from 1 to 2: no way; source (854, 207) heading 3 -> (839, 222) free, target (740, 132) heading 0 -> (740, 153) free | waypoint 1 way (858,211)..(738,443) 246 cells, outer (913,46)..(738,443) 417 cells, target (738,443) | waypoint 2 way (736,112)..(732,204) 274 cells, outer (712,46)..(732,204) 303 cells, target (732,204)
[final]    18.70s    fence for edge c1-1to2: 0 ways (2 neighbours), 0 cells closed
[final]    18.70s    edge c1-1to2: 21 cells of its slots (20 and 26 cells) were closed and are open again
[final]    18.71s    [Coupler Insertion] chain 1 edge 1->2: a way of 206 cells refused, squeezed at (733,196): 1 wire (26) in 24 cells to the artwork, need 39 (19 + 1 x 20), short by 15
[final]    18.71s    edge of chain 1 from 1 to 2: no way; source (854, 207) heading 3 -> (839, 222) free, target (740, 132) heading 0 -> (740, 153) free | waypoint 1 way (858,211)..(738,443) 246 cells, outer (913,46)..(738,443) 417 cells, target (738,443) | waypoint 2 way (736,112)..(732,204) 274 cells, outer (712,46)..(732,204) 303 cells, target (732,204)
[final]    18.72s    fence for edge c1-1to2: 0 ways (2 neighbours), 0 cells closed
[final]    18.72s    edge c1-1to2: 40 cells of its slots (20 and 26 cells) were closed and are open again
[final]    18.73s    [Coupler Insertion] chain 1 edge 1->2: a way of 205 cells refused, squeezed at (733,196): 1 wire (26) in 24 cells to the artwork, need 39 (19 + 1 x 20), short by 15
[final]    18.73s    edge of chain 1 from 1 to 2: no way; source (854, 207) heading 3 -> (839, 222) free, target (740, 133) heading 0 -> (740, 154) free | waypoint 1 way (858,211)..(738,443) 246 cells, outer (913,46)..(738,443) 417 cells, target (738,443) | waypoint 2 way (736,133)..(732,204) 294 cells, outer (712,46)..(732,204) 303 cells, target (732,204)
[final]    18.73s    fence for edge c1-1to2: 0 ways (2 neighbours), 0 cells closed
[final]    18.73s    edge c1-1to2: 40 cells of its slots (20 and 26 cells) were closed and are open again
[final]    18.74s    [Coupler Insertion] chain 1 edge 1->2: a way of 205 cells refused, squeezed at (733,196): 1 wire (26) in 24 cells to the artwork, need 39 (19 + 1 x 20), short by 15
[final]    18.74s    edge of chain 1 from 1 to 2: no way; source (854, 207) heading 3 -> (839, 222) free, target (740, 133) heading 0 -> (740, 154) free | waypoint 1 way (858,211)..(738,443) 246 cells, outer (913,46)..(738,443) 417 cells, target (738,443) | waypoint 2 way (736,133)..(732,204) 294 cells, outer (712,46)..(732,204) 303 cells, target (732,204)
[final]    18.75s    fence for edge c1-1to2: 0 ways (2 neighbours), 0 cells closed
[final]    18.75s    edge c1-1to2: 16 cells of its slots (20 and 20 cells) were closed and are open again
[final]    18.75s    fence for edge c1-1to2: 0 ways (2 neighbours), 0 cells closed
[final]    18.75s    edge c1-1to2: 16 cells of its slots (20 and 20 cells) were closed and are open again
[final]    18.76s    fence for edge c1-1to2: 0 ways (2 neighbours), 0 cells closed
[final]    18.77s    fence for edge c1-0to1: 0 ways (1 neighbours), 0 cells closed
[final]    18.77s    edge c1-0to1: 16 cells of its slots (20 and 20 cells) were closed and are open again
[final]    18.77s    fence for edge c1-1to2: 0 ways (2 neighbours), 0 cells closed
[final]    18.78s    [Coupler Insertion] chain 1 edge 1->2: a way of 211 cells refused, squeezed at (784,216): 1 wire (25) in 27 cells to the artwork, need 39 (19 + 1 x 20), short by 12
[final]    18.78s    edge of chain 1 from 1 to 2: no way; source (833, 228) heading 3 -> (818, 243) free, target (732, 86) heading 2 -> (753, 86) free | waypoint 1 way (851,218)..(738,443) 246 cells, outer (913,46)..(738,443) 417 cells, target (738,443) | waypoint 2 way (712,90)..(732,204) 259 cells, outer (712,46)..(732,204) 303 cells, target (732,204)
[final]    18.78s    fence for edge c1-1to2: 0 ways (2 neighbours), 0 cells closed
[final]    18.79s    [Coupler Insertion] chain 1 edge 1->2: a way of 211 cells refused, squeezed at (784,216): 1 wire (25) in 27 cells to the artwork, need 39 (19 + 1 x 20), short by 12
[final]    18.79s    edge of chain 1 from 1 to 2: no way; source (833, 228) heading 3 -> (818, 243) free, target (732, 86) heading 2 -> (753, 86) free | waypoint 1 way (851,218)..(738,443) 246 cells, outer (913,46)..(738,443) 417 cells, target (738,443) | waypoint 2 way (712,90)..(732,204) 259 cells, outer (712,46)..(732,204) 303 cells, target (732,204)
[final]    18.79s    fence for edge c1-1to2: 0 ways (2 neighbours), 0 cells closed
[final]    18.79s    edge c1-1to2: 24 cells of its slots (20 and 26 cells) were closed and are open again
[final]    18.80s    [Coupler Insertion] chain 1 edge 1->2: a way of 211 cells refused, squeezed at (747,177): 1 wire (26) in 24 cells to the artwork, need 39 (19 + 1 x 20), short by 15
[final]    18.80s    edge of chain 1 from 1 to 2: no way; source (833, 228) heading 3 -> (818, 243) free, target (702, 86) heading 2 -> (723, 86) free | waypoint 1 way (851,218)..(738,443) 246 cells, outer (913,46)..(738,443) 417 cells, target (738,443) | waypoint 2 way (702,90)..(732,204) 259 cells, outer (712,46)..(732,204) 303 cells, target (732,204)
[final]    18.80s    fence for edge c1-1to2: 0 ways (2 neighbours), 0 cells closed
[final]    18.80s    edge c1-1to2: 24 cells of its slots (20 and 26 cells) were closed and are open again
[final]    18.81s    [Coupler Insertion] chain 1 edge 1->2: a way of 211 cells refused, squeezed at (747,177): 1 wire (26) in 24 cells to the artwork, need 39 (19 + 1 x 20), short by 15
[final]    18.81s    edge of chain 1 from 1 to 2: no way; source (833, 228) heading 3 -> (818, 243) free, target (702, 86) heading 2 -> (723, 86) free | waypoint 1 way (851,218)..(738,443) 246 cells, outer (913,46)..(738,443) 417 cells, target (738,443) | waypoint 2 way (702,90)..(732,204) 259 cells, outer (712,46)..(732,204) 303 cells, target (732,204)
[final]    18.81s    fence for edge c1-1to2: 0 ways (2 neighbours), 0 cells closed
[final]    18.81s    edge c1-1to2: 5 cells of its slots (20 and 26 cells) were closed and are open again
[final]    18.82s    [Coupler Insertion] chain 1 edge 1->2: a way of 185 cells refused, squeezed at (734,195): 1 wire (26) in 25 cells to the artwork, need 39 (19 + 1 x 20), short by 14
[final]    18.82s    edge of chain 1 from 1 to 2: no way; source (833, 228) heading 3 -> (818, 243) free, target (740, 132) heading 0 -> (740, 153) free | waypoint 1 way (851,218)..(738,443) 246 cells, outer (913,46)..(738,443) 417 cells, target (738,443) | waypoint 2 way (736,112)..(732,204) 274 cells, outer (712,46)..(732,204) 303 cells, target (732,204)
[final]    18.83s    fence for edge c1-1to2: 0 ways (2 neighbours), 0 cells closed
[final]    18.83s    edge c1-1to2: 5 cells of its slots (20 and 26 cells) were closed and are open again
[final]    18.84s    [Coupler Insertion] chain 1 edge 1->2: a way of 185 cells refused, squeezed at (734,195): 1 wire (26) in 25 cells to the artwork, need 39 (19 + 1 x 20), short by 14
[final]    18.84s    edge of chain 1 from 1 to 2: no way; source (833, 228) heading 3 -> (818, 243) free, target (740, 132) heading 0 -> (740, 153) free | waypoint 1 way (851,218)..(738,443) 246 cells, outer (913,46)..(738,443) 417 cells, target (738,443) | waypoint 2 way (736,112)..(732,204) 274 cells, outer (712,46)..(732,204) 303 cells, target (732,204)
[final]    18.84s    fence for edge c1-1to2: 0 ways (2 neighbours), 0 cells closed
[final]    18.84s    edge c1-1to2: 24 cells of its slots (20 and 26 cells) were closed and are open again
[final]    18.85s    [Coupler Insertion] chain 1 edge 1->2: a way of 184 cells refused, squeezed at (734,195): 1 wire (26) in 25 cells to the artwork, need 39 (19 + 1 x 20), short by 14
[final]    18.85s    edge of chain 1 from 1 to 2: no way; source (833, 228) heading 3 -> (818, 243) free, target (740, 133) heading 0 -> (740, 154) free | waypoint 1 way (851,218)..(738,443) 246 cells, outer (913,46)..(738,443) 417 cells, target (738,443) | waypoint 2 way (736,133)..(732,204) 294 cells, outer (712,46)..(732,204) 303 cells, target (732,204)
[final]    18.86s    fence for edge c1-1to2: 0 ways (2 neighbours), 0 cells closed
[final]    18.86s    edge c1-1to2: 24 cells of its slots (20 and 26 cells) were closed and are open again
[final]    18.87s    [Coupler Insertion] chain 1 edge 1->2: a way of 184 cells refused, squeezed at (734,195): 1 wire (26) in 25 cells to the artwork, need 39 (19 + 1 x 20), short by 14
[final]    18.87s    edge of chain 1 from 1 to 2: no way; source (833, 228) heading 3 -> (818, 243) free, target (740, 133) heading 0 -> (740, 154) free | waypoint 1 way (851,218)..(738,443) 246 cells, outer (913,46)..(738,443) 417 cells, target (738,443) | waypoint 2 way (736,133)..(732,204) 294 cells, outer (712,46)..(732,204) 303 cells, target (732,204)
[final]    18.87s    fence for edge c1-1to2: 0 ways (2 neighbours), 0 cells closed
[final]    18.88s    [Coupler Insertion] chain 1 edge 1->2: a way of 147 cells refused, squeezed at (794,222): 1 wire (25) in 29 cells to the artwork, need 39 (19 + 1 x 20), short by 10
[final]    18.88s    edge of chain 1 from 1 to 2: no way; source (833, 228) heading 3 -> (818, 243) free, target (778, 124) heading 1 -> (793, 139) free | waypoint 1 way (851,218)..(738,443) 246 cells, outer (913,46)..(738,443) 417 cells, target (738,443) | waypoint 2 way (760,114)..(732,204) 284 cells, outer (712,46)..(732,204) 303 cells, target (732,204)
[final]    18.88s    fence for edge c1-1to2: 0 ways (2 neighbours), 0 cells closed
[final]    18.88s    [Coupler Insertion] chain 1 edge 1->2: a way of 147 cells refused, squeezed at (794,222): 1 wire (25) in 29 cells to the artwork, need 39 (19 + 1 x 20), short by 10
[final]    18.88s    edge of chain 1 from 1 to 2: no way; source (833, 228) heading 3 -> (818, 243) free, target (778, 124) heading 1 -> (793, 139) free | waypoint 1 way (851,218)..(738,443) 246 cells, outer (913,46)..(738,443) 417 cells, target (738,443) | waypoint 2 way (760,114)..(732,204) 284 cells, outer (712,46)..(732,204) 303 cells, target (732,204)
[final]    18.89s    fence for edge c1-0to1: 0 ways (1 neighbours), 0 cells closed
[final]    18.89s    fence for edge c1-1to2: 0 ways (2 neighbours), 0 cells closed
[final]    18.89s    edge c1-1to2: 24 cells of its slots (26 and 26 cells) were closed and are open again
[final]    18.90s    fence for edge c1-1to2: 0 ways (2 neighbours), 0 cells closed
[final]    18.90s    edge c1-1to2: 48 cells of its slots (26 and 26 cells) were closed and are open again
[final]    18.91s    fence for edge c1-0to1: 0 ways (1 neighbours), 0 cells closed
[final]    18.91s    edge c1-0to1: 24 cells of its slots (20 and 26 cells) were closed and are open again
[final]    18.92s    fence for edge c1-1to2: 0 ways (2 neighbours), 0 cells closed
[final]    18.92s    fence for edge c1-1to2: 0 ways (2 neighbours), 0 cells closed
[final]    18.92s    edge c1-1to2: 24 cells of its slots (26 and 26 cells) were closed and are open again
[final]    18.93s    fence for edge c1-2to3: 0 ways (2 neighbours), 0 cells closed
[final]    18.94s    [Coupler Insertion] chain 1 edge 2->3: a way of 469 cells refused, squeezed at (376,86): 1 wire (29) in 33 cells to the artwork, need 39 (19 + 1 x 20), short by 6
[final]    18.94s    edge of chain 1 from 2 to 3: no way; source (682, 86) heading 2 -> (661, 86) free, target (280, 150) heading 6 -> (259, 150) free | waypoint 2 way (702,90)..(732,204) 259 cells, outer (712,46)..(732,204) 303 cells, target (732,204) | waypoint 3 way (300,146)..(432,260) 244 cells, outer (412,46)..(432,260) 276 cells, target (432,260)
[final]    18.94s    fence for edge c1-2to3: 0 ways (2 neighbours), 0 cells closed
[final]    18.94s    edge c1-2to3: 24 cells of its slots (26 and 26 cells) were closed and are open again
[final]    18.96s    edge of chain 1 from 2 to 3: no way; source (682, 86) heading 2 -> (661, 86) free, target (405, 119) heading 6 -> (384, 119) free | waypoint 2 way (702,90)..(732,204) 259 cells, outer (712,46)..(732,204) 303 cells, target (732,204) | waypoint 3 way (405,115)..(432,260) 299 cells, outer (412,46)..(432,260) 276 cells, target (432,260)
[final]    18.97s    fence for edge c1-2to3: 0 ways (2 neighbours), 0 cells closed
[final]    18.97s    edge c1-2to3: 24 cells of its slots (26 and 26 cells) were closed and are open again
[final]    18.97s    [Coupler Insertion] chain 1 edge 2->3: a way of 469 cells refused, squeezed at (376,86): 1 wire (29) in 33 cells to the artwork, need 39 (19 + 1 x 20), short by 6
[final]    18.97s    edge of chain 1 from 2 to 3: no way; source (682, 86) heading 2 -> (661, 86) free, target (310, 150) heading 6 -> (289, 150) free | waypoint 2 way (702,90)..(732,204) 259 cells, outer (712,46)..(732,204) 303 cells, target (732,204) | waypoint 3 way (310,146)..(432,260) 244 cells, outer (412,46)..(432,260) 276 cells, target (432,260)
[final]    18.97s    fence for edge c1-2to3: 0 ways (2 neighbours), 0 cells closed
[final]    18.97s    edge c1-2to3: 24 cells of its slots (26 and 26 cells) were closed and are open again
[final]    18.98s    [Coupler Insertion] chain 1 edge 2->3: a way of 499 cells refused, squeezed at (376,86): 1 wire (29) in 33 cells to the artwork, need 39 (19 + 1 x 20), short by 6
[final]    18.98s    edge of chain 1 from 2 to 3: no way; source (712, 86) heading 2 -> (691, 86) free, target (280, 150) heading 6 -> (259, 150) free | waypoint 2 way (712,90)..(732,204) 259 cells, outer (712,46)..(732,204) 303 cells, target (732,204) | waypoint 3 way (300,146)..(432,260) 244 cells, outer (412,46)..(432,260) 276 cells, target (432,260)
[final]    18.98s    fence for edge c1-2to3: 0 ways (2 neighbours), 0 cells closed
[final]    18.98s    edge c1-2to3: 48 cells of its slots (26 and 26 cells) were closed and are open again
[final]    19.00s    edge of chain 1 from 2 to 3: no way; source (712, 86) heading 2 -> (691, 86) free, target (405, 119) heading 6 -> (384, 119) free | waypoint 2 way (712,90)..(732,204) 259 cells, outer (712,46)..(732,204) 303 cells, target (732,204) | waypoint 3 way (405,115)..(432,260) 299 cells, outer (412,46)..(432,260) 276 cells, target (432,260)
[final]    19.01s    fence for edge c1-2to3: 0 ways (2 neighbours), 0 cells closed
[final]    19.01s    edge c1-2to3: 48 cells of its slots (26 and 26 cells) were closed and are open again
[final]    19.01s    [Coupler Insertion] chain 1 edge 2->3: a way of 499 cells refused, squeezed at (376,86): 1 wire (29) in 33 cells to the artwork, need 39 (19 + 1 x 20), short by 6
[final]    19.01s    edge of chain 1 from 2 to 3: no way; source (712, 86) heading 2 -> (691, 86) free, target (310, 150) heading 6 -> (289, 150) free | waypoint 2 way (712,90)..(732,204) 259 cells, outer (712,46)..(732,204) 303 cells, target (732,204) | waypoint 3 way (310,146)..(432,260) 244 cells, outer (412,46)..(432,260) 276 cells, target (432,260)
[final]    19.02s    fence for edge c1-2to3: 0 ways (2 neighbours), 0 cells closed
[final]    19.02s    edge c1-2to3: 16 cells of its slots (20 and 20 cells) were closed and are open again
[final]    19.02s    [Coupler Insertion] chain 1 edge 2->3: a way of 521 cells refused, squeezed at (375,93): 1 wire (29) in 25 cells to the artwork, need 39 (19 + 1 x 20), short by 14
[final]    19.02s    edge of chain 1 from 2 to 3: no way; source (764, 110) heading 1 -> (749, 95) free, target (286, 126) heading 5 -> (271, 111) free | waypoint 2 way (760,114)..(732,204) 284 cells, outer (712,46)..(732,204) 303 cells, target (732,204) | waypoint 3 way (304,136)..(432,260) 205 cells, outer (412,46)..(432,260) 276 cells, target (432,260)
[final]    19.02s    fence for edge c1-2to3: 0 ways (2 neighbours), 0 cells closed
[final]    19.02s    edge c1-2to3: 16 cells of its slots (20 and 20 cells) were closed and are open again
[final]    19.05s    [Coupler Insertion] chain 1 edge 2->3: a way of 561 cells refused, squeezed at (375,81): 1 wire (29) in 37 cells to the artwork, need 39 (19 + 1 x 20), short by 2
[final]    19.05s    edge of chain 1 from 2 to 3: no way; source (764, 110) heading 1 -> (749, 95) free, target (259, 106) heading 5 -> (244, 91) free | waypoint 2 way (760,114)..(732,204) 284 cells, outer (712,46)..(732,204) 303 cells, target (732,204) | waypoint 3 way (277,116)..(432,260) 234 cells, outer (412,46)..(432,260) 276 cells, target (432,260)
[final]    19.05s    fence for edge c1-2to3: 0 ways (2 neighbours), 0 cells closed
[final]    19.05s    edge c1-2to3: 32 cells of its slots (20 and 20 cells) were closed and are open again
[final]    19.05s    [Coupler Insertion] chain 1 edge 2->3: a way of 500 cells refused, squeezed at (375,93): 1 wire (29) in 25 cells to the artwork, need 39 (19 + 1 x 20), short by 14
[final]    19.05s    edge of chain 1 from 2 to 3: no way; source (764, 110) heading 1 -> (749, 95) free, target (307, 147) heading 5 -> (292, 132) free | waypoint 2 way (760,114)..(732,204) 284 cells, outer (712,46)..(732,204) 303 cells, target (732,204) | waypoint 3 way (311,143)..(432,260) 205 cells, outer (412,46)..(432,260) 276 cells, target (432,260)
[final]    19.06s    fence for edge c1-2to3: 0 ways (2 neighbours), 0 cells closed
[final]    19.06s    edge c1-2to3: 32 cells of its slots (20 and 20 cells) were closed and are open again
[final]    19.07s    [Coupler Insertion] chain 1 edge 2->3: a way of 531 cells refused, squeezed at (375,81): 1 wire (29) in 37 cells to the artwork, need 39 (19 + 1 x 20), short by 2
[final]    19.07s    edge of chain 1 from 2 to 3: no way; source (764, 110) heading 1 -> (749, 95) free, target (280, 127) heading 5 -> (265, 112) free | waypoint 2 way (760,114)..(732,204) 284 cells, outer (712,46)..(732,204) 303 cells, target (732,204) | waypoint 3 way (284,123)..(432,260) 234 cells, outer (412,46)..(432,260) 276 cells, target (432,260)
[final]    19.07s    fence for edge c1-1to2: 0 ways (2 neighbours), 0 cells closed
[final]    19.07s    edge c1-1to2: 29 cells of its slots (26 and 20 cells) were closed and are open again
[final]    19.10s    fence for edge c1-1to2: 0 ways (2 neighbours), 0 cells closed
[final]    19.10s    edge c1-1to2: 29 cells of its slots (26 and 20 cells) were closed and are open again
[final]    19.11s    fence for edge c1-2to3: 0 ways (2 neighbours), 0 cells closed
[final]    19.11s    edge c1-2to3: 16 cells of its slots (20 and 26 cells) were closed and are open again
[final]    19.11s    edge of chain 1 from 2 to 3: no way; source (762, 117) heading 7 -> (777, 102) free, target (332, 86) heading 2 -> (353, 86) free | waypoint 2 way (758,113)..(732,204) 298 cells, outer (712,46)..(732,204) 303 cells, target (732,204) | waypoint 3 way (312,90)..(432,260) 242 cells, outer (412,46)..(432,260) 276 cells, target (432,260)
[final]    19.12s    fence for edge c1-2to3: 0 ways (2 neighbours), 0 cells closed
[final]    19.12s    edge c1-2to3: 40 cells of its slots (20 and 26 cells) were closed and are open again
[final]    19.12s    edge of chain 1 from 2 to 3: no way; source (762, 117) heading 7 -> (777, 102) free, target (302, 86) heading 2 -> (323, 86) free | waypoint 2 way (758,113)..(732,204) 298 cells, outer (712,46)..(732,204) 303 cells, target (732,204) | waypoint 3 way (302,90)..(432,260) 242 cells, outer (412,46)..(432,260) 276 cells, target (432,260)
[final]    19.12s    fence for edge c1-2to3: 0 ways (2 neighbours), 0 cells closed
[final]    19.12s    edge c1-2to3: 16 cells of its slots (20 and 20 cells) were closed and are open again
[final]    19.13s    edge of chain 1 from 2 to 3: no way; source (762, 117) heading 7 -> (777, 102) free, target (307, 106) heading 3 -> (322, 91) free | waypoint 2 way (758,113)..(732,204) 298 cells, outer (712,46)..(732,204) 303 cells, target (732,204) | waypoint 3 way (297,124)..(432,260) 221 cells, outer (412,46)..(432,260) 276 cells, target (432,260)
[final]    19.13s    fence for edge c1-2to3: 0 ways (2 neighbours), 0 cells closed
[final]    19.13s    edge c1-2to3: 32 cells of its slots (20 and 20 cells) were closed and are open again
[final]    19.13s    edge of chain 1 from 2 to 3: no way; source (762, 117) heading 7 -> (777, 102) free, target (312, 106) heading 3 -> (327, 91) free | waypoint 2 way (758,113)..(732,204) 298 cells, outer (712,46)..(732,204) 303 cells, target (732,204) | waypoint 3 way (316,110)..(432,260) 193 cells, outer (412,46)..(432,260) 276 cells, target (432,260)
[final]    19.14s    fence for edge c1-2to3: 0 ways (2 neighbours), 0 cells closed
[final]    19.14s    edge c1-2to3: 32 cells of its slots (20 and 20 cells) were closed and are open again
[final]    19.14s    edge of chain 1 from 2 to 3: no way; source (762, 117) heading 7 -> (777, 102) free, target (273, 114) heading 3 -> (288, 99) free | waypoint 2 way (758,113)..(732,204) 298 cells, outer (712,46)..(732,204) 303 cells, target (732,204) | waypoint 3 way (277,118)..(432,260) 234 cells, outer (412,46)..(432,260) 276 cells, target (432,260)
[final]    19.14s    fence for edge c1-2to3: 0 ways (2 neighbours), 0 cells closed
[final]    19.14s    edge c1-2to3: 16 cells of its slots (20 and 26 cells) were closed and are open again
[final]    19.15s    edge of chain 1 from 2 to 3: no way; source (762, 117) heading 7 -> (777, 102) free, target (322, 112) heading 4 -> (322, 91) free | waypoint 2 way (758,113)..(732,204) 298 cells, outer (712,46)..(732,204) 303 cells, target (732,204) | waypoint 3 way (326,132)..(432,260) 190 cells, outer (412,46)..(432,260) 276 cells, target (432,260)
[final]    19.15s    fence for edge c1-2to3: 0 ways (2 neighbours), 0 cells closed
[final]    19.15s    edge c1-2to3: 16 cells of its slots (20 and 26 cells) were closed and are open again
[final]    19.15s    edge of chain 1 from 2 to 3: no way; source (762, 117) heading 7 -> (777, 102) free, target (297, 117) heading 4 -> (297, 96) free | waypoint 2 way (758,113)..(732,204) 298 cells, outer (712,46)..(732,204) 303 cells, target (732,204) | waypoint 3 way (301,137)..(432,260) 244 cells, outer (412,46)..(432,260) 276 cells, target (432,260)
[final]    19.16s    fence for edge c1-2to3: 0 ways (2 neighbours), 0 cells closed
[final]    19.16s    edge c1-2to3: 40 cells of its slots (20 and 26 cells) were closed and are open again
[final]    19.16s    edge of chain 1 from 2 to 3: no way; source (762, 117) heading 7 -> (777, 102) free, target (302, 122) heading 4 -> (302, 101) free | waypoint 2 way (758,113)..(732,204) 298 cells, outer (712,46)..(732,204) 303 cells, target (732,204) | waypoint 3 way (306,122)..(432,260) 210 cells, outer (412,46)..(432,260) 276 cells, target (432,260)
[final]    19.16s    fence for edge c1-2to3: 0 ways (2 neighbours), 0 cells closed
[final]    19.16s    edge c1-2to3: 40 cells of its slots (20 and 26 cells) were closed and are open again
[final]    19.17s    edge of chain 1 from 2 to 3: no way; source (762, 117) heading 7 -> (777, 102) free, target (297, 147) heading 4 -> (297, 126) free | waypoint 2 way (758,113)..(732,204) 298 cells, outer (712,46)..(732,204) 303 cells, target (732,204) | waypoint 3 way (301,147)..(432,260) 244 cells, outer (412,46)..(432,260) 276 cells, target (432,260)
[final]    19.17s    fence for edge c1-1to2: 0 ways (2 neighbours), 0 cells closed
[final]    19.17s    edge c1-1to2: 40 cells of its slots (26 and 20 cells) were closed and are open again
[final]    19.18s    [Coupler Insertion] chain 1 edge 1->2: a way of 186 cells refused, squeezed at (784,194): 1 wire (25) in 28 cells to the artwork, need 39 (19 + 1 x 20), short by 11
[final]    19.18s    edge of chain 1 from 1 to 2: no way; source (882, 209) heading 2 -> (861, 209) free, target (742, 120) heading 7 -> (727, 135) free | waypoint 1 way (882,213)..(738,443) 251 cells, outer (913,46)..(738,443) 417 cells, target (738,443) | waypoint 2 way (738,116)..(732,204) 279 cells, outer (712,46)..(732,204) 303 cells, target (732,204)
[final]    19.18s    fence for edge c1-1to2: 0 ways (2 neighbours), 0 cells closed
[final]    19.18s    edge c1-1to2: 40 cells of its slots (26 and 20 cells) were closed and are open again
[final]    19.19s    [Coupler Insertion] chain 1 edge 1->2: a way of 186 cells refused, squeezed at (784,194): 1 wire (25) in 28 cells to the artwork, need 39 (19 + 1 x 20), short by 11
[final]    19.19s    edge of chain 1 from 1 to 2: no way; source (882, 209) heading 2 -> (861, 209) free, target (742, 120) heading 7 -> (727, 135) free | waypoint 1 way (882,213)..(738,443) 251 cells, outer (913,46)..(738,443) 417 cells, target (738,443) | waypoint 2 way (738,116)..(732,204) 279 cells, outer (712,46)..(732,204) 303 cells, target (732,204)
[final]    19.19s    fence for edge c1-1to2: 0 ways (2 neighbours), 0 cells closed
[final]    19.19s    edge c1-1to2: 5 cells of its slots (26 and 20 cells) were closed and are open again
[final]    19.21s    fence for edge c1-1to2: 0 ways (2 neighbours), 0 cells closed
[final]    19.21s    edge c1-1to2: 5 cells of its slots (26 and 20 cells) were closed and are open again
[final]    19.22s    fence for edge c1-1to2: 0 ways (2 neighbours), 0 cells closed
[final]    19.22s    edge c1-1to2: 16 cells of its slots (26 and 20 cells) were closed and are open again
[final]    19.23s    [Coupler Insertion] chain 1 edge 1->2: a way of 156 cells refused, squeezed at (784,194): 1 wire (25) in 28 cells to the artwork, need 39 (19 + 1 x 20), short by 11
[final]    19.23s    edge of chain 1 from 1 to 2: no way; source (852, 209) heading 2 -> (831, 209) free, target (742, 120) heading 7 -> (727, 135) free | waypoint 1 way (872,213)..(738,443) 251 cells, outer (913,46)..(738,443) 417 cells, target (738,443) | waypoint 2 way (738,116)..(732,204) 279 cells, outer (712,46)..(732,204) 303 cells, target (732,204)
[final]    19.23s    fence for edge c1-1to2: 0 ways (2 neighbours), 0 cells closed
[final]    19.23s    edge c1-1to2: 16 cells of its slots (26 and 20 cells) were closed and are open again
[final]    19.24s    [Coupler Insertion] chain 1 edge 1->2: a way of 156 cells refused, squeezed at (784,194): 1 wire (25) in 28 cells to the artwork, need 39 (19 + 1 x 20), short by 11
[final]    19.24s    edge of chain 1 from 1 to 2: no way; source (852, 209) heading 2 -> (831, 209) free, target (742, 120) heading 7 -> (727, 135) free | waypoint 1 way (872,213)..(738,443) 251 cells, outer (913,46)..(738,443) 417 cells, target (738,443) | waypoint 2 way (738,116)..(732,204) 279 cells, outer (712,46)..(732,204) 303 cells, target (732,204)
[final]    19.24s    fence for edge c1-1to2: 0 ways (2 neighbours), 0 cells closed
[final]    19.24s    edge c1-1to2: 21 cells of its slots (20 and 20 cells) were closed and are open again
[final]    19.26s    edge of chain 1 from 1 to 2: no way; source (854, 207) heading 3 -> (839, 222) free, target (721, 135) heading 7 -> (706, 150) free | waypoint 1 way (858,211)..(738,443) 246 cells, outer (913,46)..(738,443) 417 cells, target (738,443) | waypoint 2 way (731,117)..(732,204) 285 cells, outer (712,46)..(732,204) 303 cells, target (732,204)
[final]    19.26s    fence for edge c1-1to2: 0 ways (2 neighbours), 0 cells closed
[final]    19.26s    edge c1-1to2: 21 cells of its slots (20 and 20 cells) were closed and are open again
[final]    19.29s    edge of chain 1 from 1 to 2: no way; source (854, 207) heading 3 -> (839, 222) free, target (721, 135) heading 7 -> (706, 150) free | waypoint 1 way (858,211)..(738,443) 246 cells, outer (913,46)..(738,443) 417 cells, target (738,443) | waypoint 2 way (731,117)..(732,204) 285 cells, outer (712,46)..(732,204) 303 cells, target (732,204)
[final]    19.29s    fence for edge c1-1to2: 0 ways (2 neighbours), 0 cells closed
[final]    19.29s    edge c1-1to2: 21 cells of its slots (20 and 20 cells) were closed and are open again
[final]    19.31s    fence for edge c1-1to2: 0 ways (2 neighbours), 0 cells closed
[final]    19.31s    edge c1-1to2: 32 cells of its slots (20 and 20 cells) were closed and are open again
[final]    19.32s    fence for edge c1-1to2: 0 ways (2 neighbours), 0 cells closed
[final]    19.32s    edge c1-1to2: 21 cells of its slots (20 and 26 cells) were closed and are open again
[final]    19.34s    [Coupler Insertion] chain 1 edge 1->2: a way of 259 cells refused, squeezed at (736,206): 1 wire (26) in 18 cells to the artwork, need 39 (19 + 1 x 20), short by 21
[final]    19.34s    edge of chain 1 from 1 to 2: no way; source (907, 214) heading 1 -> (892, 199) free, target (740, 132) heading 0 -> (740, 153) free | waypoint 1 way (903,218)..(738,443) 246 cells, outer (913,46)..(738,443) 417 cells, target (738,443) | waypoint 2 way (736,112)..(732,204) 274 cells, outer (712,46)..(732,204) 303 cells, target (732,204)
[final]    19.34s    fence for edge c1-1to2: 0 ways (2 neighbours), 0 cells closed
[final]    19.34s    edge c1-1to2: 21 cells of its slots (20 and 26 cells) were closed and are open again
[final]    19.36s    [Coupler Insertion] chain 1 edge 1->2: a way of 259 cells refused, squeezed at (736,206): 1 wire (26) in 18 cells to the artwork, need 39 (19 + 1 x 20), short by 21
[final]    19.36s    edge of chain 1 from 1 to 2: no way; source (907, 214) heading 1 -> (892, 199) free, target (740, 132) heading 0 -> (740, 153) free | waypoint 1 way (903,218)..(738,443) 246 cells, outer (913,46)..(738,443) 417 cells, target (738,443) | waypoint 2 way (736,112)..(732,204) 274 cells, outer (712,46)..(732,204) 303 cells, target (732,204)
[final]    19.37s    fence for edge c1-1to2: 0 ways (2 neighbours), 0 cells closed
[final]    19.37s    edge c1-1to2: 40 cells of its slots (20 and 26 cells) were closed and are open again
[final]    19.38s    [Coupler Insertion] chain 1 edge 1->2: a way of 258 cells refused, squeezed at (736,206): 1 wire (26) in 18 cells to the artwork, need 39 (19 + 1 x 20), short by 21
[final]    19.38s    edge of chain 1 from 1 to 2: no way; source (907, 214) heading 1 -> (892, 199) free, target (740, 133) heading 0 -> (740, 154) free | waypoint 1 way (903,218)..(738,443) 246 cells, outer (913,46)..(738,443) 417 cells, target (738,443) | waypoint 2 way (736,133)..(732,204) 294 cells, outer (712,46)..(732,204) 303 cells, target (732,204)
[final]    19.38s    fence for edge c1-1to2: 0 ways (2 neighbours), 0 cells closed
[final]    19.39s    edge c1-1to2: 40 cells of its slots (20 and 26 cells) were closed and are open again
[final]    19.40s    [Coupler Insertion] chain 1 edge 1->2: a way of 258 cells refused, squeezed at (736,206): 1 wire (26) in 18 cells to the artwork, need 39 (19 + 1 x 20), short by 21
[final]    19.40s    edge of chain 1 from 1 to 2: no way; source (907, 214) heading 1 -> (892, 199) free, target (740, 133) heading 0 -> (740, 154) free | waypoint 1 way (903,218)..(738,443) 246 cells, outer (913,46)..(738,443) 417 cells, target (738,443) | waypoint 2 way (736,133)..(732,204) 294 cells, outer (712,46)..(732,204) 303 cells, target (732,204)
[final]    19.40s    fence for edge c1-1to2: 0 ways (2 neighbours), 0 cells closed
[final]    19.40s    edge c1-1to2: 5 cells of its slots (20 and 26 cells) were closed and are open again
[final]    19.42s    [Coupler Insertion] chain 1 edge 1->2: a way of 238 cells refused, squeezed at (736,207): 1 wire (26) in 18 cells to the artwork, need 39 (19 + 1 x 20), short by 21
[final]    19.42s    edge of chain 1 from 1 to 2: no way; source (886, 193) heading 1 -> (871, 178) free, target (740, 132) heading 0 -> (740, 153) free | waypoint 1 way (896,211)..(738,443) 246 cells, outer (913,46)..(738,443) 417 cells, target (738,443) | waypoint 2 way (736,112)..(732,204) 274 cells, outer (712,46)..(732,204) 303 cells, target (732,204)
[final]    19.43s    fence for edge c1-1to2: 0 ways (2 neighbours), 0 cells closed
[final]    19.43s    edge c1-1to2: 5 cells of its slots (20 and 26 cells) were closed and are open again
[final]    19.44s    [Coupler Insertion] chain 1 edge 1->2: a way of 238 cells refused, squeezed at (736,207): 1 wire (26) in 18 cells to the artwork, need 39 (19 + 1 x 20), short by 21
[final]    19.44s    edge of chain 1 from 1 to 2: no way; source (886, 193) heading 1 -> (871, 178) free, target (740, 132) heading 0 -> (740, 153) free | waypoint 1 way (896,211)..(738,443) 246 cells, outer (913,46)..(738,443) 417 cells, target (738,443) | waypoint 2 way (736,112)..(732,204) 274 cells, outer (712,46)..(732,204) 303 cells, target (732,204)
[final]    19.45s    fence for edge c1-1to2: 0 ways (2 neighbours), 0 cells closed
[final]    19.45s    edge c1-1to2: 24 cells of its slots (20 and 26 cells) were closed and are open again
[final]    19.46s    [Coupler Insertion] chain 1 edge 1->2: a way of 237 cells refused, squeezed at (736,207): 1 wire (26) in 18 cells to the artwork, need 39 (19 + 1 x 20), short by 21
[final]    19.46s    edge of chain 1 from 1 to 2: no way; source (886, 193) heading 1 -> (871, 178) free, target (740, 133) heading 0 -> (740, 154) free | waypoint 1 way (896,211)..(738,443) 246 cells, outer (913,46)..(738,443) 417 cells, target (738,443) | waypoint 2 way (736,133)..(732,204) 294 cells, outer (712,46)..(732,204) 303 cells, target (732,204)
[final]    19.46s    fence for edge c1-1to2: 0 ways (2 neighbours), 0 cells closed
[final]    19.46s    edge c1-1to2: 24 cells of its slots (20 and 26 cells) were closed and are open again
[final]    19.48s    [Coupler Insertion] chain 1 edge 1->2: a way of 237 cells refused, squeezed at (736,207): 1 wire (26) in 18 cells to the artwork, need 39 (19 + 1 x 20), short by 21
[final]    19.48s    edge of chain 1 from 1 to 2: no way; source (886, 193) heading 1 -> (871, 178) free, target (740, 133) heading 0 -> (740, 154) free | waypoint 1 way (896,211)..(738,443) 246 cells, outer (913,46)..(738,443) 417 cells, target (738,443) | waypoint 2 way (736,133)..(732,204) 294 cells, outer (712,46)..(732,204) 303 cells, target (732,204)
[final]    19.48s    fence for edge c1-1to2: 0 ways (2 neighbours), 0 cells closed
[final]    19.48s    edge c1-1to2: 5 cells of its slots (20 and 20 cells) were closed and are open again
[final]    19.50s    [Coupler Insertion] chain 1 edge 1->2: a way of 202 cells refused, squeezed at (784,216): 1 wire (25) in 27 cells to the artwork, need 39 (19 + 1 x 20), short by 12
[final]    19.50s    edge of chain 1 from 1 to 2: no way; source (833, 228) heading 3 -> (818, 243) free, target (721, 135) heading 7 -> (706, 150) free | waypoint 1 way (851,218)..(738,443) 246 cells, outer (913,46)..(738,443) 417 cells, target (738,443) | waypoint 2 way (731,117)..(732,204) 285 cells, outer (712,46)..(732,204) 303 cells, target (732,204)
[final]    19.51s    fence for edge c1-1to2: 0 ways (2 neighbours), 0 cells closed
[final]    19.51s    edge c1-1to2: 5 cells of its slots (20 and 20 cells) were closed and are open again
[final]    19.53s    [Coupler Insertion] chain 1 edge 1->2: a way of 202 cells refused, squeezed at (784,216): 1 wire (25) in 27 cells to the artwork, need 39 (19 + 1 x 20), short by 12
[final]    19.53s    edge of chain 1 from 1 to 2: no way; source (833, 228) heading 3 -> (818, 243) free, target (721, 135) heading 7 -> (706, 150) free | waypoint 1 way (851,218)..(738,443) 246 cells, outer (913,46)..(738,443) 417 cells, target (738,443) | waypoint 2 way (731,117)..(732,204) 285 cells, outer (712,46)..(732,204) 303 cells, target (732,204)
[final]    19.54s    fence for edge c1-1to2: 0 ways (2 neighbours), 0 cells closed
[final]    19.54s    edge c1-1to2: 5 cells of its slots (20 and 20 cells) were closed and are open again
[final]    19.55s    [Coupler Insertion] chain 1 edge 1->2: a way of 187 cells refused, squeezed at (784,216): 1 wire (25) in 27 cells to the artwork, need 39 (19 + 1 x 20), short by 12
[final]    19.55s    edge of chain 1 from 1 to 2: no way; source (833, 228) heading 3 -> (818, 243) free, target (748, 131) heading 7 -> (733, 146) free | waypoint 1 way (851,218)..(738,443) 246 cells, outer (913,46)..(738,443) 417 cells, target (738,443) | waypoint 2 way (758,113)..(732,204) 298 cells, outer (712,46)..(732,204) 303 cells, target (732,204)
[final]    19.55s    fence for edge c1-1to2: 0 ways (2 neighbours), 0 cells closed
[final]    19.55s    edge c1-1to2: 5 cells of its slots (20 and 20 cells) were closed and are open again
[final]    19.57s    [Coupler Insertion] chain 1 edge 1->2: a way of 187 cells refused, squeezed at (784,216): 1 wire (25) in 27 cells to the artwork, need 39 (19 + 1 x 20), short by 12
[final]    19.57s    edge of chain 1 from 1 to 2: no way; source (833, 228) heading 3 -> (818, 243) free, target (748, 131) heading 7 -> (733, 146) free | waypoint 1 way (851,218)..(738,443) 246 cells, outer (913,46)..(738,443) 417 cells, target (738,443) | waypoint 2 way (758,113)..(732,204) 298 cells, outer (712,46)..(732,204) 303 cells, target (732,204)
[final]    19.57s    fence for edge c1-1to2: 0 ways (2 neighbours), 0 cells closed
[final]    19.57s    edge c1-1to2: 16 cells of its slots (20 and 20 cells) were closed and are open again
[final]    19.58s    [Coupler Insertion] chain 1 edge 1->2: a way of 161 cells refused, squeezed at (747,177): 1 wire (26) in 24 cells to the artwork, need 39 (19 + 1 x 20), short by 15
[final]    19.58s    edge of chain 1 from 1 to 2: no way; source (833, 228) heading 3 -> (818, 243) free, target (742, 120) heading 7 -> (727, 135) free | waypoint 1 way (851,218)..(738,443) 246 cells, outer (913,46)..(738,443) 417 cells, target (738,443) | waypoint 2 way (738,116)..(732,204) 279 cells, outer (712,46)..(732,204) 303 cells, target (732,204)
[final]    19.58s    fence for edge c1-1to2: 0 ways (2 neighbours), 0 cells closed
[final]    19.58s    edge c1-1to2: 16 cells of its slots (20 and 20 cells) were closed and are open again
[final]    19.60s    [Coupler Insertion] chain 1 edge 1->2: a way of 161 cells refused, squeezed at (747,177): 1 wire (26) in 24 cells to the artwork, need 39 (19 + 1 x 20), short by 15
[final]    19.60s    edge of chain 1 from 1 to 2: no way; source (833, 228) heading 3 -> (818, 243) free, target (742, 120) heading 7 -> (727, 135) free | waypoint 1 way (851,218)..(738,443) 246 cells, outer (913,46)..(738,443) 417 cells, target (738,443) | waypoint 2 way (738,116)..(732,204) 279 cells, outer (712,46)..(732,204) 303 cells, target (732,204)
[final]    19.60s    fence for edge c1-1to2: 0 ways (2 neighbours), 0 cells closed
[final]    19.60s    edge c1-1to2: 24 cells of its slots (26 and 20 cells) were closed and are open again
[final]    19.61s    fence for edge c1-1to2: 0 ways (2 neighbours), 0 cells closed
[final]    19.62s    fence for edge c1-0to1: 0 ways (1 neighbours), 0 cells closed
[final]    19.62s    fence for edge c1-1to2: 0 ways (2 neighbours), 0 cells closed
[final]    19.62s    edge c1-1to2: 24 cells of its slots (26 and 26 cells) were closed and are open again
[final]    19.63s    [Coupler Insertion] chain 1 edge 1->2: a way of 243 cells refused, squeezed at (785,202): 1 wire (25) in 28 cells to the artwork, need 39 (19 + 1 x 20), short by 11
[final]    19.63s    edge of chain 1 from 1 to 2: no way; source (849, 232) heading 4 -> (849, 253) free, target (732, 86) heading 2 -> (753, 86) free | waypoint 1 way (853,232)..(738,443) 251 cells, outer (913,46)..(738,443) 417 cells, target (738,443) | waypoint 2 way (712,90)..(732,204) 259 cells, outer (712,46)..(732,204) 303 cells, target (732,204)
[final]    19.63s    fence for edge c1-1to2: 0 ways (2 neighbours), 0 cells closed
[final]    19.63s    edge c1-1to2: 24 cells of its slots (26 and 26 cells) were closed and are open again
[final]    19.64s    [Coupler Insertion] chain 1 edge 1->2: a way of 243 cells refused, squeezed at (785,202): 1 wire (25) in 28 cells to the artwork, need 39 (19 + 1 x 20), short by 11
[final]    19.64s    edge of chain 1 from 1 to 2: no way; source (849, 232) heading 4 -> (849, 253) free, target (732, 86) heading 2 -> (753, 86) free | waypoint 1 way (853,232)..(738,443) 251 cells, outer (913,46)..(738,443) 417 cells, target (738,443) | waypoint 2 way (712,90)..(732,204) 259 cells, outer (712,46)..(732,204) 303 cells, target (732,204)
[final]    19.64s    fence for edge c1-1to2: 0 ways (2 neighbours), 0 cells closed
[final]    19.64s    edge c1-1to2: 48 cells of its slots (26 and 26 cells) were closed and are open again
[final]    19.65s    [Coupler Insertion] chain 1 edge 1->2: a way of 243 cells refused, squeezed at (785,202): 1 wire (25) in 28 cells to the artwork, need 39 (19 + 1 x 20), short by 11
[final]    19.65s    edge of chain 1 from 1 to 2: no way; source (849, 232) heading 4 -> (849, 253) free, target (702, 86) heading 2 -> (723, 86) free | waypoint 1 way (853,232)..(738,443) 251 cells, outer (913,46)..(738,443) 417 cells, target (738,443) | waypoint 2 way (702,90)..(732,204) 259 cells, outer (712,46)..(732,204) 303 cells, target (732,204)
[final]    19.65s    fence for edge c1-1to2: 0 ways (2 neighbours), 0 cells closed
[final]    19.65s    edge c1-1to2: 48 cells of its slots (26 and 26 cells) were closed and are open again
[final]    19.66s    [Coupler Insertion] chain 1 edge 1->2: a way of 243 cells refused, squeezed at (785,202): 1 wire (25) in 28 cells to the artwork, need 39 (19 + 1 x 20), short by 11
[final]    19.66s    edge of chain 1 from 1 to 2: no way; source (849, 232) heading 4 -> (849, 253) free, target (702, 86) heading 2 -> (723, 86) free | waypoint 1 way (853,232)..(738,443) 251 cells, outer (913,46)..(738,443) 417 cells, target (738,443) | waypoint 2 way (702,90)..(732,204) 259 cells, outer (712,46)..(732,204) 303 cells, target (732,204)
[final]    19.66s    fence for edge c1-1to2: 0 ways (2 neighbours), 0 cells closed
[final]    19.66s    edge c1-1to2: 29 cells of its slots (26 and 26 cells) were closed and are open again
[final]    19.68s    [Coupler Insertion] chain 1 edge 1->2: a way of 232 cells refused, squeezed at (733,196): 1 wire (26) in 24 cells to the artwork, need 39 (19 + 1 x 20), short by 15
[final]    19.68s    edge of chain 1 from 1 to 2: no way; source (849, 232) heading 4 -> (849, 253) free, target (740, 132) heading 0 -> (740, 153) free | waypoint 1 way (853,232)..(738,443) 251 cells, outer (913,46)..(738,443) 417 cells, target (738,443) | waypoint 2 way (736,112)..(732,204) 274 cells, outer (712,46)..(732,204) 303 cells, target (732,204)
[final]    19.68s    fence for edge c1-1to2: 0 ways (2 neighbours), 0 cells closed
[final]    19.68s    edge c1-1to2: 29 cells of its slots (26 and 26 cells) were closed and are open again
[final]    19.69s    [Coupler Insertion] chain 1 edge 1->2: a way of 232 cells refused, squeezed at (733,196): 1 wire (26) in 24 cells to the artwork, need 39 (19 + 1 x 20), short by 15
[final]    19.69s    edge of chain 1 from 1 to 2: no way; source (849, 232) heading 4 -> (849, 253) free, target (740, 132) heading 0 -> (740, 153) free | waypoint 1 way (853,232)..(738,443) 251 cells, outer (913,46)..(738,443) 417 cells, target (738,443) | waypoint 2 way (736,112)..(732,204) 274 cells, outer (712,46)..(732,204) 303 cells, target (732,204)
[final]    19.70s    fence for edge c1-1to2: 0 ways (2 neighbours), 0 cells closed
[final]    19.70s    edge c1-1to2: 48 cells of its slots (26 and 26 cells) were closed and are open again
[final]    19.71s    [Coupler Insertion] chain 1 edge 1->2: a way of 231 cells refused, squeezed at (733,196): 1 wire (26) in 24 cells to the artwork, need 39 (19 + 1 x 20), short by 15
[final]    19.71s    edge of chain 1 from 1 to 2: no way; source (849, 232) heading 4 -> (849, 253) free, target (740, 133) heading 0 -> (740, 154) free | waypoint 1 way (853,232)..(738,443) 251 cells, outer (913,46)..(738,443) 417 cells, target (738,443) | waypoint 2 way (736,133)..(732,204) 294 cells, outer (712,46)..(732,204) 303 cells, target (732,204)
[final]    19.71s    fence for edge c1-1to2: 0 ways (2 neighbours), 0 cells closed
[final]    19.71s    edge c1-1to2: 48 cells of its slots (26 and 26 cells) were closed and are open again
[final]    19.73s    [Coupler Insertion] chain 1 edge 1->2: a way of 231 cells refused, squeezed at (733,196): 1 wire (26) in 24 cells to the artwork, need 39 (19 + 1 x 20), short by 15
[final]    19.73s    edge of chain 1 from 1 to 2: no way; source (849, 232) heading 4 -> (849, 253) free, target (740, 133) heading 0 -> (740, 154) free | waypoint 1 way (853,232)..(738,443) 251 cells, outer (913,46)..(738,443) 417 cells, target (738,443) | waypoint 2 way (736,133)..(732,204) 294 cells, outer (712,46)..(732,204) 303 cells, target (732,204)
[final]    19.73s    fence for edge c1-1to2: 0 ways (2 neighbours), 0 cells closed
[final]    19.73s    edge c1-1to2: 24 cells of its slots (26 and 20 cells) were closed and are open again
[final]    19.74s    fence for edge c1-0to1: 0 ways (1 neighbours), 0 cells closed
[final]    19.74s    edge c1-0to1: 24 cells of its slots (20 and 26 cells) were closed and are open again
[final]    19.74s    fence for edge c1-1to2: 0 ways (2 neighbours), 0 cells closed
[final]    19.75s    [Coupler Insertion] chain 1 edge 1->2: a way of 271 cells refused, squeezed at (785,232): 1 wire (25) in 28 cells to the artwork, need 39 (19 + 1 x 20), short by 11
[final]    19.75s    edge of chain 1 from 1 to 2: no way; source (849, 262) heading 4 -> (849, 283) free, target (732, 86) heading 2 -> (753, 86) free | waypoint 1 way (853,242)..(738,443) 251 cells, outer (913,46)..(738,443) 417 cells, target (738,443) | waypoint 2 way (712,90)..(732,204) 259 cells, outer (712,46)..(732,204) 303 cells, target (732,204)
[final]    19.75s    fence for edge c1-1to2: 0 ways (2 neighbours), 0 cells closed
[final]    19.76s    [Coupler Insertion] chain 1 edge 1->2: a way of 271 cells refused, squeezed at (785,232): 1 wire (25) in 28 cells to the artwork, need 39 (19 + 1 x 20), short by 11
[final]    19.76s    edge of chain 1 from 1 to 2: no way; source (849, 262) heading 4 -> (849, 283) free, target (732, 86) heading 2 -> (753, 86) free | waypoint 1 way (853,242)..(738,443) 251 cells, outer (913,46)..(738,443) 417 cells, target (738,443) | waypoint 2 way (712,90)..(732,204) 259 cells, outer (712,46)..(732,204) 303 cells, target (732,204)
[final]    19.76s    fence for edge c1-1to2: 0 ways (2 neighbours), 0 cells closed
[final]    19.76s    edge c1-1to2: 24 cells of its slots (26 and 26 cells) were closed and are open again
[final]    19.77s    [Coupler Insertion] chain 1 edge 1->2: a way of 273 cells refused, squeezed at (785,232): 1 wire (25) in 28 cells to the artwork, need 39 (19 + 1 x 20), short by 11
[final]    19.77s    edge of chain 1 from 1 to 2: no way; source (849, 262) heading 4 -> (849, 283) free, target (702, 86) heading 2 -> (723, 86) free | waypoint 1 way (853,242)..(738,443) 251 cells, outer (913,46)..(738,443) 417 cells, target (738,443) | waypoint 2 way (702,90)..(732,204) 259 cells, outer (712,46)..(732,204) 303 cells, target (732,204)
[final]    19.77s    fence for edge c1-1to2: 0 ways (2 neighbours), 0 cells closed
[final]    19.77s    edge c1-1to2: 24 cells of its slots (26 and 26 cells) were closed and are open again
[final]    19.78s    [Coupler Insertion] chain 1 edge 1->2: a way of 273 cells refused, squeezed at (785,232): 1 wire (25) in 28 cells to the artwork, need 39 (19 + 1 x 20), short by 11
[final]    19.78s    edge of chain 1 from 1 to 2: no way; source (849, 262) heading 4 -> (849, 283) free, target (702, 86) heading 2 -> (723, 86) free | waypoint 1 way (853,242)..(738,443) 251 cells, outer (913,46)..(738,443) 417 cells, target (738,443) | waypoint 2 way (702,90)..(732,204) 259 cells, outer (712,46)..(732,204) 303 cells, target (732,204)
[final]    19.78s    fence for edge c1-1to2: 0 ways (2 neighbours), 0 cells closed
[final]    19.78s    edge c1-1to2: 5 cells of its slots (26 and 26 cells) were closed and are open again
[final]    19.80s    [Coupler Insertion] chain 1 edge 1->2: a way of 232 cells refused, squeezed at (733,196): 1 wire (26) in 24 cells to the artwork, need 39 (19 + 1 x 20), short by 15
[final]    19.80s    edge of chain 1 from 1 to 2: no way; source (849, 262) heading 4 -> (849, 283) free, target (740, 132) heading 0 -> (740, 153) free | waypoint 1 way (853,242)..(738,443) 251 cells, outer (913,46)..(738,443) 417 cells, target (738,443) | waypoint 2 way (736,112)..(732,204) 274 cells, outer (712,46)..(732,204) 303 cells, target (732,204)
[final]    19.80s    fence for edge c1-1to2: 0 ways (2 neighbours), 0 cells closed
[final]    19.80s    edge c1-1to2: 5 cells of its slots (26 and 26 cells) were closed and are open again
[final]    19.81s    [Coupler Insertion] chain 1 edge 1->2: a way of 232 cells refused, squeezed at (733,196): 1 wire (26) in 24 cells to the artwork, need 39 (19 + 1 x 20), short by 15
[final]    19.81s    edge of chain 1 from 1 to 2: no way; source (849, 262) heading 4 -> (849, 283) free, target (740, 132) heading 0 -> (740, 153) free | waypoint 1 way (853,242)..(738,443) 251 cells, outer (913,46)..(738,443) 417 cells, target (738,443) | waypoint 2 way (736,112)..(732,204) 274 cells, outer (712,46)..(732,204) 303 cells, target (732,204)
[final]    19.82s    fence for edge c1-1to2: 0 ways (2 neighbours), 0 cells closed
[final]    19.82s    edge c1-1to2: 24 cells of its slots (26 and 26 cells) were closed and are open again
[final]    19.83s    [Coupler Insertion] chain 1 edge 1->2: a way of 231 cells refused, squeezed at (733,196): 1 wire (26) in 24 cells to the artwork, need 39 (19 + 1 x 20), short by 15
[final]    19.83s    edge of chain 1 from 1 to 2: no way; source (849, 262) heading 4 -> (849, 283) free, target (740, 133) heading 0 -> (740, 154) free | waypoint 1 way (853,242)..(738,443) 251 cells, outer (913,46)..(738,443) 417 cells, target (738,443) | waypoint 2 way (736,133)..(732,204) 294 cells, outer (712,46)..(732,204) 303 cells, target (732,204)
[final]    19.83s    fence for edge c1-1to2: 0 ways (2 neighbours), 0 cells closed
[final]    19.83s    edge c1-1to2: 24 cells of its slots (26 and 26 cells) were closed and are open again
[final]    19.84s    [Coupler Insertion] chain 1 edge 1->2: a way of 231 cells refused, squeezed at (733,196): 1 wire (26) in 24 cells to the artwork, need 39 (19 + 1 x 20), short by 15
[final]    19.84s    edge of chain 1 from 1 to 2: no way; source (849, 262) heading 4 -> (849, 283) free, target (740, 133) heading 0 -> (740, 154) free | waypoint 1 way (853,242)..(738,443) 251 cells, outer (913,46)..(738,443) 417 cells, target (738,443) | waypoint 2 way (736,133)..(732,204) 294 cells, outer (712,46)..(732,204) 303 cells, target (732,204)
[final]    19.85s    fence for edge c1-1to2: 0 ways (2 neighbours), 0 cells closed
[final]    19.85s    [Coupler Insertion] chain 1 edge 1->2: a way of 209 cells refused, squeezed at (794,238): 1 wire (25) in 29 cells to the artwork, need 39 (19 + 1 x 20), short by 10
[final]    19.85s    edge of chain 1 from 1 to 2: no way; source (849, 262) heading 4 -> (849, 283) free, target (778, 124) heading 1 -> (793, 139) free | waypoint 1 way (853,242)..(738,443) 251 cells, outer (913,46)..(738,443) 417 cells, target (738,443) | waypoint 2 way (760,114)..(732,204) 284 cells, outer (712,46)..(732,204) 303 cells, target (732,204)
[final]    19.86s    fence for edge c1-1to2: 0 ways (2 neighbours), 0 cells closed
[final]    19.86s    [Coupler Insertion] chain 1 edge 1->2: a way of 209 cells refused, squeezed at (794,238): 1 wire (25) in 29 cells to the artwork, need 39 (19 + 1 x 20), short by 10
[final]    19.86s    edge of chain 1 from 1 to 2: no way; source (849, 262) heading 4 -> (849, 283) free, target (778, 124) heading 1 -> (793, 139) free | waypoint 1 way (853,242)..(738,443) 251 cells, outer (913,46)..(738,443) 417 cells, target (738,443) | waypoint 2 way (760,114)..(732,204) 284 cells, outer (712,46)..(732,204) 303 cells, target (732,204)
[final]    19.86s    fence for edge c1-0to1: 0 ways (1 neighbours), 0 cells closed
[final]    19.87s    fence for edge c1-1to2: 0 ways (2 neighbours), 0 cells closed
[final]    19.87s    edge c1-1to2: 17 cells of its slots (20 and 26 cells) were closed and are open again
[final]    19.88s    [Coupler Insertion] chain 1 edge 1->2: a way of 272 cells refused, squeezed at (784,224): 1 wire (25) in 27 cells to the artwork, need 39 (19 + 1 x 20), short by 12
[final]    19.88s    edge of chain 1 from 1 to 2: no way; source (847, 260) heading 5 -> (862, 275) free, target (732, 86) heading 2 -> (753, 86) free | waypoint 1 way (851,256)..(738,443) 246 cells, outer (913,46)..(738,443) 417 cells, target (738,443) | waypoint 2 way (712,90)..(732,204) 259 cells, outer (712,46)..(732,204) 303 cells, target (732,204)
[final]    19.88s    fence for edge c1-1to2: 0 ways (2 neighbours), 0 cells closed
[final]    19.88s    edge c1-1to2: 17 cells of its slots (20 and 26 cells) were closed and are open again
[final]    19.89s    [Coupler Insertion] chain 1 edge 1->2: a way of 266 cells refused, squeezed at (784,216): 1 wire (25) in 27 cells to the artwork, need 39 (19 + 1 x 20), short by 12
[final]    19.89s    edge of chain 1 from 1 to 2: no way; source (847, 260) heading 5 -> (862, 275) free, target (732, 86) heading 2 -> (753, 86) free | waypoint 1 way (851,256)..(738,443) 246 cells, outer (913,46)..(738,443) 417 cells, target (738,443) | waypoint 2 way (712,90)..(732,204) 259 cells, outer (712,46)..(732,204) 303 cells, target (732,204)
[final]    19.89s    fence for edge c1-1to2: 0 ways (2 neighbours), 0 cells closed
[final]    19.89s    edge c1-1to2: 41 cells of its slots (20 and 26 cells) were closed and are open again
[final]    19.90s    [Coupler Insertion] chain 1 edge 1->2: a way of 274 cells refused, squeezed at (784,224): 1 wire (25) in 27 cells to the artwork, need 39 (19 + 1 x 20), short by 12
[final]    19.90s    edge of chain 1 from 1 to 2: no way; source (847, 260) heading 5 -> (862, 275) free, target (702, 86) heading 2 -> (723, 86) free | waypoint 1 way (851,256)..(738,443) 246 cells, outer (913,46)..(738,443) 417 cells, target (738,443) | waypoint 2 way (702,90)..(732,204) 259 cells, outer (712,46)..(732,204) 303 cells, target (732,204)
[final]    19.90s    fence for edge c1-1to2: 0 ways (2 neighbours), 0 cells closed
[final]    19.90s    edge c1-1to2: 41 cells of its slots (20 and 26 cells) were closed and are open again
[final]    19.91s    [Coupler Insertion] chain 1 edge 1->2: a way of 266 cells refused, squeezed at (747,177): 1 wire (26) in 24 cells to the artwork, need 39 (19 + 1 x 20), short by 15
[final]    19.91s    edge of chain 1 from 1 to 2: no way; source (847, 260) heading 5 -> (862, 275) free, target (702, 86) heading 2 -> (723, 86) free | waypoint 1 way (851,256)..(738,443) 246 cells, outer (913,46)..(738,443) 417 cells, target (738,443) | waypoint 2 way (702,90)..(732,204) 259 cells, outer (712,46)..(732,204) 303 cells, target (732,204)
[final]    19.91s    fence for edge c1-1to2: 0 ways (2 neighbours), 0 cells closed
[final]    19.91s    edge c1-1to2: 17 cells of its slots (20 and 20 cells) were closed and are open again
[final]    19.91s    [Coupler Insertion] chain 1 edge 1->2: a way of 210 cells refused, squeezed at (794,230): 1 wire (25) in 29 cells to the artwork, need 39 (19 + 1 x 20), short by 10
[final]    19.91s    edge of chain 1 from 1 to 2: no way; source (847, 260) heading 5 -> (862, 275) free, target (778, 124) heading 1 -> (793, 139) free | waypoint 1 way (851,256)..(738,443) 246 cells, outer (913,46)..(738,443) 417 cells, target (738,443) | waypoint 2 way (760,114)..(732,204) 284 cells, outer (712,46)..(732,204) 303 cells, target (732,204)
[final]    19.92s    fence for edge c1-1to2: 0 ways (2 neighbours), 0 cells closed
[final]    19.92s    edge c1-1to2: 17 cells of its slots (20 and 20 cells) were closed and are open again
[final]    19.92s    [Coupler Insertion] chain 1 edge 1->2: a way of 202 cells refused, squeezed at (794,222): 1 wire (25) in 29 cells to the artwork, need 39 (19 + 1 x 20), short by 10
[final]    19.92s    edge of chain 1 from 1 to 2: no way; source (847, 260) heading 5 -> (862, 275) free, target (778, 124) heading 1 -> (793, 139) free | waypoint 1 way (851,256)..(738,443) 246 cells, outer (913,46)..(738,443) 417 cells, target (738,443) | waypoint 2 way (760,114)..(732,204) 284 cells, outer (712,46)..(732,204) 303 cells, target (732,204)
[final]    19.92s    fence for edge c1-0to1: 0 ways (1 neighbours), 0 cells closed
[final]    19.92s    edge c1-0to1: 16 cells of its slots (20 and 20 cells) were closed and are open again
[final]    19.93s    fence for edge c1-1to2: 0 ways (2 neighbours), 0 cells closed
[final]    19.96s    [Coupler Insertion] chain 1 edge 1->2: a way of 567 cells refused, squeezed at (783,417): 1 wire (22) in 12 cells to the artwork, need 39 (19 + 1 x 20), short by 27
[final]    19.96s    edge of chain 1 from 1 to 2: no way; source (864, 320) heading 5 -> (879, 335) free, target (732, 86) heading 2 -> (753, 86) free | waypoint 1 way (854,302)..(738,443) 205 cells, outer (913,46)..(738,443) 417 cells, target (738,443) | waypoint 2 way (712,90)..(732,204) 259 cells, outer (712,46)..(732,204) 303 cells, target (732,204)
[final]    19.96s    fence for edge c1-1to2: 0 ways (2 neighbours), 0 cells closed
[final]    19.97s    fence for edge c1-0to1: 0 ways (1 neighbours), 0 cells closed
[final]    19.97s    edge c1-0to1: 16 cells of its slots (20 and 20 cells) were closed and are open again
[final]    20.02s    [Coupler Insertion] chain 1 edge 0->1: a way of 661 cells refused, squeezed at (781,417): 1 wire (22) in 12 cells to the artwork, need 39 (19 + 1 x 20), short by 27
[final]    20.02s    edge of chain 1 from 0 to 1: no way; source (963, 45) heading 4 -> (963, 56) free, target (850, 306) heading 5 -> (835, 291) free | waypoint 1 way (854,302)..(738,443) 205 cells, outer (913,46)..(738,443) 417 cells, target (738,443)
[final]    20.02s    fence for edge c1-1to2: 0 ways (2 neighbours), 0 cells closed
[final]    20.02s    edge c1-1to2: 24 cells of its slots (20 and 26 cells) were closed and are open again
[final]    20.05s    [Coupler Insertion] chain 1 edge 1->2: a way of 569 cells refused, squeezed at (783,417): 1 wire (22) in 12 cells to the artwork, need 39 (19 + 1 x 20), short by 27
[final]    20.05s    edge of chain 1 from 1 to 2: no way; source (864, 320) heading 5 -> (879, 335) free, target (702, 86) heading 2 -> (723, 86) free | waypoint 1 way (854,302)..(738,443) 205 cells, outer (913,46)..(738,443) 417 cells, target (738,443) | waypoint 2 way (702,90)..(732,204) 259 cells, outer (712,46)..(732,204) 303 cells, target (732,204)
[final]    20.05s    fence for edge c1-1to2: 0 ways (2 neighbours), 0 cells closed
[final]    20.05s    edge c1-1to2: 24 cells of its slots (20 and 26 cells) were closed and are open again
[final]    20.06s    fence for edge c1-0to1: 0 ways (1 neighbours), 0 cells closed
[final]    20.06s    edge c1-0to1: 16 cells of its slots (20 and 20 cells) were closed and are open again
[final]    20.11s    [Coupler Insertion] chain 1 edge 0->1: a way of 661 cells refused, squeezed at (781,417): 1 wire (22) in 12 cells to the artwork, need 39 (19 + 1 x 20), short by 27
[final]    20.11s    edge of chain 1 from 0 to 1: no way; source (963, 45) heading 4 -> (963, 56) free, target (850, 306) heading 5 -> (835, 291) free | waypoint 1 way (854,302)..(738,443) 205 cells, outer (913,46)..(738,443) 417 cells, target (738,443)
[final]    20.12s    fence for edge c1-1to2: 0 ways (2 neighbours), 0 cells closed
[final]    20.14s    [Coupler Insertion] chain 1 edge 1->2: a way of 505 cells refused, squeezed at (783,417): 1 wire (22) in 12 cells to the artwork, need 39 (19 + 1 x 20), short by 27
[final]    20.14s    edge of chain 1 from 1 to 2: no way; source (864, 320) heading 5 -> (879, 335) free, target (778, 124) heading 1 -> (793, 139) free | waypoint 1 way (854,302)..(738,443) 205 cells, outer (913,46)..(738,443) 417 cells, target (738,443) | waypoint 2 way (760,114)..(732,204) 284 cells, outer (712,46)..(732,204) 303 cells, target (732,204)
[final]    20.14s    fence for edge c1-1to2: 0 ways (2 neighbours), 0 cells closed
[final]    20.15s    fence for edge c1-0to1: 0 ways (1 neighbours), 0 cells closed
[final]    20.15s    edge c1-0to1: 16 cells of its slots (20 and 20 cells) were closed and are open again
[final]    20.17s    [Coupler Insertion] chain 1 edge 0->1: a way of 424 cells refused, squeezed at (781,218): 1 wire (25) in 23 cells to the artwork, need 39 (19 + 1 x 20), short by 16
[final]    20.17s    edge of chain 1 from 0 to 1: no way; source (963, 45) heading 4 -> (963, 56) free, target (850, 306) heading 5 -> (835, 291) free | waypoint 1 way (854,302)..(738,443) 205 cells, outer (913,46)..(738,443) 417 cells, target (738,443)
[final]    20.17s    fence for edge c1-0to1: 0 ways (1 neighbours), 0 cells closed
[final]    20.17s    edge c1-0to1: 5 cells of its slots (20 and 26 cells) were closed and are open again
[final]    20.18s    fence for edge c1-1to2: 0 ways (2 neighbours), 0 cells closed
[final]    20.18s    edge c1-1to2: 24 cells of its slots (26 and 26 cells) were closed and are open again
[final]    20.21s    [Coupler Insertion] chain 1 edge 1->2: a way of 592 cells refused, squeezed at (768,437): 1 wire (22) in 11 cells to the artwork, need 39 (19 + 1 x 20), short by 28
[final]    20.21s    edge of chain 1 from 1 to 2: no way; source (868, 304) heading 6 -> (889, 304) free, target (732, 86) heading 2 -> (753, 86) free | waypoint 1 way (868,300)..(738,443) 210 cells, outer (913,46)..(738,443) 417 cells, target (738,443) | waypoint 2 way (712,90)..(732,204) 259 cells, outer (712,46)..(732,204) 303 cells, target (732,204)
[final]    20.21s    fence for edge c1-1to2: 0 ways (2 neighbours), 0 cells closed
[final]    20.21s    edge c1-1to2: 24 cells of its slots (26 and 26 cells) were closed and are open again
[final]    20.22s    fence for edge c1-0to1: 0 ways (1 neighbours), 0 cells closed
[final]    20.22s    edge c1-0to1: 5 cells of its slots (20 and 26 cells) were closed and are open again
[final]    20.27s    edge of chain 1 from 0 to 1: no way; source (963, 45) heading 4 -> (963, 56) free, target (848, 304) heading 6 -> (827, 304) free | waypoint 1 way (868,300)..(738,443) 210 cells, outer (913,46)..(738,443) 417 cells, target (738,443)
[final]    20.27s    fence for edge c1-1to2: 0 ways (2 neighbours), 0 cells closed
[final]    20.27s    edge c1-1to2: 48 cells of its slots (26 and 26 cells) were closed and are open again
[final]    20.30s    [Coupler Insertion] chain 1 edge 1->2: a way of 594 cells refused, squeezed at (768,437): 1 wire (22) in 11 cells to the artwork, need 39 (19 + 1 x 20), short by 28
[final]    20.30s    edge of chain 1 from 1 to 2: no way; source (868, 304) heading 6 -> (889, 304) free, target (702, 86) heading 2 -> (723, 86) free | waypoint 1 way (868,300)..(738,443) 210 cells, outer (913,46)..(738,443) 417 cells, target (738,443) | waypoint 2 way (702,90)..(732,204) 259 cells, outer (712,46)..(732,204) 303 cells, target (732,204)
[final]    20.30s    fence for edge c1-1to2: 0 ways (2 neighbours), 0 cells closed
[final]    20.30s    edge c1-1to2: 48 cells of its slots (26 and 26 cells) were closed and are open again
[final]    20.31s    fence for edge c1-0to1: 0 ways (1 neighbours), 0 cells closed
[final]    20.31s    edge c1-0to1: 5 cells of its slots (20 and 26 cells) were closed and are open again
[final]    20.36s    edge of chain 1 from 0 to 1: no way; source (963, 45) heading 4 -> (963, 56) free, target (848, 304) heading 6 -> (827, 304) free | waypoint 1 way (868,300)..(738,443) 210 cells, outer (913,46)..(738,443) 417 cells, target (738,443)
[final]    20.36s    fence for edge c1-1to2: 0 ways (2 neighbours), 0 cells closed
[final]    20.36s    edge c1-1to2: 24 cells of its slots (26 and 20 cells) were closed and are open again
[final]    20.39s    [Coupler Insertion] chain 1 edge 1->2: a way of 530 cells refused, squeezed at (768,437): 1 wire (22) in 11 cells to the artwork, need 39 (19 + 1 x 20), short by 28
[final]    20.39s    edge of chain 1 from 1 to 2: no way; source (868, 304) heading 6 -> (889, 304) free, target (778, 124) heading 1 -> (793, 139) free | waypoint 1 way (868,300)..(738,443) 210 cells, outer (913,46)..(738,443) 417 cells, target (738,443) | waypoint 2 way (760,114)..(732,204) 284 cells, outer (712,46)..(732,204) 303 cells, target (732,204)
[final]    20.39s    fence for edge c1-1to2: 0 ways (2 neighbours), 0 cells closed
[final]    20.39s    edge c1-1to2: 24 cells of its slots (26 and 20 cells) were closed and are open again
[final]    20.40s    fence for edge c1-0to1: 0 ways (1 neighbours), 0 cells closed
[final]    20.40s    edge c1-0to1: 5 cells of its slots (20 and 26 cells) were closed and are open again
[final]    20.44s    [Coupler Insertion] chain 1 edge 0->1: a way of 448 cells refused, squeezed at (781,218): 1 wire (25) in 23 cells to the artwork, need 39 (19 + 1 x 20), short by 16
[final]    20.44s    edge of chain 1 from 0 to 1: no way; source (963, 45) heading 4 -> (963, 56) free, target (848, 304) heading 6 -> (827, 304) free | waypoint 1 way (868,300)..(738,443) 210 cells, outer (913,46)..(738,443) 417 cells, target (738,443)
[final]    20.44s    fence for edge c1-0to1: 0 ways (1 neighbours), 0 cells closed
[final]    20.44s    edge c1-0to1: 24 cells of its slots (20 and 26 cells) were closed and are open again
[final]    20.45s    fence for edge c1-1to2: 0 ways (2 neighbours), 0 cells closed
[final]    20.49s    [Coupler Insertion] chain 1 edge 1->2: a way of 626 cells refused, squeezed at (772,428): 1 wire (22) in 6 cells to the artwork, need 39 (19 + 1 x 20), short by 33
[final]    20.49s    edge of chain 1 from 1 to 2: no way; source (902, 265) heading 6 -> (923, 265) free, target (732, 86) heading 2 -> (753, 86) free | waypoint 1 way (882,261)..(738,443) 251 cells, outer (913,46)..(738,443) 417 cells, target (738,443) | waypoint 2 way (712,90)..(732,204) 259 cells, outer (712,46)..(732,204) 303 cells, target (732,204)
[final]    20.49s    fence for edge c1-1to2: 0 ways (2 neighbours), 0 cells closed
[final]    20.50s    fence for edge c1-0to1: 0 ways (1 neighbours), 0 cells closed
[final]    20.50s    edge c1-0to1: 24 cells of its slots (20 and 26 cells) were closed and are open again
[final]    20.55s    [Coupler Insertion] chain 1 edge 0->1: a way of 659 cells refused, squeezed at (781,417): 1 wire (22) in 12 cells to the artwork, need 39 (19 + 1 x 20), short by 27
[final]    20.55s    edge of chain 1 from 0 to 1: no way; source (963, 45) heading 4 -> (963, 56) free, target (882, 265) heading 6 -> (861, 265) free | waypoint 1 way (882,261)..(738,443) 251 cells, outer (913,46)..(738,443) 417 cells, target (738,443)
[final]    20.55s    fence for edge c1-1to2: 0 ways (2 neighbours), 0 cells closed
[final]    20.55s    edge c1-1to2: 24 cells of its slots (26 and 26 cells) were closed and are open again
[final]    20.59s    [Coupler Insertion] chain 1 edge 1->2: a way of 628 cells refused, squeezed at (772,428): 1 wire (22) in 6 cells to the artwork, need 39 (19 + 1 x 20), short by 33
[final]    20.59s    edge of chain 1 from 1 to 2: no way; source (902, 265) heading 6 -> (923, 265) free, target (702, 86) heading 2 -> (723, 86) free | waypoint 1 way (882,261)..(738,443) 251 cells, outer (913,46)..(738,443) 417 cells, target (738,443) | waypoint 2 way (702,90)..(732,204) 259 cells, outer (712,46)..(732,204) 303 cells, target (732,204)
[final]    20.59s    fence for edge c1-1to2: 0 ways (2 neighbours), 0 cells closed
[final]    20.59s    edge c1-1to2: 24 cells of its slots (26 and 26 cells) were closed and are open again
[final]    20.60s    fence for edge c1-0to1: 0 ways (1 neighbours), 0 cells closed
[final]    20.60s    edge c1-0to1: 24 cells of its slots (20 and 26 cells) were closed and are open again
[final]    20.64s    [Coupler Insertion] chain 1 edge 0->1: a way of 659 cells refused, squeezed at (781,417): 1 wire (22) in 12 cells to the artwork, need 39 (19 + 1 x 20), short by 27
[final]    20.64s    edge of chain 1 from 0 to 1: no way; source (963, 45) heading 4 -> (963, 56) free, target (882, 265) heading 6 -> (861, 265) free | waypoint 1 way (882,261)..(738,443) 251 cells, outer (913,46)..(738,443) 417 cells, target (738,443)
[final]    20.65s    fence for edge c1-1to2: 0 ways (2 neighbours), 0 cells closed
[final]    20.68s    [Coupler Insertion] chain 1 edge 1->2: a way of 564 cells refused, squeezed at (772,428): 1 wire (22) in 6 cells to the artwork, need 39 (19 + 1 x 20), short by 33
[final]    20.68s    edge of chain 1 from 1 to 2: no way; source (902, 265) heading 6 -> (923, 265) free, target (778, 124) heading 1 -> (793, 139) free | waypoint 1 way (882,261)..(738,443) 251 cells, outer (913,46)..(738,443) 417 cells, target (738,443) | waypoint 2 way (760,114)..(732,204) 284 cells, outer (712,46)..(732,204) 303 cells, target (732,204)
[final]    20.68s    fence for edge c1-1to2: 0 ways (2 neighbours), 0 cells closed
[final]    20.69s    fence for edge c1-0to1: 0 ways (1 neighbours), 0 cells closed
[final]    20.69s    edge c1-0to1: 24 cells of its slots (20 and 26 cells) were closed and are open again
[final]    20.70s    [Coupler Insertion] chain 1 edge 0->1: a way of 405 cells refused, squeezed at (785,193): 1 wire (25) in 30 cells to the artwork, need 39 (19 + 1 x 20), short by 9
[final]    20.70s    edge of chain 1 from 0 to 1: no way; source (963, 45) heading 4 -> (963, 56) free, target (882, 265) heading 6 -> (861, 265) free | waypoint 1 way (882,261)..(738,443) 251 cells, outer (913,46)..(738,443) 417 cells, target (738,443)
[final]    20.71s    fence for edge c1-0to1: 0 ways (1 neighbours), 0 cells closed
[final]    20.72s    fence for edge c1-1to2: 0 ways (2 neighbours), 0 cells closed
[final]    20.72s    edge c1-1to2: 21 cells of its slots (20 and 26 cells) were closed and are open again
[final]    20.72s    edge of chain 1 from 1 to 2: no way; source (900, 267) heading 7 -> (915, 252) free, target (732, 86) heading 2 -> (753, 86) free | waypoint 1 way (896,263)..(738,443) 246 cells, outer (913,46)..(738,443) 417 cells, target (738,443) | waypoint 2 way (712,90)..(732,204) 259 cells, outer (712,46)..(732,204) 303 cells, target (732,204)
[final]    20.73s    fence for edge c1-1to2: 0 ways (2 neighbours), 0 cells closed
[final]    20.73s    edge c1-1to2: 16 cells of its slots (20 and 26 cells) were closed and are open again
[final]    20.74s    fence for edge c1-0to1: 0 ways (1 neighbours), 0 cells closed
[final]    20.75s    [Coupler Insertion]   chain 1 edge 1: no way after edge 0, but both fit with edge 1 laid first — edge 0 redone at 50000 instead of 50000
[final]    20.75s    fence for edge c1-1to2: 0 ways (2 neighbours), 0 cells closed
[final]    20.75s    edge c1-1to2: 45 cells of its slots (20 and 26 cells) were closed and are open again
[final]    20.75s    edge of chain 1 from 1 to 2: no way; source (900, 267) heading 7 -> (915, 252) free, target (702, 86) heading 2 -> (723, 86) free | waypoint 1 way (896,263)..(738,443) 246 cells, outer (913,46)..(738,443) 417 cells, target (738,443) | waypoint 2 way (702,90)..(732,204) 259 cells, outer (712,46)..(732,204) 303 cells, target (732,204)
[final]    20.76s    fence for edge c1-1to2: 0 ways (2 neighbours), 0 cells closed
[final]    20.76s    edge c1-1to2: 40 cells of its slots (20 and 26 cells) were closed and are open again
[final]    20.76s    fence for edge c1-0to1: 0 ways (1 neighbours), 0 cells closed
[final]    20.77s    [Coupler Insertion]   chain 1 edge 1: no way after edge 0, but both fit with edge 1 laid first — edge 0 redone at 50000 instead of 50000
[final]    20.78s    fence for edge c1-1to2: 0 ways (2 neighbours), 0 cells closed
[final]    20.78s    edge c1-1to2: 21 cells of its slots (20 and 20 cells) were closed and are open again
[final]    20.78s    edge of chain 1 from 1 to 2: no way; source (900, 267) heading 7 -> (915, 252) free, target (778, 124) heading 1 -> (793, 139) free | waypoint 1 way (896,263)..(738,443) 246 cells, outer (913,46)..(738,443) 417 cells, target (738,443) | waypoint 2 way (760,114)..(732,204) 284 cells, outer (712,46)..(732,204) 303 cells, target (732,204)
[final]    20.78s    fence for edge c1-1to2: 0 ways (2 neighbours), 0 cells closed
[final]    20.78s    edge c1-1to2: 16 cells of its slots (20 and 20 cells) were closed and are open again
[final]    20.79s    fence for edge c1-0to1: 0 ways (1 neighbours), 0 cells closed
[final]    20.80s    [Coupler Insertion]   chain 1 edge 1: no way after edge 0, but both fit with edge 1 laid first — edge 0 redone at 50000 instead of 50000
[final]    20.81s    fence for edge c1-0to1: 0 ways (1 neighbours), 0 cells closed
[final]    20.81s    edge c1-0to1: 16 cells of its slots (20 and 20 cells) were closed and are open again
[final]    20.82s    fence for edge c1-1to2: 0 ways (2 neighbours), 0 cells closed
[final]    20.82s    edge c1-1to2: 21 cells of its slots (20 and 26 cells) were closed and are open again
[final]    20.82s    edge of chain 1 from 1 to 2: no way; source (921, 246) heading 7 -> (936, 231) free, target (732, 86) heading 2 -> (753, 86) free | waypoint 1 way (903,256)..(738,443) 246 cells, outer (913,46)..(738,443) 417 cells, target (738,443) | waypoint 2 way (712,90)..(732,204) 259 cells, outer (712,46)..(732,204) 303 cells, target (732,204)
[final]    20.83s    fence for edge c1-1to2: 0 ways (2 neighbours), 0 cells closed
[final]    20.84s    fence for edge c1-0to1: 0 ways (1 neighbours), 0 cells closed
[final]    20.84s    edge c1-0to1: 16 cells of its slots (20 and 20 cells) were closed and are open again
[final]    20.84s    [Coupler Insertion]   chain 1 edge 1: no way after edge 0, but both fit with edge 1 laid first — edge 0 redone at 50000 instead of 50000
[final]    20.85s    fence for edge c1-1to2: 0 ways (2 neighbours), 0 cells closed
[final]    20.85s    edge c1-1to2: 45 cells of its slots (20 and 26 cells) were closed and are open again
[final]    20.85s    edge of chain 1 from 1 to 2: no way; source (921, 246) heading 7 -> (936, 231) free, target (702, 86) heading 2 -> (723, 86) free | waypoint 1 way (903,256)..(738,443) 246 cells, outer (913,46)..(738,443) 417 cells, target (738,443) | waypoint 2 way (702,90)..(732,204) 259 cells, outer (712,46)..(732,204) 303 cells, target (732,204)
[final]    20.86s    fence for edge c1-1to2: 0 ways (2 neighbours), 0 cells closed
[final]    20.86s    edge c1-1to2: 24 cells of its slots (20 and 26 cells) were closed and are open again
[final]    20.86s    fence for edge c1-0to1: 0 ways (1 neighbours), 0 cells closed
[final]    20.86s    edge c1-0to1: 16 cells of its slots (20 and 20 cells) were closed and are open again
[final]    20.87s    [Coupler Insertion]   chain 1 edge 1: no way after edge 0, but both fit with edge 1 laid first — edge 0 redone at 50000 instead of 50000
[final]    20.88s    fence for edge c1-2to3: 0 ways (2 neighbours), 0 cells closed
[final]    20.88s    [Coupler Insertion] chain 1 edge 2->3: a way of 496 cells refused, squeezed at (376,86): 1 wire (29) in 33 cells to the artwork, need 39 (19 + 1 x 20), short by 6
[final]    20.88s    edge of chain 1 from 2 to 3: no way; source (682, 86) heading 2 -> (661, 86) free, target (319, 188) heading 7 -> (304, 203) free | waypoint 2 way (702,90)..(732,204) 259 cells, outer (712,46)..(732,204) 303 cells, target (732,204) | waypoint 3 way (329,170)..(432,260) 234 cells, outer (412,46)..(432,260) 276 cells, target (432,260)
[final]    20.89s    fence for edge c1-2to3: 0 ways (2 neighbours), 0 cells closed
[final]    20.89s    edge c1-2to3: 16 cells of its slots (26 and 20 cells) were closed and are open again
[final]    20.90s    [Coupler Insertion] chain 1 edge 2->3: a way of 475 cells refused, squeezed at (376,86): 1 wire (29) in 33 cells to the artwork, need 39 (19 + 1 x 20), short by 6
[final]    20.90s    edge of chain 1 from 2 to 3: no way; source (682, 86) heading 2 -> (661, 86) free, target (340, 167) heading 7 -> (325, 182) free | waypoint 2 way (702,90)..(732,204) 259 cells, outer (712,46)..(732,204) 303 cells, target (732,204) | waypoint 3 way (336,163)..(432,260) 234 cells, outer (412,46)..(432,260) 276 cells, target (432,260)
[final]    20.90s    fence for edge c1-2to3: 0 ways (2 neighbours), 0 cells closed
[final]    20.90s    edge c1-2to3: 24 cells of its slots (26 and 20 cells) were closed and are open again
[final]    20.91s    [Coupler Insertion] chain 1 edge 2->3: a way of 526 cells refused, squeezed at (376,86): 1 wire (29) in 33 cells to the artwork, need 39 (19 + 1 x 20), short by 6
[final]    20.91s    edge of chain 1 from 2 to 3: no way; source (712, 86) heading 2 -> (691, 86) free, target (319, 188) heading 7 -> (304, 203) free | waypoint 2 way (712,90)..(732,204) 259 cells, outer (712,46)..(732,204) 303 cells, target (732,204) | waypoint 3 way (329,170)..(432,260) 234 cells, outer (412,46)..(432,260) 276 cells, target (432,260)
[final]    20.91s    fence for edge c1-2to3: 0 ways (2 neighbours), 0 cells closed
[final]    20.91s    edge c1-2to3: 40 cells of its slots (26 and 20 cells) were closed and are open again
[final]    20.92s    [Coupler Insertion] chain 1 edge 2->3: a way of 505 cells refused, squeezed at (376,86): 1 wire (29) in 33 cells to the artwork, need 39 (19 + 1 x 20), short by 6
[final]    20.92s    edge of chain 1 from 2 to 3: no way; source (712, 86) heading 2 -> (691, 86) free, target (340, 167) heading 7 -> (325, 182) free | waypoint 2 way (712,90)..(732,204) 259 cells, outer (712,46)..(732,204) 303 cells, target (732,204) | waypoint 3 way (336,163)..(432,260) 234 cells, outer (412,46)..(432,260) 276 cells, target (432,260)
[final]    20.92s    fence for edge c1-2to3: 0 ways (2 neighbours), 0 cells closed
[final]    20.92s    edge c1-2to3: 16 cells of its slots (20 and 26 cells) were closed and are open again
[final]    20.93s    [Coupler Insertion] chain 1 edge 2->3: a way of 527 cells refused, squeezed at (375,93): 1 wire (29) in 25 cells to the artwork, need 39 (19 + 1 x 20), short by 14
[final]    20.93s    edge of chain 1 from 2 to 3: no way; source (764, 110) heading 1 -> (749, 95) free, target (305, 145) heading 6 -> (284, 145) free | waypoint 2 way (760,114)..(732,204) 284 cells, outer (712,46)..(732,204) 303 cells, target (732,204) | waypoint 3 way (325,141)..(432,260) 210 cells, outer (412,46)..(432,260) 276 cells, target (432,260)
[final]    20.93s    fence for edge c1-2to3: 0 ways (2 neighbours), 0 cells closed
[final]    20.93s    edge c1-2to3: 16 cells of its slots (20 and 26 cells) were closed and are open again
[final]    20.94s    [Coupler Insertion] chain 1 edge 2->3: a way of 552 cells refused, squeezed at (375,93): 1 wire (29) in 25 cells to the artwork, need 39 (19 + 1 x 20), short by 14
[final]    20.94s    edge of chain 1 from 2 to 3: no way; source (764, 110) heading 1 -> (749, 95) free, target (280, 150) heading 6 -> (259, 150) free | waypoint 2 way (760,114)..(732,204) 284 cells, outer (712,46)..(732,204) 303 cells, target (732,204) | waypoint 3 way (300,146)..(432,260) 244 cells, outer (412,46)..(432,260) 276 cells, target (432,260)
[final]    20.94s    fence for edge c1-2to3: 0 ways (2 neighbours), 0 cells closed
[final]    20.94s    edge c1-2to3: 40 cells of its slots (20 and 26 cells) were closed and are open again
[final]    20.97s    edge of chain 1 from 2 to 3: no way; source (764, 110) heading 1 -> (749, 95) free, target (405, 119) heading 6 -> (384, 119) free | waypoint 2 way (760,114)..(732,204) 284 cells, outer (712,46)..(732,204) 303 cells, target (732,204) | waypoint 3 way (405,115)..(432,260) 299 cells, outer (412,46)..(432,260) 276 cells, target (432,260)
[final]    20.98s    fence for edge c1-2to3: 0 ways (2 neighbours), 0 cells closed
[final]    20.98s    edge c1-2to3: 40 cells of its slots (20 and 26 cells) were closed and are open again
[final]    20.98s    [Coupler Insertion] chain 1 edge 2->3: a way of 552 cells refused, squeezed at (375,93): 1 wire (29) in 25 cells to the artwork, need 39 (19 + 1 x 20), short by 14
[final]    20.98s    edge of chain 1 from 2 to 3: no way; source (764, 110) heading 1 -> (749, 95) free, target (310, 150) heading 6 -> (289, 150) free | waypoint 2 way (760,114)..(732,204) 284 cells, outer (712,46)..(732,204) 303 cells, target (732,204) | waypoint 3 way (310,146)..(432,260) 244 cells, outer (412,46)..(432,260) 276 cells, target (432,260)
[final]    20.99s    fence for edge c1-2to3: 0 ways (2 neighbours), 0 cells closed
[final]    20.99s    edge c1-2to3: 16 cells of its slots (20 and 20 cells) were closed and are open again
[final]    20.99s    edge of chain 1 from 2 to 3: no way; source (762, 117) heading 7 -> (777, 102) free, target (286, 126) heading 5 -> (271, 111) free | waypoint 2 way (758,113)..(732,204) 298 cells, outer (712,46)..(732,204) 303 cells, target (732,204) | waypoint 3 way (304,136)..(432,260) 205 cells, outer (412,46)..(432,260) 276 cells, target (432,260)
[final]    20.99s    fence for edge c1-2to3: 0 ways (2 neighbours), 0 cells closed
[final]    20.99s    edge c1-2to3: 16 cells of its slots (20 and 20 cells) were closed and are open again
[final]    21.00s    edge of chain 1 from 2 to 3: no way; source (762, 117) heading 7 -> (777, 102) free, target (259, 106) heading 5 -> (244, 91) free | waypoint 2 way (758,113)..(732,204) 298 cells, outer (712,46)..(732,204) 303 cells, target (732,204) | waypoint 3 way (277,116)..(432,260) 234 cells, outer (412,46)..(432,260) 276 cells, target (432,260)
[final]    21.00s    fence for edge c1-2to3: 0 ways (2 neighbours), 0 cells closed
[final]    21.00s    edge c1-2to3: 32 cells of its slots (20 and 20 cells) were closed and are open again
[final]    21.00s    edge of chain 1 from 2 to 3: no way; source (762, 117) heading 7 -> (777, 102) free, target (307, 147) heading 5 -> (292, 132) free | waypoint 2 way (758,113)..(732,204) 298 cells, outer (712,46)..(732,204) 303 cells, target (732,204) | waypoint 3 way (311,143)..(432,260) 205 cells, outer (412,46)..(432,260) 276 cells, target (432,260)
[final]    21.01s    fence for edge c1-2to3: 0 ways (2 neighbours), 0 cells closed
[final]    21.01s    edge c1-2to3: 32 cells of its slots (20 and 20 cells) were closed and are open again
[final]    21.01s    edge of chain 1 from 2 to 3: no way; source (762, 117) heading 7 -> (777, 102) free, target (280, 127) heading 5 -> (265, 112) free | waypoint 2 way (758,113)..(732,204) 298 cells, outer (712,46)..(732,204) 303 cells, target (732,204) | waypoint 3 way (284,123)..(432,260) 234 cells, outer (412,46)..(432,260) 276 cells, target (432,260)
[final]    21.01s    fence for edge c1-1to2: 0 ways (2 neighbours), 0 cells closed
[final]    21.02s    edge c1-1to2: 29 cells of its slots (26 and 26 cells) were closed and are open again
[final]    21.03s    fence for edge c1-1to2: 0 ways (2 neighbours), 0 cells closed
[final]    21.03s    edge c1-1to2: 24 cells of its slots (26 and 26 cells) were closed and are open again
[final]    21.04s    [Coupler Insertion] chain 1 edge 1->2: a way of 243 cells refused, squeezed at (784,194): 1 wire (25) in 28 cells to the artwork, need 39 (19 + 1 x 20), short by 11
[final]    21.04s    edge of chain 1 from 1 to 2: no way; source (882, 209) heading 2 -> (861, 209) free, target (712, 119) heading 6 -> (691, 119) free | waypoint 1 way (882,213)..(738,443) 251 cells, outer (913,46)..(738,443) 417 cells, target (738,443) | waypoint 2 way (732,115)..(732,204) 329 cells, outer (712,46)..(732,204) 303 cells, target (732,204)
[final]    21.05s    fence for edge c1-1to2: 0 ways (2 neighbours), 0 cells closed
[final]    21.05s    edge c1-1to2: 24 cells of its slots (26 and 26 cells) were closed and are open again
[final]    21.06s    [Coupler Insertion] chain 1 edge 1->2: a way of 243 cells refused, squeezed at (784,194): 1 wire (25) in 28 cells to the artwork, need 39 (19 + 1 x 20), short by 11
[final]    21.06s    edge of chain 1 from 1 to 2: no way; source (882, 209) heading 2 -> (861, 209) free, target (712, 119) heading 6 -> (691, 119) free | waypoint 1 way (882,213)..(738,443) 251 cells, outer (913,46)..(738,443) 417 cells, target (738,443) | waypoint 2 way (732,115)..(732,204) 329 cells, outer (712,46)..(732,204) 303 cells, target (732,204)
[final]    21.06s    fence for edge c1-1to2: 0 ways (2 neighbours), 0 cells closed
[final]    21.06s    edge c1-1to2: 48 cells of its slots (26 and 26 cells) were closed and are open again
[final]    21.06s    edge of chain 1 from 1 to 2: no way; source (882, 209) heading 2 -> (861, 209) free, target (712, 141) heading 6 -> (691, 141) free | waypoint 1 way (882,213)..(738,443) 251 cells, outer (913,46)..(738,443) 417 cells, target (738,443) | waypoint 2 way (712,137)..(732,204) 260 cells, outer (712,46)..(732,204) 303 cells, target (732,204)
[final]    21.06s    fence for edge c1-1to2: 0 ways (2 neighbours), 0 cells closed
[final]    21.06s    edge c1-1to2: 48 cells of its slots (26 and 26 cells) were closed and are open again
[final]    21.07s    edge of chain 1 from 1 to 2: no way; source (882, 209) heading 2 -> (861, 209) free, target (712, 141) heading 6 -> (691, 141) free | waypoint 1 way (882,213)..(738,443) 251 cells, outer (913,46)..(738,443) 417 cells, target (738,443) | waypoint 2 way (712,137)..(732,204) 260 cells, outer (712,46)..(732,204) 303 cells, target (732,204)
[final]    21.07s    fence for edge c1-1to2: 0 ways (2 neighbours), 0 cells closed
[final]    21.07s    edge c1-1to2: 48 cells of its slots (26 and 26 cells) were closed and are open again
[final]    21.08s    [Coupler Insertion] chain 1 edge 1->2: a way of 214 cells refused, squeezed at (784,192): 1 wire (25) in 30 cells to the artwork, need 39 (19 + 1 x 20), short by 9
[final]    21.08s    edge of chain 1 from 1 to 2: no way; source (882, 209) heading 2 -> (861, 209) free, target (742, 119) heading 6 -> (721, 119) free | waypoint 1 way (882,213)..(738,443) 251 cells, outer (913,46)..(738,443) 417 cells, target (738,443) | waypoint 2 way (742,115)..(732,204) 329 cells, outer (712,46)..(732,204) 303 cells, target (732,204)
[final]    21.08s    fence for edge c1-1to2: 0 ways (2 neighbours), 0 cells closed
[final]    21.08s    edge c1-1to2: 48 cells of its slots (26 and 26 cells) were closed and are open again
[final]    21.09s    [Coupler Insertion] chain 1 edge 1->2: a way of 214 cells refused, squeezed at (784,192): 1 wire (25) in 30 cells to the artwork, need 39 (19 + 1 x 20), short by 9
[final]    21.09s    edge of chain 1 from 1 to 2: no way; source (882, 209) heading 2 -> (861, 209) free, target (742, 119) heading 6 -> (721, 119) free | waypoint 1 way (882,213)..(738,443) 251 cells, outer (913,46)..(738,443) 417 cells, target (738,443) | waypoint 2 way (742,115)..(732,204) 329 cells, outer (712,46)..(732,204) 303 cells, target (732,204)
[final]    21.10s    fence for edge c1-1to2: 0 ways (2 neighbours), 0 cells closed
[final]    21.10s    edge c1-1to2: 5 cells of its slots (26 and 26 cells) were closed and are open again
[final]    21.12s    fence for edge c1-1to2: 0 ways (2 neighbours), 0 cells closed
[final]    21.12s    [Coupler Insertion] chain 1 edge 1->2: a way of 213 cells refused, squeezed at (784,194): 1 wire (25) in 28 cells to the artwork, need 39 (19 + 1 x 20), short by 11
[final]    21.12s    edge of chain 1 from 1 to 2: no way; source (852, 209) heading 2 -> (831, 209) free, target (712, 119) heading 6 -> (691, 119) free | waypoint 1 way (872,213)..(738,443) 251 cells, outer (913,46)..(738,443) 417 cells, target (738,443) | waypoint 2 way (732,115)..(732,204) 329 cells, outer (712,46)..(732,204) 303 cells, target (732,204)
[final]    21.13s    fence for edge c1-1to2: 0 ways (2 neighbours), 0 cells closed
[final]    21.14s    [Coupler Insertion] chain 1 edge 1->2: a way of 213 cells refused, squeezed at (784,194): 1 wire (25) in 28 cells to the artwork, need 39 (19 + 1 x 20), short by 11
[final]    21.14s    edge of chain 1 from 1 to 2: no way; source (852, 209) heading 2 -> (831, 209) free, target (712, 119) heading 6 -> (691, 119) free | waypoint 1 way (872,213)..(738,443) 251 cells, outer (913,46)..(738,443) 417 cells, target (738,443) | waypoint 2 way (732,115)..(732,204) 329 cells, outer (712,46)..(732,204) 303 cells, target (732,204)
[final]    21.14s    fence for edge c1-1to2: 0 ways (2 neighbours), 0 cells closed
[final]    21.14s    edge c1-1to2: 24 cells of its slots (26 and 26 cells) were closed and are open again
[final]    21.14s    edge of chain 1 from 1 to 2: no way; source (852, 209) heading 2 -> (831, 209) free, target (712, 141) heading 6 -> (691, 141) free | waypoint 1 way (872,213)..(738,443) 251 cells, outer (913,46)..(738,443) 417 cells, target (738,443) | waypoint 2 way (712,137)..(732,204) 260 cells, outer (712,46)..(732,204) 303 cells, target (732,204)
[final]    21.14s    fence for edge c1-1to2: 0 ways (2 neighbours), 0 cells closed
[final]    21.14s    edge c1-1to2: 24 cells of its slots (26 and 26 cells) were closed and are open again
[final]    21.14s    edge of chain 1 from 1 to 2: no way; source (852, 209) heading 2 -> (831, 209) free, target (712, 141) heading 6 -> (691, 141) free | waypoint 1 way (872,213)..(738,443) 251 cells, outer (913,46)..(738,443) 417 cells, target (738,443) | waypoint 2 way (712,137)..(732,204) 260 cells, outer (712,46)..(732,204) 303 cells, target (732,204)
[final]    21.15s    fence for edge c1-1to2: 0 ways (2 neighbours), 0 cells closed
[final]    21.15s    edge c1-1to2: 24 cells of its slots (26 and 26 cells) were closed and are open again
[final]    21.16s    [Coupler Insertion] chain 1 edge 1->2: a way of 184 cells refused, squeezed at (784,192): 1 wire (25) in 30 cells to the artwork, need 39 (19 + 1 x 20), short by 9
[final]    21.16s    edge of chain 1 from 1 to 2: no way; source (852, 209) heading 2 -> (831, 209) free, target (742, 119) heading 6 -> (721, 119) free | waypoint 1 way (872,213)..(738,443) 251 cells, outer (913,46)..(738,443) 417 cells, target (738,443) | waypoint 2 way (742,115)..(732,204) 329 cells, outer (712,46)..(732,204) 303 cells, target (732,204)
[final]    21.16s    fence for edge c1-1to2: 0 ways (2 neighbours), 0 cells closed
[final]    21.16s    edge c1-1to2: 24 cells of its slots (26 and 26 cells) were closed and are open again
[final]    21.17s    [Coupler Insertion] chain 1 edge 1->2: a way of 184 cells refused, squeezed at (784,192): 1 wire (25) in 30 cells to the artwork, need 39 (19 + 1 x 20), short by 9
[final]    21.17s    edge of chain 1 from 1 to 2: no way; source (852, 209) heading 2 -> (831, 209) free, target (742, 119) heading 6 -> (721, 119) free | waypoint 1 way (872,213)..(738,443) 251 cells, outer (913,46)..(738,443) 417 cells, target (738,443) | waypoint 2 way (742,115)..(732,204) 329 cells, outer (712,46)..(732,204) 303 cells, target (732,204)
[final]    21.17s    fence for edge c1-1to2: 0 ways (2 neighbours), 0 cells closed
[final]    21.17s    edge c1-1to2: 21 cells of its slots (20 and 26 cells) were closed and are open again
[final]    21.19s    fence for edge c1-1to2: 0 ways (2 neighbours), 0 cells closed
[final]    21.19s    edge c1-1to2: 16 cells of its slots (20 and 26 cells) were closed and are open again
[final]    21.20s    [Coupler Insertion] chain 1 edge 1->2: a way of 211 cells refused, squeezed at (721,135): 1 wire (26) in 36 cells to the artwork, need 39 (19 + 1 x 20), short by 3
[final]    21.20s    edge of chain 1 from 1 to 2: no way; source (854, 207) heading 3 -> (839, 222) free, target (712, 119) heading 6 -> (691, 119) free | waypoint 1 way (858,211)..(738,443) 246 cells, outer (913,46)..(738,443) 417 cells, target (738,443) | waypoint 2 way (732,115)..(732,204) 329 cells, outer (712,46)..(732,204) 303 cells, target (732,204)
[final]    21.20s    fence for edge c1-1to2: 0 ways (2 neighbours), 0 cells closed
[final]    21.21s    edge c1-1to2: 16 cells of its slots (20 and 26 cells) were closed and are open again
[final]    21.22s    [Coupler Insertion] chain 1 edge 1->2: a way of 211 cells refused, squeezed at (721,135): 1 wire (26) in 36 cells to the artwork, need 39 (19 + 1 x 20), short by 3
[final]    21.22s    edge of chain 1 from 1 to 2: no way; source (854, 207) heading 3 -> (839, 222) free, target (712, 119) heading 6 -> (691, 119) free | waypoint 1 way (858,211)..(738,443) 246 cells, outer (913,46)..(738,443) 417 cells, target (738,443) | waypoint 2 way (732,115)..(732,204) 329 cells, outer (712,46)..(732,204) 303 cells, target (732,204)
[final]    21.22s    fence for edge c1-1to2: 0 ways (2 neighbours), 0 cells closed
[final]    21.22s    edge c1-1to2: 40 cells of its slots (20 and 26 cells) were closed and are open again
[final]    21.22s    edge of chain 1 from 1 to 2: no way; source (854, 207) heading 3 -> (839, 222) free, target (712, 141) heading 6 -> (691, 141) free | waypoint 1 way (858,211)..(738,443) 246 cells, outer (913,46)..(738,443) 417 cells, target (738,443) | waypoint 2 way (712,137)..(732,204) 260 cells, outer (712,46)..(732,204) 303 cells, target (732,204)
[final]    21.22s    fence for edge c1-1to2: 0 ways (2 neighbours), 0 cells closed
[final]    21.22s    edge c1-1to2: 40 cells of its slots (20 and 26 cells) were closed and are open again
[final]    21.22s    edge of chain 1 from 1 to 2: no way; source (854, 207) heading 3 -> (839, 222) free, target (712, 141) heading 6 -> (691, 141) free | waypoint 1 way (858,211)..(738,443) 246 cells, outer (913,46)..(738,443) 417 cells, target (738,443) | waypoint 2 way (712,137)..(732,204) 260 cells, outer (712,46)..(732,204) 303 cells, target (732,204)
[final]    21.23s    fence for edge c1-1to2: 0 ways (2 neighbours), 0 cells closed
[final]    21.23s    edge c1-1to2: 40 cells of its slots (20 and 26 cells) were closed and are open again
[final]    21.24s    [Coupler Insertion] chain 1 edge 1->2: a way of 179 cells refused, squeezed at (722,134): 1 wire (26) in 37 cells to the artwork, need 39 (19 + 1 x 20), short by 2
[final]    21.24s    edge of chain 1 from 1 to 2: no way; source (854, 207) heading 3 -> (839, 222) free, target (742, 119) heading 6 -> (721, 119) free | waypoint 1 way (858,211)..(738,443) 246 cells, outer (913,46)..(738,443) 417 cells, target (738,443) | waypoint 2 way (742,115)..(732,204) 329 cells, outer (712,46)..(732,204) 303 cells, target (732,204)
[final]    21.24s    fence for edge c1-1to2: 0 ways (2 neighbours), 0 cells closed
[final]    21.24s    edge c1-1to2: 40 cells of its slots (20 and 26 cells) were closed and are open again
[final]    21.25s    [Coupler Insertion] chain 1 edge 1->2: a way of 179 cells refused, squeezed at (722,134): 1 wire (26) in 37 cells to the artwork, need 39 (19 + 1 x 20), short by 2
[final]    21.25s    edge of chain 1 from 1 to 2: no way; source (854, 207) heading 3 -> (839, 222) free, target (742, 119) heading 6 -> (721, 119) free | waypoint 1 way (858,211)..(738,443) 246 cells, outer (913,46)..(738,443) 417 cells, target (738,443) | waypoint 2 way (742,115)..(732,204) 329 cells, outer (712,46)..(732,204) 303 cells, target (732,204)
[final]    21.25s    fence for edge c1-2to3: 0 ways (2 neighbours), 0 cells closed
[final]    21.26s    [Coupler Insertion] chain 1 edge 2->3: a way of 472 cells refused, squeezed at (373,86): 1 wire (29) in 32 cells to the artwork, need 39 (19 + 1 x 20), short by 7
[final]    21.26s    edge of chain 1 from 2 to 3: no way; source (756, 106) heading 7 -> (771, 91) free, target (332, 86) heading 2 -> (353, 86) free | waypoint 2 way (738,116)..(732,204) 279 cells, outer (712,46)..(732,204) 303 cells, target (732,204) | waypoint 3 way (312,90)..(432,260) 242 cells, outer (412,46)..(432,260) 276 cells, target (432,260)
[final]    21.26s    fence for edge c1-2to3: 0 ways (2 neighbours), 0 cells closed
[final]    21.26s    edge c1-2to3: 24 cells of its slots (20 and 26 cells) were closed and are open again
[final]    21.27s    [Coupler Insertion] chain 1 edge 2->3: a way of 502 cells refused, squeezed at (373,86): 1 wire (29) in 32 cells to the artwork, need 39 (19 + 1 x 20), short by 7
[final]    21.27s    edge of chain 1 from 2 to 3: no way; source (756, 106) heading 7 -> (771, 91) free, target (302, 86) heading 2 -> (323, 86) free | waypoint 2 way (738,116)..(732,204) 279 cells, outer (712,46)..(732,204) 303 cells, target (732,204) | waypoint 3 way (302,90)..(432,260) 242 cells, outer (412,46)..(432,260) 276 cells, target (432,260)
[final]    21.28s    fence for edge c1-2to3: 0 ways (2 neighbours), 0 cells closed
[final]    21.28s    [Coupler Insertion] chain 1 edge 2->3: a way of 500 cells refused, squeezed at (373,90): 1 wire (29) in 28 cells to the artwork, need 39 (19 + 1 x 20), short by 11
[final]    21.28s    edge of chain 1 from 2 to 3: no way; source (756, 106) heading 7 -> (771, 91) free, target (307, 106) heading 3 -> (322, 91) free | waypoint 2 way (738,116)..(732,204) 279 cells, outer (712,46)..(732,204) 303 cells, target (732,204) | waypoint 3 way (297,124)..(432,260) 221 cells, outer (412,46)..(432,260) 276 cells, target (432,260)
[final]    21.29s    fence for edge c1-2to3: 0 ways (2 neighbours), 0 cells closed
[final]    21.29s    edge c1-2to3: 16 cells of its slots (20 and 20 cells) were closed and are open again
[final]    21.30s    [Coupler Insertion] chain 1 edge 2->3: a way of 534 cells refused, squeezed at (373,97): 1 wire (29) in 21 cells to the artwork, need 39 (19 + 1 x 20), short by 18
[final]    21.30s    edge of chain 1 from 2 to 3: no way; source (756, 106) heading 7 -> (771, 91) free, target (273, 114) heading 3 -> (288, 99) free | waypoint 2 way (738,116)..(732,204) 279 cells, outer (712,46)..(732,204) 303 cells, target (732,204) | waypoint 3 way (277,118)..(432,260) 234 cells, outer (412,46)..(432,260) 276 cells, target (432,260)
[final]    21.30s    fence for edge c1-2to3: 0 ways (2 neighbours), 0 cells closed
[final]    21.32s    [Coupler Insertion] chain 1 edge 2->3: a way of 536 cells refused, squeezed at (373,91): 1 wire (29) in 27 cells to the artwork, need 39 (19 + 1 x 20), short by 12
[final]    21.32s    edge of chain 1 from 2 to 3: no way; source (756, 106) heading 7 -> (771, 91) free, target (297, 117) heading 4 -> (297, 96) free | waypoint 2 way (738,116)..(732,204) 279 cells, outer (712,46)..(732,204) 303 cells, target (732,204) | waypoint 3 way (301,137)..(432,260) 244 cells, outer (412,46)..(432,260) 276 cells, target (432,260)
[final]    21.32s    fence for edge c1-2to3: 0 ways (2 neighbours), 0 cells closed
[final]    21.32s    edge c1-2to3: 24 cells of its slots (20 and 26 cells) were closed and are open again
[final]    21.33s    [Coupler Insertion] chain 1 edge 2->3: a way of 536 cells refused, squeezed at (373,98): 1 wire (29) in 20 cells to the artwork, need 39 (19 + 1 x 20), short by 19
[final]    21.33s    edge of chain 1 from 2 to 3: no way; source (756, 106) heading 7 -> (771, 91) free, target (297, 147) heading 4 -> (297, 126) free | waypoint 2 way (738,116)..(732,204) 279 cells, outer (712,46)..(732,204) 303 cells, target (732,204) | waypoint 3 way (301,147)..(432,260) 244 cells, outer (412,46)..(432,260) 276 cells, target (432,260)
[final]    21.34s    fence for edge c1-1to2: 0 ways (2 neighbours), 0 cells closed
[final]    21.34s    edge c1-1to2: 21 cells of its slots (20 and 20 cells) were closed and are open again
[final]    21.36s    edge of chain 1 from 1 to 2: no way; source (907, 214) heading 1 -> (892, 199) free, target (721, 135) heading 7 -> (706, 150) free | waypoint 1 way (903,218)..(738,443) 246 cells, outer (913,46)..(738,443) 417 cells, target (738,443) | waypoint 2 way (731,117)..(732,204) 285 cells, outer (712,46)..(732,204) 303 cells, target (732,204)
[final]    21.36s    fence for edge c1-1to2: 0 ways (2 neighbours), 0 cells closed
[final]    21.36s    edge c1-1to2: 21 cells of its slots (20 and 20 cells) were closed and are open again
[final]    21.39s    edge of chain 1 from 1 to 2: no way; source (907, 214) heading 1 -> (892, 199) free, target (721, 135) heading 7 -> (706, 150) free | waypoint 1 way (903,218)..(738,443) 246 cells, outer (913,46)..(738,443) 417 cells, target (738,443) | waypoint 2 way (731,117)..(732,204) 285 cells, outer (712,46)..(732,204) 303 cells, target (732,204)
[final]    21.39s    fence for edge c1-1to2: 0 ways (2 neighbours), 0 cells closed
[final]    21.39s    edge c1-1to2: 21 cells of its slots (20 and 20 cells) were closed and are open again
[final]    21.41s    [Coupler Insertion] chain 1 edge 1->2: a way of 261 cells refused, squeezed at (737,207): 1 wire (26) in 20 cells to the artwork, need 39 (19 + 1 x 20), short by 19
[final]    21.41s    edge of chain 1 from 1 to 2: no way; source (907, 214) heading 1 -> (892, 199) free, target (748, 131) heading 7 -> (733, 146) free | waypoint 1 way (903,218)..(738,443) 246 cells, outer (913,46)..(738,443) 417 cells, target (738,443) | waypoint 2 way (758,113)..(732,204) 298 cells, outer (712,46)..(732,204) 303 cells, target (732,204)
[final]    21.41s    fence for edge c1-1to2: 0 ways (2 neighbours), 0 cells closed
[final]    21.41s    edge c1-1to2: 21 cells of its slots (20 and 20 cells) were closed and are open again
[final]    21.43s    [Coupler Insertion] chain 1 edge 1->2: a way of 261 cells refused, squeezed at (737,207): 1 wire (26) in 20 cells to the artwork, need 39 (19 + 1 x 20), short by 19
[final]    21.43s    edge of chain 1 from 1 to 2: no way; source (907, 214) heading 1 -> (892, 199) free, target (748, 131) heading 7 -> (733, 146) free | waypoint 1 way (903,218)..(738,443) 246 cells, outer (913,46)..(738,443) 417 cells, target (738,443) | waypoint 2 way (758,113)..(732,204) 298 cells, outer (712,46)..(732,204) 303 cells, target (732,204)
[final]    21.44s    fence for edge c1-1to2: 0 ways (2 neighbours), 0 cells closed
[final]    21.44s    edge c1-1to2: 32 cells of its slots (20 and 20 cells) were closed and are open again
[final]    21.45s    fence for edge c1-1to2: 0 ways (2 neighbours), 0 cells closed
[final]    21.45s    edge c1-1to2: 5 cells of its slots (20 and 20 cells) were closed and are open again
[final]    21.47s    edge of chain 1 from 1 to 2: no way; source (886, 193) heading 1 -> (871, 178) free, target (721, 135) heading 7 -> (706, 150) free | waypoint 1 way (896,211)..(738,443) 246 cells, outer (913,46)..(738,443) 417 cells, target (738,443) | waypoint 2 way (731,117)..(732,204) 285 cells, outer (712,46)..(732,204) 303 cells, target (732,204)
[final]    21.47s    fence for edge c1-1to2: 0 ways (2 neighbours), 0 cells closed
[final]    21.47s    edge c1-1to2: 5 cells of its slots (20 and 20 cells) were closed and are open again
[final]    21.49s    edge of chain 1 from 1 to 2: no way; source (886, 193) heading 1 -> (871, 178) free, target (721, 135) heading 7 -> (706, 150) free | waypoint 1 way (896,211)..(738,443) 246 cells, outer (913,46)..(738,443) 417 cells, target (738,443) | waypoint 2 way (731,117)..(732,204) 285 cells, outer (712,46)..(732,204) 303 cells, target (732,204)
[final]    21.49s    fence for edge c1-1to2: 0 ways (2 neighbours), 0 cells closed
[final]    21.49s    edge c1-1to2: 5 cells of its slots (20 and 20 cells) were closed and are open again
[final]    21.51s    [Coupler Insertion] chain 1 edge 1->2: a way of 240 cells refused, squeezed at (736,207): 1 wire (26) in 18 cells to the artwork, need 39 (19 + 1 x 20), short by 21
[final]    21.51s    edge of chain 1 from 1 to 2: no way; source (886, 193) heading 1 -> (871, 178) free, target (748, 131) heading 7 -> (733, 146) free | waypoint 1 way (896,211)..(738,443) 246 cells, outer (913,46)..(738,443) 417 cells, target (738,443) | waypoint 2 way (758,113)..(732,204) 298 cells, outer (712,46)..(732,204) 303 cells, target (732,204)
[final]    21.51s    fence for edge c1-1to2: 0 ways (2 neighbours), 0 cells closed
[final]    21.51s    edge c1-1to2: 5 cells of its slots (20 and 20 cells) were closed and are open again
[final]    21.53s    [Coupler Insertion] chain 1 edge 1->2: a way of 240 cells refused, squeezed at (736,207): 1 wire (26) in 18 cells to the artwork, need 39 (19 + 1 x 20), short by 21
[final]    21.53s    edge of chain 1 from 1 to 2: no way; source (886, 193) heading 1 -> (871, 178) free, target (748, 131) heading 7 -> (733, 146) free | waypoint 1 way (896,211)..(738,443) 246 cells, outer (913,46)..(738,443) 417 cells, target (738,443) | waypoint 2 way (758,113)..(732,204) 298 cells, outer (712,46)..(732,204) 303 cells, target (732,204)
[final]    21.53s    fence for edge c1-1to2: 0 ways (2 neighbours), 0 cells closed
[final]    21.53s    edge c1-1to2: 16 cells of its slots (20 and 20 cells) were closed and are open again
[final]    21.54s    fence for edge c1-1to2: 0 ways (2 neighbours), 0 cells closed
[final]    21.54s    edge c1-1to2: 5 cells of its slots (20 and 26 cells) were closed and are open again
[final]    21.56s    [Coupler Insertion] chain 1 edge 1->2: a way of 296 cells refused, squeezed at (747,177): 1 wire (26) in 24 cells to the artwork, need 39 (19 + 1 x 20), short by 15
[final]    21.56s    edge of chain 1 from 1 to 2: no way; source (833, 228) heading 3 -> (818, 243) free, target (682, 141) heading 6 -> (661, 141) free | waypoint 1 way (851,218)..(738,443) 246 cells, outer (913,46)..(738,443) 417 cells, target (738,443) | waypoint 2 way (702,137)..(732,204) 260 cells, outer (712,46)..(732,204) 303 cells, target (732,204)
[final]    21.56s    fence for edge c1-1to2: 0 ways (2 neighbours), 0 cells closed
[final]    21.56s    edge c1-1to2: 5 cells of its slots (20 and 26 cells) were closed and are open again
[final]    21.58s    [Coupler Insertion] chain 1 edge 1->2: a way of 296 cells refused, squeezed at (747,177): 1 wire (26) in 24 cells to the artwork, need 39 (19 + 1 x 20), short by 15
[final]    21.58s    edge of chain 1 from 1 to 2: no way; source (833, 228) heading 3 -> (818, 243) free, target (682, 141) heading 6 -> (661, 141) free | waypoint 1 way (851,218)..(738,443) 246 cells, outer (913,46)..(738,443) 417 cells, target (738,443) | waypoint 2 way (702,137)..(732,204) 260 cells, outer (712,46)..(732,204) 303 cells, target (732,204)
[final]    21.58s    fence for edge c1-1to2: 0 ways (2 neighbours), 0 cells closed
[final]    21.60s    [Coupler Insertion] chain 1 edge 1->2: a way of 218 cells refused, squeezed at (747,177): 1 wire (26) in 24 cells to the artwork, need 39 (19 + 1 x 20), short by 15
[final]    21.60s    edge of chain 1 from 1 to 2: no way; source (833, 228) heading 3 -> (818, 243) free, target (712, 119) heading 6 -> (691, 119) free | waypoint 1 way (851,218)..(738,443) 246 cells, outer (913,46)..(738,443) 417 cells, target (738,443) | waypoint 2 way (732,115)..(732,204) 329 cells, outer (712,46)..(732,204) 303 cells, target (732,204)
[final]    21.60s    fence for edge c1-1to2: 0 ways (2 neighbours), 0 cells closed
[final]    21.62s    [Coupler Insertion] chain 1 edge 1->2: a way of 218 cells refused, squeezed at (747,177): 1 wire (26) in 24 cells to the artwork, need 39 (19 + 1 x 20), short by 15
[final]    21.62s    edge of chain 1 from 1 to 2: no way; source (833, 228) heading 3 -> (818, 243) free, target (712, 119) heading 6 -> (691, 119) free | waypoint 1 way (851,218)..(738,443) 246 cells, outer (913,46)..(738,443) 417 cells, target (738,443) | waypoint 2 way (732,115)..(732,204) 329 cells, outer (712,46)..(732,204) 303 cells, target (732,204)
[final]    21.62s    fence for edge c1-1to2: 0 ways (2 neighbours), 0 cells closed
[final]    21.62s    edge c1-1to2: 24 cells of its slots (20 and 26 cells) were closed and are open again
[final]    21.62s    edge of chain 1 from 1 to 2: no way; source (833, 228) heading 3 -> (818, 243) free, target (712, 141) heading 6 -> (691, 141) free | waypoint 1 way (851,218)..(738,443) 246 cells, outer (913,46)..(738,443) 417 cells, target (738,443) | waypoint 2 way (712,137)..(732,204) 260 cells, outer (712,46)..(732,204) 303 cells, target (732,204)
[final]    21.63s    fence for edge c1-1to2: 0 ways (2 neighbours), 0 cells closed
[final]    21.63s    edge c1-1to2: 24 cells of its slots (20 and 26 cells) were closed and are open again
[final]    21.63s    edge of chain 1 from 1 to 2: no way; source (833, 228) heading 3 -> (818, 243) free, target (712, 141) heading 6 -> (691, 141) free | waypoint 1 way (851,218)..(738,443) 246 cells, outer (913,46)..(738,443) 417 cells, target (738,443) | waypoint 2 way (712,137)..(732,204) 260 cells, outer (712,46)..(732,204) 303 cells, target (732,204)
[final]    21.63s    fence for edge c1-1to2: 0 ways (2 neighbours), 0 cells closed
[final]    21.63s    edge c1-1to2: 24 cells of its slots (20 and 26 cells) were closed and are open again
[final]    21.64s    [Coupler Insertion] chain 1 edge 1->2: a way of 191 cells refused, squeezed at (747,177): 1 wire (26) in 24 cells to the artwork, need 39 (19 + 1 x 20), short by 15
[final]    21.64s    edge of chain 1 from 1 to 2: no way; source (833, 228) heading 3 -> (818, 243) free, target (742, 119) heading 6 -> (721, 119) free | waypoint 1 way (851,218)..(738,443) 246 cells, outer (913,46)..(738,443) 417 cells, target (738,443) | waypoint 2 way (742,115)..(732,204) 329 cells, outer (712,46)..(732,204) 303 cells, target (732,204)
[final]    21.65s    fence for edge c1-1to2: 0 ways (2 neighbours), 0 cells closed
[final]    21.65s    edge c1-1to2: 24 cells of its slots (20 and 26 cells) were closed and are open again
[final]    21.66s    [Coupler Insertion] chain 1 edge 1->2: a way of 191 cells refused, squeezed at (747,177): 1 wire (26) in 24 cells to the artwork, need 39 (19 + 1 x 20), short by 15
[final]    21.66s    edge of chain 1 from 1 to 2: no way; source (833, 228) heading 3 -> (818, 243) free, target (742, 119) heading 6 -> (721, 119) free | waypoint 1 way (851,218)..(738,443) 246 cells, outer (913,46)..(738,443) 417 cells, target (738,443) | waypoint 2 way (742,115)..(732,204) 329 cells, outer (712,46)..(732,204) 303 cells, target (732,204)
[final]    21.67s    fence for edge c1-1to2: 0 ways (2 neighbours), 0 cells closed
[final]    21.67s    edge c1-1to2: 29 cells of its slots (26 and 26 cells) were closed and are open again
[final]    21.68s    [Coupler Insertion] chain 1 edge 1->2: a way of 283 cells refused, squeezed at (732,197): 1 wire (26) in 23 cells to the artwork, need 39 (19 + 1 x 20), short by 16
[final]    21.68s    edge of chain 1 from 1 to 2: no way; source (905, 242) heading 0 -> (905, 221) free, target (740, 132) heading 0 -> (740, 153) free | waypoint 1 way (901,242)..(738,443) 251 cells, outer (913,46)..(738,443) 417 cells, target (738,443) | waypoint 2 way (736,112)..(732,204) 274 cells, outer (712,46)..(732,204) 303 cells, target (732,204)
[final]    21.69s    fence for edge c1-1to2: 0 ways (2 neighbours), 0 cells closed
[final]    21.69s    edge c1-1to2: 29 cells of its slots (26 and 26 cells) were closed and are open again
[final]    21.71s    [Coupler Insertion] chain 1 edge 1->2: a way of 283 cells refused, squeezed at (732,197): 1 wire (26) in 23 cells to the artwork, need 39 (19 + 1 x 20), short by 16
[final]    21.71s    edge of chain 1 from 1 to 2: no way; source (905, 242) heading 0 -> (905, 221) free, target (740, 132) heading 0 -> (740, 153) free | waypoint 1 way (901,242)..(738,443) 251 cells, outer (913,46)..(738,443) 417 cells, target (738,443) | waypoint 2 way (736,112)..(732,204) 274 cells, outer (712,46)..(732,204) 303 cells, target (732,204)
[final]    21.71s    fence for edge c1-1to2: 0 ways (2 neighbours), 0 cells closed
[final]    21.71s    edge c1-1to2: 48 cells of its slots (26 and 26 cells) were closed and are open again
[final]    21.73s    [Coupler Insertion] chain 1 edge 1->2: a way of 282 cells refused, squeezed at (732,197): 1 wire (26) in 23 cells to the artwork, need 39 (19 + 1 x 20), short by 16
[final]    21.73s    edge of chain 1 from 1 to 2: no way; source (905, 242) heading 0 -> (905, 221) free, target (740, 133) heading 0 -> (740, 154) free | waypoint 1 way (901,242)..(738,443) 251 cells, outer (913,46)..(738,443) 417 cells, target (738,443) | waypoint 2 way (736,133)..(732,204) 294 cells, outer (712,46)..(732,204) 303 cells, target (732,204)
[final]    21.73s    fence for edge c1-1to2: 0 ways (2 neighbours), 0 cells closed
[final]    21.73s    edge c1-1to2: 48 cells of its slots (26 and 26 cells) were closed and are open again
[final]    21.75s    [Coupler Insertion] chain 1 edge 1->2: a way of 282 cells refused, squeezed at (732,197): 1 wire (26) in 23 cells to the artwork, need 39 (19 + 1 x 20), short by 16
[final]    21.75s    edge of chain 1 from 1 to 2: no way; source (905, 242) heading 0 -> (905, 221) free, target (740, 133) heading 0 -> (740, 154) free | waypoint 1 way (901,242)..(738,443) 251 cells, outer (913,46)..(738,443) 417 cells, target (738,443) | waypoint 2 way (736,133)..(732,204) 294 cells, outer (712,46)..(732,204) 303 cells, target (732,204)
[final]    21.75s    fence for edge c1-1to2: 0 ways (2 neighbours), 0 cells closed
[final]    21.75s    edge c1-1to2: 5 cells of its slots (26 and 26 cells) were closed and are open again
[final]    21.77s    [Coupler Insertion] chain 1 edge 1->2: a way of 285 cells refused, squeezed at (736,206): 1 wire (26) in 18 cells to the artwork, need 39 (19 + 1 x 20), short by 21
[final]    21.77s    edge of chain 1 from 1 to 2: no way; source (905, 212) heading 0 -> (905, 191) free, target (740, 132) heading 0 -> (740, 153) free | waypoint 1 way (901,232)..(738,443) 251 cells, outer (913,46)..(738,443) 417 cells, target (738,443) | waypoint 2 way (736,112)..(732,204) 274 cells, outer (712,46)..(732,204) 303 cells, target (732,204)
[final]    21.77s    fence for edge c1-1to2: 0 ways (2 neighbours), 0 cells closed
[final]    21.77s    edge c1-1to2: 5 cells of its slots (26 and 26 cells) were closed and are open again
[final]    21.80s    [Coupler Insertion] chain 1 edge 1->2: a way of 285 cells refused, squeezed at (736,206): 1 wire (26) in 18 cells to the artwork, need 39 (19 + 1 x 20), short by 21
[final]    21.80s    edge of chain 1 from 1 to 2: no way; source (905, 212) heading 0 -> (905, 191) free, target (740, 132) heading 0 -> (740, 153) free | waypoint 1 way (901,232)..(738,443) 251 cells, outer (913,46)..(738,443) 417 cells, target (738,443) | waypoint 2 way (736,112)..(732,204) 274 cells, outer (712,46)..(732,204) 303 cells, target (732,204)
[final]    21.81s    fence for edge c1-1to2: 0 ways (2 neighbours), 0 cells closed
[final]    21.81s    edge c1-1to2: 24 cells of its slots (26 and 26 cells) were closed and are open again
[final]    21.82s    [Coupler Insertion] chain 1 edge 1->2: a way of 284 cells refused, squeezed at (736,206): 1 wire (26) in 18 cells to the artwork, need 39 (19 + 1 x 20), short by 21
[final]    21.82s    edge of chain 1 from 1 to 2: no way; source (905, 212) heading 0 -> (905, 191) free, target (740, 133) heading 0 -> (740, 154) free | waypoint 1 way (901,232)..(738,443) 251 cells, outer (913,46)..(738,443) 417 cells, target (738,443) | waypoint 2 way (736,133)..(732,204) 294 cells, outer (712,46)..(732,204) 303 cells, target (732,204)
[final]    21.83s    fence for edge c1-1to2: 0 ways (2 neighbours), 0 cells closed
[final]    21.83s    edge c1-1to2: 24 cells of its slots (26 and 26 cells) were closed and are open again
[final]    21.85s    [Coupler Insertion] chain 1 edge 1->2: a way of 284 cells refused, squeezed at (736,206): 1 wire (26) in 18 cells to the artwork, need 39 (19 + 1 x 20), short by 21
[final]    21.85s    edge of chain 1 from 1 to 2: no way; source (905, 212) heading 0 -> (905, 191) free, target (740, 133) heading 0 -> (740, 154) free | waypoint 1 way (901,232)..(738,443) 251 cells, outer (913,46)..(738,443) 417 cells, target (738,443) | waypoint 2 way (736,133)..(732,204) 294 cells, outer (712,46)..(732,204) 303 cells, target (732,204)
[final]    21.85s    fence for edge c1-1to2: 0 ways (2 neighbours), 0 cells closed
[final]    21.85s    edge c1-1to2: 29 cells of its slots (26 and 20 cells) were closed and are open again
[final]    21.87s    [Coupler Insertion] chain 1 edge 1->2: a way of 249 cells refused, squeezed at (785,222): 1 wire (25) in 28 cells to the artwork, need 39 (19 + 1 x 20), short by 11
[final]    21.87s    edge of chain 1 from 1 to 2: no way; source (849, 232) heading 4 -> (849, 253) free, target (721, 135) heading 7 -> (706, 150) free | waypoint 1 way (853,232)..(738,443) 251 cells, outer (913,46)..(738,443) 417 cells, target (738,443) | waypoint 2 way (731,117)..(732,204) 285 cells, outer (712,46)..(732,204) 303 cells, target (732,204)
[final]    21.88s    fence for edge c1-1to2: 0 ways (2 neighbours), 0 cells closed
[final]    21.88s    edge c1-1to2: 29 cells of its slots (26 and 20 cells) were closed and are open again
[final]    21.91s    [Coupler Insertion] chain 1 edge 1->2: a way of 249 cells refused, squeezed at (785,222): 1 wire (25) in 28 cells to the artwork, need 39 (19 + 1 x 20), short by 11
[final]    21.91s    edge of chain 1 from 1 to 2: no way; source (849, 232) heading 4 -> (849, 253) free, target (721, 135) heading 7 -> (706, 150) free | waypoint 1 way (853,232)..(738,443) 251 cells, outer (913,46)..(738,443) 417 cells, target (738,443) | waypoint 2 way (731,117)..(732,204) 285 cells, outer (712,46)..(732,204) 303 cells, target (732,204)
[final]    21.91s    fence for edge c1-1to2: 0 ways (2 neighbours), 0 cells closed
[final]    21.91s    edge c1-1to2: 29 cells of its slots (26 and 20 cells) were closed and are open again
[final]    21.92s    [Coupler Insertion] chain 1 edge 1->2: a way of 234 cells refused, squeezed at (785,222): 1 wire (25) in 28 cells to the artwork, need 39 (19 + 1 x 20), short by 11
[final]    21.92s    edge of chain 1 from 1 to 2: no way; source (849, 232) heading 4 -> (849, 253) free, target (748, 131) heading 7 -> (733, 146) free | waypoint 1 way (853,232)..(738,443) 251 cells, outer (913,46)..(738,443) 417 cells, target (738,443) | waypoint 2 way (758,113)..(732,204) 298 cells, outer (712,46)..(732,204) 303 cells, target (732,204)
[final]    21.93s    fence for edge c1-1to2: 0 ways (2 neighbours), 0 cells closed
[final]    21.93s    edge c1-1to2: 29 cells of its slots (26 and 20 cells) were closed and are open again
[final]    21.94s    [Coupler Insertion] chain 1 edge 1->2: a way of 234 cells refused, squeezed at (785,222): 1 wire (25) in 28 cells to the artwork, need 39 (19 + 1 x 20), short by 11
[final]    21.94s    edge of chain 1 from 1 to 2: no way; source (849, 232) heading 4 -> (849, 253) free, target (748, 131) heading 7 -> (733, 146) free | waypoint 1 way (853,232)..(738,443) 251 cells, outer (913,46)..(738,443) 417 cells, target (738,443) | waypoint 2 way (758,113)..(732,204) 298 cells, outer (712,46)..(732,204) 303 cells, target (732,204)
[final]    21.94s    fence for edge c1-1to2: 0 ways (2 neighbours), 0 cells closed
[final]    21.94s    edge c1-1to2: 40 cells of its slots (26 and 20 cells) were closed and are open again
[final]    21.96s    [Coupler Insertion] chain 1 edge 1->2: a way of 194 cells refused, squeezed at (742,152): 1 wire (26) in 28 cells to the artwork, need 39 (19 + 1 x 20), short by 11
[final]    21.96s    edge of chain 1 from 1 to 2: no way; source (849, 232) heading 4 -> (849, 253) free, target (742, 120) heading 7 -> (727, 135) free | waypoint 1 way (853,232)..(738,443) 251 cells, outer (913,46)..(738,443) 417 cells, target (738,443) | waypoint 2 way (738,116)..(732,204) 279 cells, outer (712,46)..(732,204) 303 cells, target (732,204)
[final]    21.96s    fence for edge c1-1to2: 0 ways (2 neighbours), 0 cells closed
[final]    21.96s    edge c1-1to2: 40 cells of its slots (26 and 20 cells) were closed and are open again
[final]    21.97s    [Coupler Insertion] chain 1 edge 1->2: a way of 194 cells refused, squeezed at (742,152): 1 wire (26) in 28 cells to the artwork, need 39 (19 + 1 x 20), short by 11
[final]    21.97s    edge of chain 1 from 1 to 2: no way; source (849, 232) heading 4 -> (849, 253) free, target (742, 120) heading 7 -> (727, 135) free | waypoint 1 way (853,232)..(738,443) 251 cells, outer (913,46)..(738,443) 417 cells, target (738,443) | waypoint 2 way (738,116)..(732,204) 279 cells, outer (712,46)..(732,204) 303 cells, target (732,204)
[final]    21.98s    fence for edge c1-1to2: 0 ways (2 neighbours), 0 cells closed
[final]    21.98s    edge c1-1to2: 5 cells of its slots (26 and 20 cells) were closed and are open again
[final]    22.00s    [Coupler Insertion] chain 1 edge 1->2: a way of 249 cells refused, squeezed at (785,233): 1 wire (25) in 28 cells to the artwork, need 39 (19 + 1 x 20), short by 11
[final]    22.00s    edge of chain 1 from 1 to 2: no way; source (849, 262) heading 4 -> (849, 283) free, target (721, 135) heading 7 -> (706, 150) free | waypoint 1 way (853,242)..(738,443) 251 cells, outer (913,46)..(738,443) 417 cells, target (738,443) | waypoint 2 way (731,117)..(732,204) 285 cells, outer (712,46)..(732,204) 303 cells, target (732,204)
[final]    22.00s    fence for edge c1-1to2: 0 ways (2 neighbours), 0 cells closed
[final]    22.00s    edge c1-1to2: 5 cells of its slots (26 and 20 cells) were closed and are open again
[final]    22.03s    [Coupler Insertion] chain 1 edge 1->2: a way of 249 cells refused, squeezed at (785,233): 1 wire (25) in 28 cells to the artwork, need 39 (19 + 1 x 20), short by 11
[final]    22.03s    edge of chain 1 from 1 to 2: no way; source (849, 262) heading 4 -> (849, 283) free, target (721, 135) heading 7 -> (706, 150) free | waypoint 1 way (853,242)..(738,443) 251 cells, outer (913,46)..(738,443) 417 cells, target (738,443) | waypoint 2 way (731,117)..(732,204) 285 cells, outer (712,46)..(732,204) 303 cells, target (732,204)
[final]    22.04s    fence for edge c1-1to2: 0 ways (2 neighbours), 0 cells closed
[final]    22.04s    edge c1-1to2: 5 cells of its slots (26 and 20 cells) were closed and are open again
[final]    22.05s    [Coupler Insertion] chain 1 edge 1->2: a way of 234 cells refused, squeezed at (785,233): 1 wire (25) in 28 cells to the artwork, need 39 (19 + 1 x 20), short by 11
[final]    22.05s    edge of chain 1 from 1 to 2: no way; source (849, 262) heading 4 -> (849, 283) free, target (748, 131) heading 7 -> (733, 146) free | waypoint 1 way (853,242)..(738,443) 251 cells, outer (913,46)..(738,443) 417 cells, target (738,443) | waypoint 2 way (758,113)..(732,204) 298 cells, outer (712,46)..(732,204) 303 cells, target (732,204)
[final]    22.05s    fence for edge c1-1to2: 0 ways (2 neighbours), 0 cells closed
[final]    22.05s    edge c1-1to2: 5 cells of its slots (26 and 20 cells) were closed and are open again
[final]    22.07s    [Coupler Insertion] chain 1 edge 1->2: a way of 234 cells refused, squeezed at (785,233): 1 wire (25) in 28 cells to the artwork, need 39 (19 + 1 x 20), short by 11
[final]    22.07s    edge of chain 1 from 1 to 2: no way; source (849, 262) heading 4 -> (849, 283) free, target (748, 131) heading 7 -> (733, 146) free | waypoint 1 way (853,242)..(738,443) 251 cells, outer (913,46)..(738,443) 417 cells, target (738,443) | waypoint 2 way (758,113)..(732,204) 298 cells, outer (712,46)..(732,204) 303 cells, target (732,204)
[final]    22.07s    fence for edge c1-1to2: 0 ways (2 neighbours), 0 cells closed
[final]    22.07s    edge c1-1to2: 16 cells of its slots (26 and 20 cells) were closed and are open again
[final]    22.08s    [Coupler Insertion] chain 1 edge 1->2: a way of 223 cells refused, squeezed at (785,232): 1 wire (25) in 28 cells to the artwork, need 39 (19 + 1 x 20), short by 11
[final]    22.08s    edge of chain 1 from 1 to 2: no way; source (849, 262) heading 4 -> (849, 283) free, target (742, 120) heading 7 -> (727, 135) free | waypoint 1 way (853,242)..(738,443) 251 cells, outer (913,46)..(738,443) 417 cells, target (738,443) | waypoint 2 way (738,116)..(732,204) 279 cells, outer (712,46)..(732,204) 303 cells, target (732,204)
[final]    22.09s    fence for edge c1-1to2: 0 ways (2 neighbours), 0 cells closed
[final]    22.09s    edge c1-1to2: 16 cells of its slots (26 and 20 cells) were closed and are open again
[final]    22.10s    [Coupler Insertion] chain 1 edge 1->2: a way of 223 cells refused, squeezed at (785,232): 1 wire (25) in 28 cells to the artwork, need 39 (19 + 1 x 20), short by 11
[final]    22.10s    edge of chain 1 from 1 to 2: no way; source (849, 262) heading 4 -> (849, 283) free, target (742, 120) heading 7 -> (727, 135) free | waypoint 1 way (853,242)..(738,443) 251 cells, outer (913,46)..(738,443) 417 cells, target (738,443) | waypoint 2 way (738,116)..(732,204) 279 cells, outer (712,46)..(732,204) 303 cells, target (732,204)
[final]    22.10s    fence for edge c1-1to2: 0 ways (2 neighbours), 0 cells closed
[final]    22.10s    edge c1-1to2: 22 cells of its slots (20 and 26 cells) were closed and are open again
[final]    22.11s    [Coupler Insertion] chain 1 edge 1->2: a way of 240 cells refused, squeezed at (734,195): 1 wire (26) in 25 cells to the artwork, need 39 (19 + 1 x 20), short by 14
[final]    22.11s    edge of chain 1 from 1 to 2: no way; source (847, 260) heading 5 -> (862, 275) free, target (740, 132) heading 0 -> (740, 153) free | waypoint 1 way (851,256)..(738,443) 246 cells, outer (913,46)..(738,443) 417 cells, target (738,443) | waypoint 2 way (736,112)..(732,204) 274 cells, outer (712,46)..(732,204) 303 cells, target (732,204)
[final]    22.12s    fence for edge c1-1to2: 0 ways (2 neighbours), 0 cells closed
[final]    22.12s    edge c1-1to2: 22 cells of its slots (20 and 26 cells) were closed and are open again
[final]    22.13s    [Coupler Insertion] chain 1 edge 1->2: a way of 240 cells refused, squeezed at (734,195): 1 wire (26) in 25 cells to the artwork, need 39 (19 + 1 x 20), short by 14
[final]    22.13s    edge of chain 1 from 1 to 2: no way; source (847, 260) heading 5 -> (862, 275) free, target (740, 132) heading 0 -> (740, 153) free | waypoint 1 way (851,256)..(738,443) 246 cells, outer (913,46)..(738,443) 417 cells, target (738,443) | waypoint 2 way (736,112)..(732,204) 274 cells, outer (712,46)..(732,204) 303 cells, target (732,204)
[final]    22.13s    fence for edge c1-1to2: 0 ways (2 neighbours), 0 cells closed
[final]    22.13s    edge c1-1to2: 41 cells of its slots (20 and 26 cells) were closed and are open again
[final]    22.14s    [Coupler Insertion] chain 1 edge 1->2: a way of 239 cells refused, squeezed at (734,195): 1 wire (26) in 25 cells to the artwork, need 39 (19 + 1 x 20), short by 14
[final]    22.14s    edge of chain 1 from 1 to 2: no way; source (847, 260) heading 5 -> (862, 275) free, target (740, 133) heading 0 -> (740, 154) free | waypoint 1 way (851,256)..(738,443) 246 cells, outer (913,46)..(738,443) 417 cells, target (738,443) | waypoint 2 way (736,133)..(732,204) 294 cells, outer (712,46)..(732,204) 303 cells, target (732,204)
[final]    22.15s    fence for edge c1-1to2: 0 ways (2 neighbours), 0 cells closed
[final]    22.15s    edge c1-1to2: 41 cells of its slots (20 and 26 cells) were closed and are open again
[final]    22.16s    [Coupler Insertion] chain 1 edge 1->2: a way of 239 cells refused, squeezed at (734,195): 1 wire (26) in 25 cells to the artwork, need 39 (19 + 1 x 20), short by 14
[final]    22.16s    edge of chain 1 from 1 to 2: no way; source (847, 260) heading 5 -> (862, 275) free, target (740, 133) heading 0 -> (740, 154) free | waypoint 1 way (851,256)..(738,443) 246 cells, outer (913,46)..(738,443) 417 cells, target (738,443) | waypoint 2 way (736,133)..(732,204) 294 cells, outer (712,46)..(732,204) 303 cells, target (732,204)
[final]    22.16s    fence for edge c1-1to2: 0 ways (2 neighbours), 0 cells closed
[final]    22.16s    edge c1-1to2: 5 cells of its slots (20 and 26 cells) were closed and are open again
[final]    22.21s    [Coupler Insertion] chain 1 edge 1->2: a way of 542 cells refused, squeezed at (783,417): 1 wire (22) in 12 cells to the artwork, need 39 (19 + 1 x 20), short by 27
[final]    22.21s    edge of chain 1 from 1 to 2: no way; source (864, 320) heading 5 -> (879, 335) free, target (740, 132) heading 0 -> (740, 153) free | waypoint 1 way (854,302)..(738,443) 205 cells, outer (913,46)..(738,443) 417 cells, target (738,443) | waypoint 2 way (736,112)..(732,204) 274 cells, outer (712,46)..(732,204) 303 cells, target (732,204)
[final]    22.21s    fence for edge c1-1to2: 0 ways (2 neighbours), 0 cells closed
[final]    22.21s    edge c1-1to2: 5 cells of its slots (20 and 26 cells) were closed and are open again
[final]    22.25s    [Coupler Insertion] chain 1 edge 1->2: a way of 335 cells refused, squeezed at (734,195): 1 wire (26) in 25 cells to the artwork, need 39 (19 + 1 x 20), short by 14
[final]    22.25s    edge of chain 1 from 1 to 2: no way; source (864, 320) heading 5 -> (879, 335) free, target (740, 132) heading 0 -> (740, 153) free | waypoint 1 way (854,302)..(738,443) 205 cells, outer (913,46)..(738,443) 417 cells, target (738,443) | waypoint 2 way (736,112)..(732,204) 274 cells, outer (712,46)..(732,204) 303 cells, target (732,204)
[final]    22.26s    fence for edge c1-1to2: 0 ways (2 neighbours), 0 cells closed
[final]    22.26s    edge c1-1to2: 24 cells of its slots (20 and 26 cells) were closed and are open again
[final]    22.30s    [Coupler Insertion] chain 1 edge 1->2: a way of 541 cells refused, squeezed at (783,417): 1 wire (22) in 12 cells to the artwork, need 39 (19 + 1 x 20), short by 27
[final]    22.30s    edge of chain 1 from 1 to 2: no way; source (864, 320) heading 5 -> (879, 335) free, target (740, 133) heading 0 -> (740, 154) free | waypoint 1 way (854,302)..(738,443) 205 cells, outer (913,46)..(738,443) 417 cells, target (738,443) | waypoint 2 way (736,133)..(732,204) 294 cells, outer (712,46)..(732,204) 303 cells, target (732,204)
[final]    22.30s    fence for edge c1-1to2: 0 ways (2 neighbours), 0 cells closed
[final]    22.30s    edge c1-1to2: 24 cells of its slots (20 and 26 cells) were closed and are open again
[final]    22.34s    [Coupler Insertion] chain 1 edge 1->2: a way of 334 cells refused, squeezed at (734,195): 1 wire (26) in 25 cells to the artwork, need 39 (19 + 1 x 20), short by 14
[final]    22.34s    edge of chain 1 from 1 to 2: no way; source (864, 320) heading 5 -> (879, 335) free, target (740, 133) heading 0 -> (740, 154) free | waypoint 1 way (854,302)..(738,443) 205 cells, outer (913,46)..(738,443) 417 cells, target (738,443) | waypoint 2 way (736,133)..(732,204) 294 cells, outer (712,46)..(732,204) 303 cells, target (732,204)
[final]    22.34s    fence for edge c1-1to2: 0 ways (2 neighbours), 0 cells closed
[final]    22.34s    edge c1-1to2: 29 cells of its slots (26 and 26 cells) were closed and are open again
[final]    22.39s    [Coupler Insertion] chain 1 edge 1->2: a way of 567 cells refused, squeezed at (768,437): 1 wire (22) in 11 cells to the artwork, need 39 (19 + 1 x 20), short by 28
[final]    22.39s    edge of chain 1 from 1 to 2: no way; source (868, 304) heading 6 -> (889, 304) free, target (740, 132) heading 0 -> (740, 153) free | waypoint 1 way (868,300)..(738,443) 210 cells, outer (913,46)..(738,443) 417 cells, target (738,443) | waypoint 2 way (736,112)..(732,204) 274 cells, outer (712,46)..(732,204) 303 cells, target (732,204)
[final]    22.39s    fence for edge c1-1to2: 0 ways (2 neighbours), 0 cells closed
[final]    22.39s    edge c1-1to2: 29 cells of its slots (26 and 26 cells) were closed and are open again
[final]    22.43s    [Coupler Insertion] chain 1 edge 1->2: a way of 310 cells refused, squeezed at (730,199): 1 wire (26) in 20 cells to the artwork, need 39 (19 + 1 x 20), short by 19
[final]    22.43s    edge of chain 1 from 1 to 2: no way; source (868, 304) heading 6 -> (889, 304) free, target (740, 132) heading 0 -> (740, 153) free | waypoint 1 way (868,300)..(738,443) 210 cells, outer (913,46)..(738,443) 417 cells, target (738,443) | waypoint 2 way (736,112)..(732,204) 274 cells, outer (712,46)..(732,204) 303 cells, target (732,204)
[final]    22.43s    fence for edge c1-1to2: 0 ways (2 neighbours), 0 cells closed
[final]    22.43s    edge c1-1to2: 48 cells of its slots (26 and 26 cells) were closed and are open again
[final]    22.47s    [Coupler Insertion] chain 1 edge 1->2: a way of 566 cells refused, squeezed at (768,437): 1 wire (22) in 11 cells to the artwork, need 39 (19 + 1 x 20), short by 28
[final]    22.47s    edge of chain 1 from 1 to 2: no way; source (868, 304) heading 6 -> (889, 304) free, target (740, 133) heading 0 -> (740, 154) free | waypoint 1 way (868,300)..(738,443) 210 cells, outer (913,46)..(738,443) 417 cells, target (738,443) | waypoint 2 way (736,133)..(732,204) 294 cells, outer (712,46)..(732,204) 303 cells, target (732,204)
[final]    22.48s    fence for edge c1-1to2: 0 ways (2 neighbours), 0 cells closed
[final]    22.48s    edge c1-1to2: 48 cells of its slots (26 and 26 cells) were closed and are open again
[final]    22.51s    [Coupler Insertion] chain 1 edge 1->2: a way of 309 cells refused, squeezed at (730,199): 1 wire (26) in 20 cells to the artwork, need 39 (19 + 1 x 20), short by 19
[final]    22.51s    edge of chain 1 from 1 to 2: no way; source (868, 304) heading 6 -> (889, 304) free, target (740, 133) heading 0 -> (740, 154) free | waypoint 1 way (868,300)..(738,443) 210 cells, outer (913,46)..(738,443) 417 cells, target (738,443) | waypoint 2 way (736,133)..(732,204) 294 cells, outer (712,46)..(732,204) 303 cells, target (732,204)
[final]    22.51s    fence for edge c1-1to2: 0 ways (2 neighbours), 0 cells closed
[final]    22.51s    edge c1-1to2: 21 cells of its slots (20 and 20 cells) were closed and are open again
[final]    22.51s    edge of chain 1 from 1 to 2: no way; source (921, 246) heading 7 -> (936, 231) free, target (778, 124) heading 1 -> (793, 139) free | waypoint 1 way (903,256)..(738,443) 246 cells, outer (913,46)..(738,443) 417 cells, target (738,443) | waypoint 2 way (760,114)..(732,204) 284 cells, outer (712,46)..(732,204) 303 cells, target (732,204)
[final]    22.52s    fence for edge c1-1to2: 0 ways (2 neighbours), 0 cells closed
[final]    22.53s    fence for edge c1-0to1: 0 ways (1 neighbours), 0 cells closed
[final]    22.53s    edge c1-0to1: 16 cells of its slots (20 and 20 cells) were closed and are open again
[final]    22.54s    [Coupler Insertion]   chain 1 edge 1: no way after edge 0, but both fit with edge 1 laid first — edge 0 redone at 50000 instead of 50000
[final]    22.54s    fence for edge c1-2to3: 0 ways (2 neighbours), 0 cells closed
[final]    22.54s    edge c1-2to3: 16 cells of its slots (20 and 20 cells) were closed and are open again
[final]    22.55s    [Coupler Insertion] chain 1 edge 2->3: a way of 579 cells refused, squeezed at (375,93): 1 wire (29) in 25 cells to the artwork, need 39 (19 + 1 x 20), short by 14
[final]    22.55s    edge of chain 1 from 2 to 3: no way; source (764, 110) heading 1 -> (749, 95) free, target (319, 188) heading 7 -> (304, 203) free | waypoint 2 way (760,114)..(732,204) 284 cells, outer (712,46)..(732,204) 303 cells, target (732,204) | waypoint 3 way (329,170)..(432,260) 234 cells, outer (412,46)..(432,260) 276 cells, target (432,260)
[final]    22.55s    fence for edge c1-2to3: 0 ways (2 neighbours), 0 cells closed
[final]    22.55s    edge c1-2to3: 32 cells of its slots (20 and 20 cells) were closed and are open again
[final]    22.56s    [Coupler Insertion] chain 1 edge 2->3: a way of 558 cells refused, squeezed at (375,93): 1 wire (29) in 25 cells to the artwork, need 39 (19 + 1 x 20), short by 14
[final]    22.56s    edge of chain 1 from 2 to 3: no way; source (764, 110) heading 1 -> (749, 95) free, target (340, 167) heading 7 -> (325, 182) free | waypoint 2 way (760,114)..(732,204) 284 cells, outer (712,46)..(732,204) 303 cells, target (732,204) | waypoint 3 way (336,163)..(432,260) 234 cells, outer (412,46)..(432,260) 276 cells, target (432,260)
[final]    22.57s    fence for edge c1-2to3: 0 ways (2 neighbours), 0 cells closed
[final]    22.57s    edge c1-2to3: 16 cells of its slots (20 and 26 cells) were closed and are open again
[final]    22.57s    edge of chain 1 from 2 to 3: no way; source (762, 117) heading 7 -> (777, 102) free, target (305, 145) heading 6 -> (284, 145) free | waypoint 2 way (758,113)..(732,204) 298 cells, outer (712,46)..(732,204) 303 cells, target (732,204) | waypoint 3 way (325,141)..(432,260) 210 cells, outer (412,46)..(432,260) 276 cells, target (432,260)
[final]    22.57s    fence for edge c1-2to3: 0 ways (2 neighbours), 0 cells closed
[final]    22.57s    edge c1-2to3: 16 cells of its slots (20 and 26 cells) were closed and are open again
[final]    22.58s    edge of chain 1 from 2 to 3: no way; source (762, 117) heading 7 -> (777, 102) free, target (280, 150) heading 6 -> (259, 150) free | waypoint 2 way (758,113)..(732,204) 298 cells, outer (712,46)..(732,204) 303 cells, target (732,204) | waypoint 3 way (300,146)..(432,260) 244 cells, outer (412,46)..(432,260) 276 cells, target (432,260)
[final]    22.58s    fence for edge c1-2to3: 0 ways (2 neighbours), 0 cells closed
[final]    22.58s    edge c1-2to3: 40 cells of its slots (20 and 26 cells) were closed and are open again
[final]    22.58s    edge of chain 1 from 2 to 3: no way; source (762, 117) heading 7 -> (777, 102) free, target (405, 119) heading 6 -> (384, 119) free | waypoint 2 way (758,113)..(732,204) 298 cells, outer (712,46)..(732,204) 303 cells, target (732,204) | waypoint 3 way (405,115)..(432,260) 299 cells, outer (412,46)..(432,260) 276 cells, target (432,260)
[final]    22.59s    fence for edge c1-2to3: 0 ways (2 neighbours), 0 cells closed
[final]    22.59s    edge c1-2to3: 40 cells of its slots (20 and 26 cells) were closed and are open again
[final]    22.59s    edge of chain 1 from 2 to 3: no way; source (762, 117) heading 7 -> (777, 102) free, target (310, 150) heading 6 -> (289, 150) free | waypoint 2 way (758,113)..(732,204) 298 cells, outer (712,46)..(732,204) 303 cells, target (732,204) | waypoint 3 way (310,146)..(432,260) 244 cells, outer (412,46)..(432,260) 276 cells, target (432,260)
[final]    22.59s    fence for edge c1-2to3: 0 ways (2 neighbours), 0 cells closed
[final]    22.64s    [Coupler Insertion] chain 1 edge 2->3: a way of 599 cells refused, squeezed at (373,81): 1 wire (29) in 37 cells to the artwork, need 39 (19 + 1 x 20), short by 2
[final]    22.64s    edge of chain 1 from 2 to 3: no way; source (756, 106) heading 7 -> (771, 91) free, target (259, 106) heading 5 -> (244, 91) free | waypoint 2 way (738,116)..(732,204) 279 cells, outer (712,46)..(732,204) 303 cells, target (732,204) | waypoint 3 way (277,116)..(432,260) 234 cells, outer (412,46)..(432,260) 276 cells, target (432,260)
[final]    22.64s    fence for edge c1-2to3: 0 ways (2 neighbours), 0 cells closed
[final]    22.64s    edge c1-2to3: 16 cells of its slots (20 and 20 cells) were closed and are open again
[final]    22.67s    [Coupler Insertion] chain 1 edge 2->3: a way of 569 cells refused, squeezed at (373,81): 1 wire (29) in 37 cells to the artwork, need 39 (19 + 1 x 20), short by 2
[final]    22.67s    edge of chain 1 from 2 to 3: no way; source (756, 106) heading 7 -> (771, 91) free, target (280, 127) heading 5 -> (265, 112) free | waypoint 2 way (738,116)..(732,204) 279 cells, outer (712,46)..(732,204) 303 cells, target (732,204) | waypoint 3 way (284,123)..(432,260) 234 cells, outer (412,46)..(432,260) 276 cells, target (432,260)
[final]    22.68s    fence for edge c1-1to2: 0 ways (2 neighbours), 0 cells closed
[final]    22.68s    edge c1-1to2: 29 cells of its slots (26 and 20 cells) were closed and are open again
[final]    22.69s    fence for edge c1-2to3: 0 ways (2 neighbours), 0 cells closed
[final]    22.69s    edge c1-2to3: 16 cells of its slots (20 and 26 cells) were closed and are open again
[final]    22.69s    [Coupler Insertion] chain 1 edge 2->3: a way of 389 cells refused, squeezed at (375,86): 1 wire (29) in 32 cells to the artwork, need 39 (19 + 1 x 20), short by 7
[final]    22.69s    edge of chain 1 from 2 to 3: no way; source (677, 136) heading 5 -> (692, 151) free, target (332, 86) heading 2 -> (353, 86) free | waypoint 2 way (681,132)..(732,204) 255 cells, outer (712,46)..(732,204) 303 cells, target (732,204) | waypoint 3 way (312,90)..(432,260) 242 cells, outer (412,46)..(432,260) 276 cells, target (432,260)
[final]    22.69s    fence for edge c1-2to3: 0 ways (2 neighbours), 0 cells closed
[final]    22.69s    edge c1-2to3: 40 cells of its slots (20 and 26 cells) were closed and are open again
[final]    22.70s    [Coupler Insertion] chain 1 edge 2->3: a way of 419 cells refused, squeezed at (375,86): 1 wire (29) in 32 cells to the artwork, need 39 (19 + 1 x 20), short by 7
[final]    22.70s    edge of chain 1 from 2 to 3: no way; source (677, 136) heading 5 -> (692, 151) free, target (302, 86) heading 2 -> (323, 86) free | waypoint 2 way (681,132)..(732,204) 255 cells, outer (712,46)..(732,204) 303 cells, target (732,204) | waypoint 3 way (302,90)..(432,260) 242 cells, outer (412,46)..(432,260) 276 cells, target (432,260)
[final]    22.70s    fence for edge c1-2to3: 0 ways (2 neighbours), 0 cells closed
[final]    22.70s    edge c1-2to3: 16 cells of its slots (20 and 20 cells) were closed and are open again
[final]    22.71s    [Coupler Insertion] chain 1 edge 2->3: a way of 417 cells refused, squeezed at (375,90): 1 wire (29) in 28 cells to the artwork, need 39 (19 + 1 x 20), short by 11
[final]    22.71s    edge of chain 1 from 2 to 3: no way; source (677, 136) heading 5 -> (692, 151) free, target (307, 106) heading 3 -> (322, 91) free | waypoint 2 way (681,132)..(732,204) 255 cells, outer (712,46)..(732,204) 303 cells, target (732,204) | waypoint 3 way (297,124)..(432,260) 221 cells, outer (412,46)..(432,260) 276 cells, target (432,260)
[final]    22.71s    fence for edge c1-2to3: 0 ways (2 neighbours), 0 cells closed
[final]    22.71s    edge c1-2to3: 32 cells of its slots (20 and 20 cells) were closed and are open again
[final]    22.71s    [Coupler Insertion] chain 1 edge 2->3: a way of 451 cells refused, squeezed at (375,97): 1 wire (29) in 21 cells to the artwork, need 39 (19 + 1 x 20), short by 18
[final]    22.71s    edge of chain 1 from 2 to 3: no way; source (677, 136) heading 5 -> (692, 151) free, target (273, 114) heading 3 -> (288, 99) free | waypoint 2 way (681,132)..(732,204) 255 cells, outer (712,46)..(732,204) 303 cells, target (732,204) | waypoint 3 way (277,118)..(432,260) 234 cells, outer (412,46)..(432,260) 276 cells, target (432,260)
[final]    22.72s    fence for edge c1-2to3: 0 ways (2 neighbours), 0 cells closed
[final]    22.72s    edge c1-2to3: 16 cells of its slots (20 and 26 cells) were closed and are open again
[final]    22.72s    [Coupler Insertion] chain 1 edge 2->3: a way of 453 cells refused, squeezed at (375,91): 1 wire (29) in 27 cells to the artwork, need 39 (19 + 1 x 20), short by 12
[final]    22.72s    edge of chain 1 from 2 to 3: no way; source (677, 136) heading 5 -> (692, 151) free, target (297, 117) heading 4 -> (297, 96) free | waypoint 2 way (681,132)..(732,204) 255 cells, outer (712,46)..(732,204) 303 cells, target (732,204) | waypoint 3 way (301,137)..(432,260) 244 cells, outer (412,46)..(432,260) 276 cells, target (432,260)
[final]    22.73s    fence for edge c1-2to3: 0 ways (2 neighbours), 0 cells closed
[final]    22.73s    edge c1-2to3: 40 cells of its slots (20 and 26 cells) were closed and are open again
[final]    22.73s    [Coupler Insertion] chain 1 edge 2->3: a way of 453 cells refused, squeezed at (375,98): 1 wire (29) in 20 cells to the artwork, need 39 (19 + 1 x 20), short by 19
[final]    22.73s    edge of chain 1 from 2 to 3: no way; source (677, 136) heading 5 -> (692, 151) free, target (297, 147) heading 4 -> (297, 126) free | waypoint 2 way (681,132)..(732,204) 255 cells, outer (712,46)..(732,204) 303 cells, target (732,204) | waypoint 3 way (301,147)..(432,260) 244 cells, outer (412,46)..(432,260) 276 cells, target (432,260)
[final]    22.73s    fence for edge c1-1to2: 0 ways (2 neighbours), 0 cells closed
[final]    22.73s    edge c1-1to2: 29 cells of its slots (26 and 20 cells) were closed and are open again
[final]    22.74s    fence for edge c1-2to3: 0 ways (2 neighbours), 0 cells closed
[final]    22.74s    edge c1-2to3: 16 cells of its slots (20 and 26 cells) were closed and are open again
[final]    22.75s    [Coupler Insertion] chain 1 edge 2->3: a way of 414 cells refused, squeezed at (375,86): 1 wire (29) in 32 cells to the artwork, need 39 (19 + 1 x 20), short by 7
[final]    22.75s    edge of chain 1 from 2 to 3: no way; source (702, 141) heading 5 -> (717, 156) free, target (332, 86) heading 2 -> (353, 86) free | waypoint 2 way (706,137)..(732,204) 314 cells, outer (712,46)..(732,204) 303 cells, target (732,204) | waypoint 3 way (312,90)..(432,260) 242 cells, outer (412,46)..(432,260) 276 cells, target (432,260)
[final]    22.75s    fence for edge c1-2to3: 0 ways (2 neighbours), 0 cells closed
[final]    22.75s    edge c1-2to3: 40 cells of its slots (20 and 26 cells) were closed and are open again
[final]    22.76s    [Coupler Insertion] chain 1 edge 2->3: a way of 444 cells refused, squeezed at (375,86): 1 wire (29) in 32 cells to the artwork, need 39 (19 + 1 x 20), short by 7
[final]    22.76s    edge of chain 1 from 2 to 3: no way; source (702, 141) heading 5 -> (717, 156) free, target (302, 86) heading 2 -> (323, 86) free | waypoint 2 way (706,137)..(732,204) 314 cells, outer (712,46)..(732,204) 303 cells, target (732,204) | waypoint 3 way (302,90)..(432,260) 242 cells, outer (412,46)..(432,260) 276 cells, target (432,260)
[final]    22.76s    fence for edge c1-2to3: 0 ways (2 neighbours), 0 cells closed
[final]    22.76s    edge c1-2to3: 16 cells of its slots (20 and 20 cells) were closed and are open again
[final]    22.76s    [Coupler Insertion] chain 1 edge 2->3: a way of 442 cells refused, squeezed at (375,90): 1 wire (29) in 28 cells to the artwork, need 39 (19 + 1 x 20), short by 11
[final]    22.76s    edge of chain 1 from 2 to 3: no way; source (702, 141) heading 5 -> (717, 156) free, target (307, 106) heading 3 -> (322, 91) free | waypoint 2 way (706,137)..(732,204) 314 cells, outer (712,46)..(732,204) 303 cells, target (732,204) | waypoint 3 way (297,124)..(432,260) 221 cells, outer (412,46)..(432,260) 276 cells, target (432,260)
[final]    22.77s    fence for edge c1-2to3: 0 ways (2 neighbours), 0 cells closed
[final]    22.77s    edge c1-2to3: 32 cells of its slots (20 and 20 cells) were closed and are open again
[final]    22.77s    [Coupler Insertion] chain 1 edge 2->3: a way of 437 cells refused, squeezed at (375,89): 1 wire (29) in 29 cells to the artwork, need 39 (19 + 1 x 20), short by 10
[final]    22.77s    edge of chain 1 from 2 to 3: no way; source (702, 141) heading 5 -> (717, 156) free, target (312, 106) heading 3 -> (327, 91) free | waypoint 2 way (706,137)..(732,204) 314 cells, outer (712,46)..(732,204) 303 cells, target (732,204) | waypoint 3 way (316,110)..(432,260) 193 cells, outer (412,46)..(432,260) 276 cells, target (432,260)
[final]    22.78s    fence for edge c1-2to3: 0 ways (2 neighbours), 0 cells closed
[final]    22.78s    edge c1-2to3: 32 cells of its slots (20 and 20 cells) were closed and are open again
[final]    22.78s    [Coupler Insertion] chain 1 edge 2->3: a way of 476 cells refused, squeezed at (375,97): 1 wire (29) in 21 cells to the artwork, need 39 (19 + 1 x 20), short by 18
[final]    22.78s    edge of chain 1 from 2 to 3: no way; source (702, 141) heading 5 -> (717, 156) free, target (273, 114) heading 3 -> (288, 99) free | waypoint 2 way (706,137)..(732,204) 314 cells, outer (712,46)..(732,204) 303 cells, target (732,204) | waypoint 3 way (277,118)..(432,260) 234 cells, outer (412,46)..(432,260) 276 cells, target (432,260)
[final]    22.79s    fence for edge c1-2to3: 0 ways (2 neighbours), 0 cells closed
[final]    22.79s    edge c1-2to3: 16 cells of its slots (20 and 26 cells) were closed and are open again
[final]    22.79s    [Coupler Insertion] chain 1 edge 2->3: a way of 453 cells refused, squeezed at (375,86): 1 wire (29) in 32 cells to the artwork, need 39 (19 + 1 x 20), short by 7
[final]    22.79s    edge of chain 1 from 2 to 3: no way; source (702, 141) heading 5 -> (717, 156) free, target (322, 112) heading 4 -> (322, 91) free | waypoint 2 way (706,137)..(732,204) 314 cells, outer (712,46)..(732,204) 303 cells, target (732,204) | waypoint 3 way (326,132)..(432,260) 190 cells, outer (412,46)..(432,260) 276 cells, target (432,260)
[final]    22.79s    fence for edge c1-2to3: 0 ways (2 neighbours), 0 cells closed
[final]    22.79s    edge c1-2to3: 16 cells of its slots (20 and 26 cells) were closed and are open again
[final]    22.80s    [Coupler Insertion] chain 1 edge 2->3: a way of 478 cells refused, squeezed at (375,91): 1 wire (29) in 27 cells to the artwork, need 39 (19 + 1 x 20), short by 12
[final]    22.80s    edge of chain 1 from 2 to 3: no way; source (702, 141) heading 5 -> (717, 156) free, target (297, 117) heading 4 -> (297, 96) free | waypoint 2 way (706,137)..(732,204) 314 cells, outer (712,46)..(732,204) 303 cells, target (732,204) | waypoint 3 way (301,137)..(432,260) 244 cells, outer (412,46)..(432,260) 276 cells, target (432,260)
[final]    22.80s    fence for edge c1-2to3: 0 ways (2 neighbours), 0 cells closed
[final]    22.80s    edge c1-2to3: 40 cells of its slots (20 and 26 cells) were closed and are open again
[final]    22.81s    [Coupler Insertion] chain 1 edge 2->3: a way of 473 cells refused, squeezed at (375,94): 1 wire (29) in 24 cells to the artwork, need 39 (19 + 1 x 20), short by 15
[final]    22.81s    edge of chain 1 from 2 to 3: no way; source (702, 141) heading 5 -> (717, 156) free, target (302, 122) heading 4 -> (302, 101) free | waypoint 2 way (706,137)..(732,204) 314 cells, outer (712,46)..(732,204) 303 cells, target (732,204) | waypoint 3 way (306,122)..(432,260) 210 cells, outer (412,46)..(432,260) 276 cells, target (432,260)
[final]    22.81s    fence for edge c1-2to3: 0 ways (2 neighbours), 0 cells closed
[final]    22.81s    edge c1-2to3: 40 cells of its slots (20 and 26 cells) were closed and are open again
[final]    22.82s    [Coupler Insertion] chain 1 edge 2->3: a way of 478 cells refused, squeezed at (375,98): 1 wire (29) in 20 cells to the artwork, need 39 (19 + 1 x 20), short by 19
[final]    22.82s    edge of chain 1 from 2 to 3: no way; source (702, 141) heading 5 -> (717, 156) free, target (297, 147) heading 4 -> (297, 126) free | waypoint 2 way (706,137)..(732,204) 314 cells, outer (712,46)..(732,204) 303 cells, target (732,204) | waypoint 3 way (301,147)..(432,260) 244 cells, outer (412,46)..(432,260) 276 cells, target (432,260)
[final]    22.82s    fence for edge c1-1to2: 0 ways (2 neighbours), 0 cells closed
[final]    22.82s    edge c1-1to2: 40 cells of its slots (26 and 20 cells) were closed and are open again
[final]    22.85s    fence for edge c1-2to3: 0 ways (2 neighbours), 0 cells closed
[final]    22.85s    edge c1-2to3: 24 cells of its slots (26 and 26 cells) were closed and are open again
[final]    22.86s    edge of chain 1 from 2 to 3: no way; source (702, 141) heading 6 -> (723, 141) free, target (332, 86) heading 2 -> (353, 86) free | waypoint 2 way (702,137)..(732,204) 260 cells, outer (712,46)..(732,204) 303 cells, target (732,204) | waypoint 3 way (312,90)..(432,260) 242 cells, outer (412,46)..(432,260) 276 cells, target (432,260)
[final]    22.86s    fence for edge c1-2to3: 0 ways (2 neighbours), 0 cells closed
[final]    22.86s    edge c1-2to3: 48 cells of its slots (26 and 26 cells) were closed and are open again
[final]    22.86s    edge of chain 1 from 2 to 3: no way; source (702, 141) heading 6 -> (723, 141) free, target (302, 86) heading 2 -> (323, 86) free | waypoint 2 way (702,137)..(732,204) 260 cells, outer (712,46)..(732,204) 303 cells, target (732,204) | waypoint 3 way (302,90)..(432,260) 242 cells, outer (412,46)..(432,260) 276 cells, target (432,260)
[final]    22.87s    fence for edge c1-2to3: 0 ways (2 neighbours), 0 cells closed
[final]    22.87s    edge c1-2to3: 24 cells of its slots (26 and 20 cells) were closed and are open again
[final]    22.87s    edge of chain 1 from 2 to 3: no way; source (702, 141) heading 6 -> (723, 141) free, target (307, 106) heading 3 -> (322, 91) free | waypoint 2 way (702,137)..(732,204) 260 cells, outer (712,46)..(732,204) 303 cells, target (732,204) | waypoint 3 way (297,124)..(432,260) 221 cells, outer (412,46)..(432,260) 276 cells, target (432,260)
[final]    22.87s    fence for edge c1-2to3: 0 ways (2 neighbours), 0 cells closed
[final]    22.87s    edge c1-2to3: 40 cells of its slots (26 and 20 cells) were closed and are open again
[final]    22.88s    edge of chain 1 from 2 to 3: no way; source (702, 141) heading 6 -> (723, 141) free, target (273, 114) heading 3 -> (288, 99) free | waypoint 2 way (702,137)..(732,204) 260 cells, outer (712,46)..(732,204) 303 cells, target (732,204) | waypoint 3 way (277,118)..(432,260) 234 cells, outer (412,46)..(432,260) 276 cells, target (432,260)
[final]    22.88s    fence for edge c1-2to3: 0 ways (2 neighbours), 0 cells closed
[final]    22.88s    edge c1-2to3: 24 cells of its slots (26 and 26 cells) were closed and are open again
[final]    22.88s    edge of chain 1 from 2 to 3: no way; source (702, 141) heading 6 -> (723, 141) free, target (297, 117) heading 4 -> (297, 96) free | waypoint 2 way (702,137)..(732,204) 260 cells, outer (712,46)..(732,204) 303 cells, target (732,204) | waypoint 3 way (301,137)..(432,260) 244 cells, outer (412,46)..(432,260) 276 cells, target (432,260)
[final]    22.89s    fence for edge c1-2to3: 0 ways (2 neighbours), 0 cells closed
[final]    22.89s    edge c1-2to3: 48 cells of its slots (26 and 26 cells) were closed and are open again
[final]    22.89s    edge of chain 1 from 2 to 3: no way; source (702, 141) heading 6 -> (723, 141) free, target (297, 147) heading 4 -> (297, 126) free | waypoint 2 way (702,137)..(732,204) 260 cells, outer (712,46)..(732,204) 303 cells, target (732,204) | waypoint 3 way (301,147)..(432,260) 244 cells, outer (412,46)..(432,260) 276 cells, target (432,260)
[final]    22.89s    fence for edge c1-2to3: 0 ways (2 neighbours), 0 cells closed
[final]    22.89s    edge c1-2to3: 21 cells of its slots (20 and 26 cells) were closed and are open again
[final]    22.90s    edge of chain 1 from 2 to 3: no way; source (735, 121) heading 7 -> (750, 106) free, target (332, 86) heading 2 -> (353, 86) free | waypoint 2 way (731,117)..(732,204) 285 cells, outer (712,46)..(732,204) 303 cells, target (732,204) | waypoint 3 way (312,90)..(432,260) 242 cells, outer (412,46)..(432,260) 276 cells, target (432,260)
[final]    22.90s    fence for edge c1-2to3: 0 ways (2 neighbours), 0 cells closed
[final]    22.90s    edge c1-2to3: 45 cells of its slots (20 and 26 cells) were closed and are open again
[final]    22.90s    edge of chain 1 from 2 to 3: no way; source (735, 121) heading 7 -> (750, 106) free, target (302, 86) heading 2 -> (323, 86) free | waypoint 2 way (731,117)..(732,204) 285 cells, outer (712,46)..(732,204) 303 cells, target (732,204) | waypoint 3 way (302,90)..(432,260) 242 cells, outer (412,46)..(432,260) 276 cells, target (432,260)
[final]    22.91s    fence for edge c1-2to3: 0 ways (2 neighbours), 0 cells closed
[final]    22.91s    edge c1-2to3: 21 cells of its slots (20 and 20 cells) were closed and are open again
[final]    22.91s    edge of chain 1 from 2 to 3: no way; source (735, 121) heading 7 -> (750, 106) free, target (307, 106) heading 3 -> (322, 91) free | waypoint 2 way (731,117)..(732,204) 285 cells, outer (712,46)..(732,204) 303 cells, target (732,204) | waypoint 3 way (297,124)..(432,260) 221 cells, outer (412,46)..(432,260) 276 cells, target (432,260)
[final]    22.91s    fence for edge c1-2to3: 0 ways (2 neighbours), 0 cells closed
[final]    22.91s    edge c1-2to3: 37 cells of its slots (20 and 20 cells) were closed and are open again
[final]    22.92s    edge of chain 1 from 2 to 3: no way; source (735, 121) heading 7 -> (750, 106) free, target (273, 114) heading 3 -> (288, 99) free | waypoint 2 way (731,117)..(732,204) 285 cells, outer (712,46)..(732,204) 303 cells, target (732,204) | waypoint 3 way (277,118)..(432,260) 234 cells, outer (412,46)..(432,260) 276 cells, target (432,260)
[final]    22.92s    fence for edge c1-2to3: 0 ways (2 neighbours), 0 cells closed
[final]    22.92s    edge c1-2to3: 21 cells of its slots (20 and 26 cells) were closed and are open again
[final]    22.92s    edge of chain 1 from 2 to 3: no way; source (735, 121) heading 7 -> (750, 106) free, target (297, 117) heading 4 -> (297, 96) free | waypoint 2 way (731,117)..(732,204) 285 cells, outer (712,46)..(732,204) 303 cells, target (732,204) | waypoint 3 way (301,137)..(432,260) 244 cells, outer (412,46)..(432,260) 276 cells, target (432,260)
[final]    22.93s    fence for edge c1-2to3: 0 ways (2 neighbours), 0 cells closed
[final]    22.93s    edge c1-2to3: 45 cells of its slots (20 and 26 cells) were closed and are open again
[final]    22.93s    edge of chain 1 from 2 to 3: no way; source (735, 121) heading 7 -> (750, 106) free, target (297, 147) heading 4 -> (297, 126) free | waypoint 2 way (731,117)..(732,204) 285 cells, outer (712,46)..(732,204) 303 cells, target (732,204) | waypoint 3 way (301,147)..(432,260) 244 cells, outer (412,46)..(432,260) 276 cells, target (432,260)
[final]    22.93s    fence for edge c1-1to2: 0 ways (2 neighbours), 0 cells closed
[final]    22.93s    edge c1-1to2: 5 cells of its slots (26 and 20 cells) were closed and are open again
[final]    22.94s    fence for edge c1-1to2: 0 ways (2 neighbours), 0 cells closed
[final]    22.94s    edge c1-1to2: 5 cells of its slots (26 and 20 cells) were closed and are open again
[final]    22.95s    fence for edge c1-1to2: 0 ways (2 neighbours), 0 cells closed
[final]    22.95s    edge c1-1to2: 16 cells of its slots (26 and 20 cells) were closed and are open again
[final]    22.98s    fence for edge c1-1to2: 0 ways (2 neighbours), 0 cells closed
[final]    22.98s    edge c1-1to2: 21 cells of its slots (20 and 20 cells) were closed and are open again
[final]    23.00s    fence for edge c1-1to2: 0 ways (2 neighbours), 0 cells closed
[final]    23.00s    edge c1-1to2: 21 cells of its slots (20 and 20 cells) were closed and are open again
[final]    23.02s    fence for edge c1-1to2: 0 ways (2 neighbours), 0 cells closed
[final]    23.02s    edge c1-1to2: 32 cells of its slots (20 and 20 cells) were closed and are open again
[final]    23.05s    fence for edge c1-1to2: 0 ways (2 neighbours), 0 cells closed
[final]    23.05s    edge c1-1to2: 21 cells of its slots (20 and 20 cells) were closed and are open again
[final]    23.06s    fence for edge c1-1to2: 0 ways (2 neighbours), 0 cells closed
[final]    23.06s    edge c1-1to2: 21 cells of its slots (20 and 20 cells) were closed and are open again
[final]    23.07s    fence for edge c1-1to2: 0 ways (2 neighbours), 0 cells closed
[final]    23.07s    edge c1-1to2: 32 cells of its slots (20 and 20 cells) were closed and are open again
[final]    23.10s    [Coupler Insertion] chain 1 edge 1->2: a way of 379 cells refused, squeezed at (737,207): 1 wire (26) in 20 cells to the artwork, need 39 (19 + 1 x 20), short by 19
[final]    23.10s    edge of chain 1 from 1 to 2: no way; source (907, 214) heading 1 -> (892, 199) free, target (641, 124) heading 5 -> (626, 109) free | waypoint 1 way (903,218)..(738,443) 246 cells, outer (913,46)..(738,443) 417 cells, target (738,443) | waypoint 2 way (645,120)..(732,204) 267 cells, outer (712,46)..(732,204) 303 cells, target (732,204)
[final]    23.10s    fence for edge c1-1to2: 0 ways (2 neighbours), 0 cells closed
[final]    23.10s    edge c1-1to2: 32 cells of its slots (20 and 20 cells) were closed and are open again
[final]    23.15s    [Coupler Insertion] chain 1 edge 1->2: a way of 379 cells refused, squeezed at (737,207): 1 wire (26) in 20 cells to the artwork, need 39 (19 + 1 x 20), short by 19
[final]    23.15s    edge of chain 1 from 1 to 2: no way; source (907, 214) heading 1 -> (892, 199) free, target (641, 124) heading 5 -> (626, 109) free | waypoint 1 way (903,218)..(738,443) 246 cells, outer (913,46)..(738,443) 417 cells, target (738,443) | waypoint 2 way (645,120)..(732,204) 267 cells, outer (712,46)..(732,204) 303 cells, target (732,204)
[final]    23.16s    fence for edge c1-1to2: 0 ways (2 neighbours), 0 cells closed
[final]    23.16s    edge c1-1to2: 21 cells of its slots (20 and 26 cells) were closed and are open again
[final]    23.17s    fence for edge c1-1to2: 0 ways (2 neighbours), 0 cells closed
[final]    23.17s    edge c1-1to2: 16 cells of its slots (20 and 26 cells) were closed and are open again
[final]    23.18s    [Coupler Insertion] chain 1 edge 1->2: a way of 263 cells refused, squeezed at (718,135): 1 wire (26) in 36 cells to the artwork, need 39 (19 + 1 x 20), short by 3
[final]    23.18s    edge of chain 1 from 1 to 2: no way; source (907, 214) heading 1 -> (892, 199) free, target (712, 119) heading 6 -> (691, 119) free | waypoint 1 way (903,218)..(738,443) 246 cells, outer (913,46)..(738,443) 417 cells, target (738,443) | waypoint 2 way (732,115)..(732,204) 329 cells, outer (712,46)..(732,204) 303 cells, target (732,204)
[final]    23.18s    fence for edge c1-1to2: 0 ways (2 neighbours), 0 cells closed
[final]    23.18s    edge c1-1to2: 16 cells of its slots (20 and 26 cells) were closed and are open again
[final]    23.19s    [Coupler Insertion] chain 1 edge 1->2: a way of 263 cells refused, squeezed at (718,135): 1 wire (26) in 36 cells to the artwork, need 39 (19 + 1 x 20), short by 3
[final]    23.19s    edge of chain 1 from 1 to 2: no way; source (907, 214) heading 1 -> (892, 199) free, target (712, 119) heading 6 -> (691, 119) free | waypoint 1 way (903,218)..(738,443) 246 cells, outer (913,46)..(738,443) 417 cells, target (738,443) | waypoint 2 way (732,115)..(732,204) 329 cells, outer (712,46)..(732,204) 303 cells, target (732,204)
[final]    23.19s    fence for edge c1-1to2: 0 ways (2 neighbours), 0 cells closed
[final]    23.19s    edge c1-1to2: 40 cells of its slots (20 and 26 cells) were closed and are open again
[final]    23.20s    edge of chain 1 from 1 to 2: no way; source (907, 214) heading 1 -> (892, 199) free, target (712, 141) heading 6 -> (691, 141) free | waypoint 1 way (903,218)..(738,443) 246 cells, outer (913,46)..(738,443) 417 cells, target (738,443) | waypoint 2 way (712,137)..(732,204) 260 cells, outer (712,46)..(732,204) 303 cells, target (732,204)
[final]    23.20s    fence for edge c1-1to2: 0 ways (2 neighbours), 0 cells closed
[final]    23.20s    edge c1-1to2: 40 cells of its slots (20 and 26 cells) were closed and are open again
[final]    23.20s    edge of chain 1 from 1 to 2: no way; source (907, 214) heading 1 -> (892, 199) free, target (712, 141) heading 6 -> (691, 141) free | waypoint 1 way (903,218)..(738,443) 246 cells, outer (913,46)..(738,443) 417 cells, target (738,443) | waypoint 2 way (712,137)..(732,204) 260 cells, outer (712,46)..(732,204) 303 cells, target (732,204)
[final]    23.20s    fence for edge c1-1to2: 0 ways (2 neighbours), 0 cells closed
[final]    23.20s    edge c1-1to2: 40 cells of its slots (20 and 26 cells) were closed and are open again
[final]    23.21s    [Coupler Insertion] chain 1 edge 1->2: a way of 231 cells refused, squeezed at (723,135): 1 wire (26) in 37 cells to the artwork, need 39 (19 + 1 x 20), short by 2
[final]    23.21s    edge of chain 1 from 1 to 2: no way; source (907, 214) heading 1 -> (892, 199) free, target (742, 119) heading 6 -> (721, 119) free | waypoint 1 way (903,218)..(738,443) 246 cells, outer (913,46)..(738,443) 417 cells, target (738,443) | waypoint 2 way (742,115)..(732,204) 329 cells, outer (712,46)..(732,204) 303 cells, target (732,204)
[final]    23.21s    fence for edge c1-1to2: 0 ways (2 neighbours), 0 cells closed
[final]    23.21s    edge c1-1to2: 40 cells of its slots (20 and 26 cells) were closed and are open again
[final]    23.22s    [Coupler Insertion] chain 1 edge 1->2: a way of 231 cells refused, squeezed at (723,135): 1 wire (26) in 37 cells to the artwork, need 39 (19 + 1 x 20), short by 2
[final]    23.22s    edge of chain 1 from 1 to 2: no way; source (907, 214) heading 1 -> (892, 199) free, target (742, 119) heading 6 -> (721, 119) free | waypoint 1 way (903,218)..(738,443) 246 cells, outer (913,46)..(738,443) 417 cells, target (738,443) | waypoint 2 way (742,115)..(732,204) 329 cells, outer (712,46)..(732,204) 303 cells, target (732,204)
[final]    23.23s    fence for edge c1-1to2: 0 ways (2 neighbours), 0 cells closed
[final]    23.23s    edge c1-1to2: 5 cells of its slots (20 and 20 cells) were closed and are open again
[final]    23.23s    fence for edge c1-1to2: 0 ways (2 neighbours), 0 cells closed
[final]    23.23s    edge c1-1to2: 5 cells of its slots (20 and 20 cells) were closed and are open again
[final]    23.25s    fence for edge c1-1to2: 0 ways (2 neighbours), 0 cells closed
[final]    23.25s    edge c1-1to2: 16 cells of its slots (20 and 20 cells) were closed and are open again
[final]    23.27s    [Coupler Insertion] chain 1 edge 1->2: a way of 358 cells refused, squeezed at (736,207): 1 wire (26) in 18 cells to the artwork, need 39 (19 + 1 x 20), short by 21
[final]    23.27s    edge of chain 1 from 1 to 2: no way; source (886, 193) heading 1 -> (871, 178) free, target (641, 124) heading 5 -> (626, 109) free | waypoint 1 way (896,211)..(738,443) 246 cells, outer (913,46)..(738,443) 417 cells, target (738,443) | waypoint 2 way (645,120)..(732,204) 267 cells, outer (712,46)..(732,204) 303 cells, target (732,204)
[final]    23.28s    fence for edge c1-1to2: 0 ways (2 neighbours), 0 cells closed
[final]    23.28s    edge c1-1to2: 16 cells of its slots (20 and 20 cells) were closed and are open again
[final]    23.32s    [Coupler Insertion] chain 1 edge 1->2: a way of 358 cells refused, squeezed at (736,207): 1 wire (26) in 18 cells to the artwork, need 39 (19 + 1 x 20), short by 21
[final]    23.32s    edge of chain 1 from 1 to 2: no way; source (886, 193) heading 1 -> (871, 178) free, target (641, 124) heading 5 -> (626, 109) free | waypoint 1 way (896,211)..(738,443) 246 cells, outer (913,46)..(738,443) 417 cells, target (738,443) | waypoint 2 way (645,120)..(732,204) 267 cells, outer (712,46)..(732,204) 303 cells, target (732,204)
[final]    23.33s    fence for edge c1-1to2: 0 ways (2 neighbours), 0 cells closed
[final]    23.33s    edge c1-1to2: 5 cells of its slots (20 and 26 cells) were closed and are open again
[final]    23.34s    fence for edge c1-1to2: 0 ways (2 neighbours), 0 cells closed
[final]    23.34s    [Coupler Insertion] chain 1 edge 1->2: a way of 242 cells refused, squeezed at (722,135): 1 wire (26) in 36 cells to the artwork, need 39 (19 + 1 x 20), short by 3
[final]    23.34s    edge of chain 1 from 1 to 2: no way; source (886, 193) heading 1 -> (871, 178) free, target (712, 119) heading 6 -> (691, 119) free | waypoint 1 way (896,211)..(738,443) 246 cells, outer (913,46)..(738,443) 417 cells, target (738,443) | waypoint 2 way (732,115)..(732,204) 329 cells, outer (712,46)..(732,204) 303 cells, target (732,204)
[final]    23.35s    fence for edge c1-1to2: 0 ways (2 neighbours), 0 cells closed
[final]    23.36s    [Coupler Insertion] chain 1 edge 1->2: a way of 242 cells refused, squeezed at (722,135): 1 wire (26) in 36 cells to the artwork, need 39 (19 + 1 x 20), short by 3
[final]    23.36s    edge of chain 1 from 1 to 2: no way; source (886, 193) heading 1 -> (871, 178) free, target (712, 119) heading 6 -> (691, 119) free | waypoint 1 way (896,211)..(738,443) 246 cells, outer (913,46)..(738,443) 417 cells, target (738,443) | waypoint 2 way (732,115)..(732,204) 329 cells, outer (712,46)..(732,204) 303 cells, target (732,204)
[final]    23.36s    fence for edge c1-1to2: 0 ways (2 neighbours), 0 cells closed
[final]    23.36s    edge c1-1to2: 24 cells of its slots (20 and 26 cells) were closed and are open again
[final]    23.36s    edge of chain 1 from 1 to 2: no way; source (886, 193) heading 1 -> (871, 178) free, target (712, 141) heading 6 -> (691, 141) free | waypoint 1 way (896,211)..(738,443) 246 cells, outer (913,46)..(738,443) 417 cells, target (738,443) | waypoint 2 way (712,137)..(732,204) 260 cells, outer (712,46)..(732,204) 303 cells, target (732,204)
[final]    23.36s    fence for edge c1-1to2: 0 ways (2 neighbours), 0 cells closed
[final]    23.36s    edge c1-1to2: 24 cells of its slots (20 and 26 cells) were closed and are open again
[final]    23.36s    edge of chain 1 from 1 to 2: no way; source (886, 193) heading 1 -> (871, 178) free, target (712, 141) heading 6 -> (691, 141) free | waypoint 1 way (896,211)..(738,443) 246 cells, outer (913,46)..(738,443) 417 cells, target (738,443) | waypoint 2 way (712,137)..(732,204) 260 cells, outer (712,46)..(732,204) 303 cells, target (732,204)
[final]    23.37s    fence for edge c1-1to2: 0 ways (2 neighbours), 0 cells closed
[final]    23.37s    edge c1-1to2: 24 cells of its slots (20 and 26 cells) were closed and are open again
[final]    23.37s    [Coupler Insertion] chain 1 edge 1->2: a way of 210 cells refused, squeezed at (722,135): 1 wire (26) in 36 cells to the artwork, need 39 (19 + 1 x 20), short by 3
[final]    23.37s    edge of chain 1 from 1 to 2: no way; source (886, 193) heading 1 -> (871, 178) free, target (742, 119) heading 6 -> (721, 119) free | waypoint 1 way (896,211)..(738,443) 246 cells, outer (913,46)..(738,443) 417 cells, target (738,443) | waypoint 2 way (742,115)..(732,204) 329 cells, outer (712,46)..(732,204) 303 cells, target (732,204)
[final]    23.38s    fence for edge c1-1to2: 0 ways (2 neighbours), 0 cells closed
[final]    23.38s    edge c1-1to2: 24 cells of its slots (20 and 26 cells) were closed and are open again
[final]    23.38s    [Coupler Insertion] chain 1 edge 1->2: a way of 210 cells refused, squeezed at (722,135): 1 wire (26) in 36 cells to the artwork, need 39 (19 + 1 x 20), short by 3
[final]    23.38s    edge of chain 1 from 1 to 2: no way; source (886, 193) heading 1 -> (871, 178) free, target (742, 119) heading 6 -> (721, 119) free | waypoint 1 way (896,211)..(738,443) 246 cells, outer (913,46)..(738,443) 417 cells, target (738,443) | waypoint 2 way (742,115)..(732,204) 329 cells, outer (712,46)..(732,204) 303 cells, target (732,204)
[final]    23.39s    fence for edge c1-1to2: 0 ways (2 neighbours), 0 cells closed
[final]    23.39s    edge c1-1to2: 5 cells of its slots (20 and 20 cells) were closed and are open again
[final]    23.40s    [Coupler Insertion] chain 1 edge 1->2: a way of 269 cells refused, squeezed at (747,177): 1 wire (26) in 24 cells to the artwork, need 39 (19 + 1 x 20), short by 15
[final]    23.40s    edge of chain 1 from 1 to 2: no way; source (833, 228) heading 3 -> (818, 243) free, target (663, 122) heading 5 -> (648, 107) free | waypoint 1 way (851,218)..(738,443) 246 cells, outer (913,46)..(738,443) 417 cells, target (738,443) | waypoint 2 way (681,132)..(732,204) 255 cells, outer (712,46)..(732,204) 303 cells, target (732,204)
[final]    23.40s    fence for edge c1-1to2: 0 ways (2 neighbours), 0 cells closed
[final]    23.40s    edge c1-1to2: 5 cells of its slots (20 and 20 cells) were closed and are open again
[final]    23.42s    [Coupler Insertion] chain 1 edge 1->2: a way of 269 cells refused, squeezed at (747,177): 1 wire (26) in 24 cells to the artwork, need 39 (19 + 1 x 20), short by 15
[final]    23.42s    edge of chain 1 from 1 to 2: no way; source (833, 228) heading 3 -> (818, 243) free, target (663, 122) heading 5 -> (648, 107) free | waypoint 1 way (851,218)..(738,443) 246 cells, outer (913,46)..(738,443) 417 cells, target (738,443) | waypoint 2 way (681,132)..(732,204) 255 cells, outer (712,46)..(732,204) 303 cells, target (732,204)
[final]    23.42s    fence for edge c1-1to2: 0 ways (2 neighbours), 0 cells closed
[final]    23.42s    edge c1-1to2: 5 cells of its slots (20 and 20 cells) were closed and are open again
[final]    23.43s    [Coupler Insertion] chain 1 edge 1->2: a way of 273 cells refused, squeezed at (784,216): 1 wire (25) in 27 cells to the artwork, need 39 (19 + 1 x 20), short by 12
[final]    23.43s    edge of chain 1 from 1 to 2: no way; source (833, 228) heading 3 -> (818, 243) free, target (688, 127) heading 5 -> (673, 112) free | waypoint 1 way (851,218)..(738,443) 246 cells, outer (913,46)..(738,443) 417 cells, target (738,443) | waypoint 2 way (706,137)..(732,204) 314 cells, outer (712,46)..(732,204) 303 cells, target (732,204)
[final]    23.44s    fence for edge c1-1to2: 0 ways (2 neighbours), 0 cells closed
[final]    23.44s    edge c1-1to2: 5 cells of its slots (20 and 20 cells) were closed and are open again
[final]    23.45s    [Coupler Insertion] chain 1 edge 1->2: a way of 273 cells refused, squeezed at (784,216): 1 wire (25) in 27 cells to the artwork, need 39 (19 + 1 x 20), short by 12
[final]    23.45s    edge of chain 1 from 1 to 2: no way; source (833, 228) heading 3 -> (818, 243) free, target (688, 127) heading 5 -> (673, 112) free | waypoint 1 way (851,218)..(738,443) 246 cells, outer (913,46)..(738,443) 417 cells, target (738,443) | waypoint 2 way (706,137)..(732,204) 314 cells, outer (712,46)..(732,204) 303 cells, target (732,204)
[final]    23.45s    fence for edge c1-1to2: 0 ways (2 neighbours), 0 cells closed
[final]    23.45s    edge c1-1to2: 16 cells of its slots (20 and 20 cells) were closed and are open again
[final]    23.48s    [Coupler Insertion] chain 1 edge 1->2: a way of 305 cells refused, squeezed at (784,216): 1 wire (25) in 27 cells to the artwork, need 39 (19 + 1 x 20), short by 12
[final]    23.48s    edge of chain 1 from 1 to 2: no way; source (833, 228) heading 3 -> (818, 243) free, target (641, 124) heading 5 -> (626, 109) free | waypoint 1 way (851,218)..(738,443) 246 cells, outer (913,46)..(738,443) 417 cells, target (738,443) | waypoint 2 way (645,120)..(732,204) 267 cells, outer (712,46)..(732,204) 303 cells, target (732,204)
[final]    23.48s    fence for edge c1-1to2: 0 ways (2 neighbours), 0 cells closed
[final]    23.48s    edge c1-1to2: 16 cells of its slots (20 and 20 cells) were closed and are open again
[final]    23.52s    [Coupler Insertion] chain 1 edge 1->2: a way of 305 cells refused, squeezed at (784,216): 1 wire (25) in 27 cells to the artwork, need 39 (19 + 1 x 20), short by 12
[final]    23.52s    edge of chain 1 from 1 to 2: no way; source (833, 228) heading 3 -> (818, 243) free, target (641, 124) heading 5 -> (626, 109) free | waypoint 1 way (851,218)..(738,443) 246 cells, outer (913,46)..(738,443) 417 cells, target (738,443) | waypoint 2 way (645,120)..(732,204) 267 cells, outer (712,46)..(732,204) 303 cells, target (732,204)
[final]    23.52s    fence for edge c1-1to2: 0 ways (2 neighbours), 0 cells closed
[final]    23.52s    edge c1-1to2: 29 cells of its slots (26 and 20 cells) were closed and are open again
[final]    23.54s    edge of chain 1 from 1 to 2: no way; source (905, 242) heading 0 -> (905, 221) free, target (721, 135) heading 7 -> (706, 150) free | waypoint 1 way (901,242)..(738,443) 251 cells, outer (913,46)..(738,443) 417 cells, target (738,443) | waypoint 2 way (731,117)..(732,204) 285 cells, outer (712,46)..(732,204) 303 cells, target (732,204)
[final]    23.55s    fence for edge c1-1to2: 0 ways (2 neighbours), 0 cells closed
[final]    23.55s    edge c1-1to2: 29 cells of its slots (26 and 20 cells) were closed and are open again
[final]    23.58s    edge of chain 1 from 1 to 2: no way; source (905, 242) heading 0 -> (905, 221) free, target (721, 135) heading 7 -> (706, 150) free | waypoint 1 way (901,242)..(738,443) 251 cells, outer (913,46)..(738,443) 417 cells, target (738,443) | waypoint 2 way (731,117)..(732,204) 285 cells, outer (712,46)..(732,204) 303 cells, target (732,204)
[final]    23.59s    fence for edge c1-1to2: 0 ways (2 neighbours), 0 cells closed
[final]    23.59s    edge c1-1to2: 29 cells of its slots (26 and 20 cells) were closed and are open again
[final]    23.61s    fence for edge c1-1to2: 0 ways (2 neighbours), 0 cells closed
[final]    23.61s    edge c1-1to2: 40 cells of its slots (26 and 20 cells) were closed and are open again
[final]    23.62s    fence for edge c1-1to2: 0 ways (2 neighbours), 0 cells closed
[final]    23.62s    edge c1-1to2: 5 cells of its slots (26 and 20 cells) were closed and are open again
[final]    23.64s    edge of chain 1 from 1 to 2: no way; source (905, 212) heading 0 -> (905, 191) free, target (721, 135) heading 7 -> (706, 150) free | waypoint 1 way (901,232)..(738,443) 251 cells, outer (913,46)..(738,443) 417 cells, target (738,443) | waypoint 2 way (731,117)..(732,204) 285 cells, outer (712,46)..(732,204) 303 cells, target (732,204)
[final]    23.65s    fence for edge c1-1to2: 0 ways (2 neighbours), 0 cells closed
[final]    23.65s    edge c1-1to2: 5 cells of its slots (26 and 20 cells) were closed and are open again
[final]    23.68s    edge of chain 1 from 1 to 2: no way; source (905, 212) heading 0 -> (905, 191) free, target (721, 135) heading 7 -> (706, 150) free | waypoint 1 way (901,232)..(738,443) 251 cells, outer (913,46)..(738,443) 417 cells, target (738,443) | waypoint 2 way (731,117)..(732,204) 285 cells, outer (712,46)..(732,204) 303 cells, target (732,204)
[final]    23.68s    fence for edge c1-1to2: 0 ways (2 neighbours), 0 cells closed
[final]    23.68s    edge c1-1to2: 5 cells of its slots (26 and 20 cells) were closed and are open again
[final]    23.70s    [Coupler Insertion] chain 1 edge 1->2: a way of 287 cells refused, squeezed at (737,207): 1 wire (26) in 20 cells to the artwork, need 39 (19 + 1 x 20), short by 19
[final]    23.70s    edge of chain 1 from 1 to 2: no way; source (905, 212) heading 0 -> (905, 191) free, target (748, 131) heading 7 -> (733, 146) free | waypoint 1 way (901,232)..(738,443) 251 cells, outer (913,46)..(738,443) 417 cells, target (738,443) | waypoint 2 way (758,113)..(732,204) 298 cells, outer (712,46)..(732,204) 303 cells, target (732,204)
[final]    23.71s    fence for edge c1-1to2: 0 ways (2 neighbours), 0 cells closed
[final]    23.71s    edge c1-1to2: 5 cells of its slots (26 and 20 cells) were closed and are open again
[final]    23.73s    [Coupler Insertion] chain 1 edge 1->2: a way of 287 cells refused, squeezed at (737,207): 1 wire (26) in 20 cells to the artwork, need 39 (19 + 1 x 20), short by 19
[final]    23.73s    edge of chain 1 from 1 to 2: no way; source (905, 212) heading 0 -> (905, 191) free, target (748, 131) heading 7 -> (733, 146) free | waypoint 1 way (901,232)..(738,443) 251 cells, outer (913,46)..(738,443) 417 cells, target (738,443) | waypoint 2 way (758,113)..(732,204) 298 cells, outer (712,46)..(732,204) 303 cells, target (732,204)
[final]    23.74s    fence for edge c1-1to2: 0 ways (2 neighbours), 0 cells closed
[final]    23.74s    edge c1-1to2: 16 cells of its slots (26 and 20 cells) were closed and are open again
[final]    23.75s    fence for edge c1-1to2: 0 ways (2 neighbours), 0 cells closed
[final]    23.75s    edge c1-1to2: 29 cells of its slots (26 and 26 cells) were closed and are open again
[final]    23.77s    [Coupler Insertion] chain 1 edge 1->2: a way of 328 cells refused, squeezed at (785,202): 1 wire (25) in 28 cells to the artwork, need 39 (19 + 1 x 20), short by 11
[final]    23.77s    edge of chain 1 from 1 to 2: no way; source (849, 232) heading 4 -> (849, 253) free, target (682, 141) heading 6 -> (661, 141) free | waypoint 1 way (853,232)..(738,443) 251 cells, outer (913,46)..(738,443) 417 cells, target (738,443) | waypoint 2 way (702,137)..(732,204) 260 cells, outer (712,46)..(732,204) 303 cells, target (732,204)
[final]    23.77s    fence for edge c1-1to2: 0 ways (2 neighbours), 0 cells closed
[final]    23.77s    edge c1-1to2: 29 cells of its slots (26 and 26 cells) were closed and are open again
[final]    23.79s    [Coupler Insertion] chain 1 edge 1->2: a way of 328 cells refused, squeezed at (785,202): 1 wire (25) in 28 cells to the artwork, need 39 (19 + 1 x 20), short by 11
[final]    23.79s    edge of chain 1 from 1 to 2: no way; source (849, 232) heading 4 -> (849, 253) free, target (682, 141) heading 6 -> (661, 141) free | waypoint 1 way (853,232)..(738,443) 251 cells, outer (913,46)..(738,443) 417 cells, target (738,443) | waypoint 2 way (702,137)..(732,204) 260 cells, outer (712,46)..(732,204) 303 cells, target (732,204)
[final]    23.79s    fence for edge c1-1to2: 0 ways (2 neighbours), 0 cells closed
[final]    23.79s    edge c1-1to2: 24 cells of its slots (26 and 26 cells) were closed and are open again
[final]    23.81s    [Coupler Insertion] chain 1 edge 1->2: a way of 251 cells refused, squeezed at (742,152): 1 wire (26) in 28 cells to the artwork, need 39 (19 + 1 x 20), short by 11
[final]    23.81s    edge of chain 1 from 1 to 2: no way; source (849, 232) heading 4 -> (849, 253) free, target (712, 119) heading 6 -> (691, 119) free | waypoint 1 way (853,232)..(738,443) 251 cells, outer (913,46)..(738,443) 417 cells, target (738,443) | waypoint 2 way (732,115)..(732,204) 329 cells, outer (712,46)..(732,204) 303 cells, target (732,204)
[final]    23.81s    fence for edge c1-1to2: 0 ways (2 neighbours), 0 cells closed
[final]    23.81s    edge c1-1to2: 24 cells of its slots (26 and 26 cells) were closed and are open again
[final]    23.83s    [Coupler Insertion] chain 1 edge 1->2: a way of 251 cells refused, squeezed at (742,152): 1 wire (26) in 28 cells to the artwork, need 39 (19 + 1 x 20), short by 11
[final]    23.83s    edge of chain 1 from 1 to 2: no way; source (849, 232) heading 4 -> (849, 253) free, target (712, 119) heading 6 -> (691, 119) free | waypoint 1 way (853,232)..(738,443) 251 cells, outer (913,46)..(738,443) 417 cells, target (738,443) | waypoint 2 way (732,115)..(732,204) 329 cells, outer (712,46)..(732,204) 303 cells, target (732,204)
[final]    23.83s    fence for edge c1-1to2: 0 ways (2 neighbours), 0 cells closed
[final]    23.83s    edge c1-1to2: 48 cells of its slots (26 and 26 cells) were closed and are open again
[final]    23.83s    edge of chain 1 from 1 to 2: no way; source (849, 232) heading 4 -> (849, 253) free, target (712, 141) heading 6 -> (691, 141) free | waypoint 1 way (853,232)..(738,443) 251 cells, outer (913,46)..(738,443) 417 cells, target (738,443) | waypoint 2 way (712,137)..(732,204) 260 cells, outer (712,46)..(732,204) 303 cells, target (732,204)
[final]    23.83s    fence for edge c1-1to2: 0 ways (2 neighbours), 0 cells closed
[final]    23.83s    edge c1-1to2: 48 cells of its slots (26 and 26 cells) were closed and are open again
[final]    23.84s    edge of chain 1 from 1 to 2: no way; source (849, 232) heading 4 -> (849, 253) free, target (712, 141) heading 6 -> (691, 141) free | waypoint 1 way (853,232)..(738,443) 251 cells, outer (913,46)..(738,443) 417 cells, target (738,443) | waypoint 2 way (712,137)..(732,204) 260 cells, outer (712,46)..(732,204) 303 cells, target (732,204)
[final]    23.84s    fence for edge c1-1to2: 0 ways (2 neighbours), 0 cells closed
[final]    23.84s    edge c1-1to2: 48 cells of its slots (26 and 26 cells) were closed and are open again
[final]    23.85s    [Coupler Insertion] chain 1 edge 1->2: a way of 224 cells refused, squeezed at (742,152): 1 wire (26) in 28 cells to the artwork, need 39 (19 + 1 x 20), short by 11
[final]    23.85s    edge of chain 1 from 1 to 2: no way; source (849, 232) heading 4 -> (849, 253) free, target (742, 119) heading 6 -> (721, 119) free | waypoint 1 way (853,232)..(738,443) 251 cells, outer (913,46)..(738,443) 417 cells, target (738,443) | waypoint 2 way (742,115)..(732,204) 329 cells, outer (712,46)..(732,204) 303 cells, target (732,204)
[final]    23.86s    fence for edge c1-1to2: 0 ways (2 neighbours), 0 cells closed
[final]    23.86s    edge c1-1to2: 48 cells of its slots (26 and 26 cells) were closed and are open again
[final]    23.87s    [Coupler Insertion] chain 1 edge 1->2: a way of 224 cells refused, squeezed at (742,152): 1 wire (26) in 28 cells to the artwork, need 39 (19 + 1 x 20), short by 11
[final]    23.87s    edge of chain 1 from 1 to 2: no way; source (849, 232) heading 4 -> (849, 253) free, target (742, 119) heading 6 -> (721, 119) free | waypoint 1 way (853,232)..(738,443) 251 cells, outer (913,46)..(738,443) 417 cells, target (738,443) | waypoint 2 way (742,115)..(732,204) 329 cells, outer (712,46)..(732,204) 303 cells, target (732,204)
[final]    23.88s    fence for edge c1-1to2: 0 ways (2 neighbours), 0 cells closed
[final]    23.88s    edge c1-1to2: 5 cells of its slots (26 and 26 cells) were closed and are open again
[final]    23.89s    [Coupler Insertion] chain 1 edge 1->2: a way of 358 cells refused, squeezed at (785,232): 1 wire (25) in 28 cells to the artwork, need 39 (19 + 1 x 20), short by 11
[final]    23.89s    edge of chain 1 from 1 to 2: no way; source (849, 262) heading 4 -> (849, 283) free, target (682, 141) heading 6 -> (661, 141) free | waypoint 1 way (853,242)..(738,443) 251 cells, outer (913,46)..(738,443) 417 cells, target (738,443) | waypoint 2 way (702,137)..(732,204) 260 cells, outer (712,46)..(732,204) 303 cells, target (732,204)
[final]    23.90s    fence for edge c1-1to2: 0 ways (2 neighbours), 0 cells closed
[final]    23.90s    edge c1-1to2: 5 cells of its slots (26 and 26 cells) were closed and are open again
[final]    23.92s    [Coupler Insertion] chain 1 edge 1->2: a way of 358 cells refused, squeezed at (785,232): 1 wire (25) in 28 cells to the artwork, need 39 (19 + 1 x 20), short by 11
[final]    23.92s    edge of chain 1 from 1 to 2: no way; source (849, 262) heading 4 -> (849, 283) free, target (682, 141) heading 6 -> (661, 141) free | waypoint 1 way (853,242)..(738,443) 251 cells, outer (913,46)..(738,443) 417 cells, target (738,443) | waypoint 2 way (702,137)..(732,204) 260 cells, outer (712,46)..(732,204) 303 cells, target (732,204)
[final]    23.92s    fence for edge c1-1to2: 0 ways (2 neighbours), 0 cells closed
[final]    23.94s    [Coupler Insertion] chain 1 edge 1->2: a way of 280 cells refused, squeezed at (785,232): 1 wire (25) in 28 cells to the artwork, need 39 (19 + 1 x 20), short by 11
[final]    23.94s    edge of chain 1 from 1 to 2: no way; source (849, 262) heading 4 -> (849, 283) free, target (712, 119) heading 6 -> (691, 119) free | waypoint 1 way (853,242)..(738,443) 251 cells, outer (913,46)..(738,443) 417 cells, target (738,443) | waypoint 2 way (732,115)..(732,204) 329 cells, outer (712,46)..(732,204) 303 cells, target (732,204)
[final]    23.94s    fence for edge c1-1to2: 0 ways (2 neighbours), 0 cells closed
[final]    23.96s    [Coupler Insertion] chain 1 edge 1->2: a way of 280 cells refused, squeezed at (785,232): 1 wire (25) in 28 cells to the artwork, need 39 (19 + 1 x 20), short by 11
[final]    23.96s    edge of chain 1 from 1 to 2: no way; source (849, 262) heading 4 -> (849, 283) free, target (712, 119) heading 6 -> (691, 119) free | waypoint 1 way (853,242)..(738,443) 251 cells, outer (913,46)..(738,443) 417 cells, target (738,443) | waypoint 2 way (732,115)..(732,204) 329 cells, outer (712,46)..(732,204) 303 cells, target (732,204)
[final]    23.96s    fence for edge c1-1to2: 0 ways (2 neighbours), 0 cells closed
[final]    23.96s    edge c1-1to2: 24 cells of its slots (26 and 26 cells) were closed and are open again
[final]    23.96s    edge of chain 1 from 1 to 2: no way; source (849, 262) heading 4 -> (849, 283) free, target (712, 141) heading 6 -> (691, 141) free | waypoint 1 way (853,242)..(738,443) 251 cells, outer (913,46)..(738,443) 417 cells, target (738,443) | waypoint 2 way (712,137)..(732,204) 260 cells, outer (712,46)..(732,204) 303 cells, target (732,204)
[final]    23.96s    fence for edge c1-1to2: 0 ways (2 neighbours), 0 cells closed
[final]    23.96s    edge c1-1to2: 24 cells of its slots (26 and 26 cells) were closed and are open again
[final]    23.97s    edge of chain 1 from 1 to 2: no way; source (849, 262) heading 4 -> (849, 283) free, target (712, 141) heading 6 -> (691, 141) free | waypoint 1 way (853,242)..(738,443) 251 cells, outer (913,46)..(738,443) 417 cells, target (738,443) | waypoint 2 way (712,137)..(732,204) 260 cells, outer (712,46)..(732,204) 303 cells, target (732,204)
[final]    23.97s    fence for edge c1-1to2: 0 ways (2 neighbours), 0 cells closed
[final]    23.97s    edge c1-1to2: 24 cells of its slots (26 and 26 cells) were closed and are open again
[final]    23.98s    [Coupler Insertion] chain 1 edge 1->2: a way of 253 cells refused, squeezed at (785,232): 1 wire (25) in 28 cells to the artwork, need 39 (19 + 1 x 20), short by 11
[final]    23.98s    edge of chain 1 from 1 to 2: no way; source (849, 262) heading 4 -> (849, 283) free, target (742, 119) heading 6 -> (721, 119) free | waypoint 1 way (853,242)..(738,443) 251 cells, outer (913,46)..(738,443) 417 cells, target (738,443) | waypoint 2 way (742,115)..(732,204) 329 cells, outer (712,46)..(732,204) 303 cells, target (732,204)
[final]    23.99s    fence for edge c1-1to2: 0 ways (2 neighbours), 0 cells closed
[final]    23.99s    edge c1-1to2: 24 cells of its slots (26 and 26 cells) were closed and are open again
[final]    24.00s    [Coupler Insertion] chain 1 edge 1->2: a way of 253 cells refused, squeezed at (785,232): 1 wire (25) in 28 cells to the artwork, need 39 (19 + 1 x 20), short by 11
[final]    24.00s    edge of chain 1 from 1 to 2: no way; source (849, 262) heading 4 -> (849, 283) free, target (742, 119) heading 6 -> (721, 119) free | waypoint 1 way (853,242)..(738,443) 251 cells, outer (913,46)..(738,443) 417 cells, target (738,443) | waypoint 2 way (742,115)..(732,204) 329 cells, outer (712,46)..(732,204) 303 cells, target (732,204)
[final]    24.01s    fence for edge c1-1to2: 0 ways (2 neighbours), 0 cells closed
[final]    24.01s    edge c1-1to2: 22 cells of its slots (20 and 20 cells) were closed and are open again
[final]    24.03s    [Coupler Insertion] chain 1 edge 1->2: a way of 257 cells refused, squeezed at (784,232): 1 wire (25) in 27 cells to the artwork, need 39 (19 + 1 x 20), short by 12
[final]    24.03s    edge of chain 1 from 1 to 2: no way; source (847, 260) heading 5 -> (862, 275) free, target (721, 135) heading 7 -> (706, 150) free | waypoint 1 way (851,256)..(738,443) 246 cells, outer (913,46)..(738,443) 417 cells, target (738,443) | waypoint 2 way (731,117)..(732,204) 285 cells, outer (712,46)..(732,204) 303 cells, target (732,204)
[final]    24.03s    fence for edge c1-1to2: 0 ways (2 neighbours), 0 cells closed
[final]    24.03s    edge c1-1to2: 22 cells of its slots (20 and 20 cells) were closed and are open again
[final]    24.06s    [Coupler Insertion] chain 1 edge 1->2: a way of 257 cells refused, squeezed at (784,221): 1 wire (25) in 27 cells to the artwork, need 39 (19 + 1 x 20), short by 12
[final]    24.06s    edge of chain 1 from 1 to 2: no way; source (847, 260) heading 5 -> (862, 275) free, target (721, 135) heading 7 -> (706, 150) free | waypoint 1 way (851,256)..(738,443) 246 cells, outer (913,46)..(738,443) 417 cells, target (738,443) | waypoint 2 way (731,117)..(732,204) 285 cells, outer (712,46)..(732,204) 303 cells, target (732,204)
[final]    24.06s    fence for edge c1-1to2: 0 ways (2 neighbours), 0 cells closed
[final]    24.06s    edge c1-1to2: 22 cells of its slots (20 and 20 cells) were closed and are open again
[final]    24.07s    [Coupler Insertion] chain 1 edge 1->2: a way of 242 cells refused, squeezed at (784,232): 1 wire (25) in 27 cells to the artwork, need 39 (19 + 1 x 20), short by 12
[final]    24.07s    edge of chain 1 from 1 to 2: no way; source (847, 260) heading 5 -> (862, 275) free, target (748, 131) heading 7 -> (733, 146) free | waypoint 1 way (851,256)..(738,443) 246 cells, outer (913,46)..(738,443) 417 cells, target (738,443) | waypoint 2 way (758,113)..(732,204) 298 cells, outer (712,46)..(732,204) 303 cells, target (732,204)
[final]    24.08s    fence for edge c1-1to2: 0 ways (2 neighbours), 0 cells closed
[final]    24.08s    edge c1-1to2: 22 cells of its slots (20 and 20 cells) were closed and are open again
[final]    24.09s    [Coupler Insertion] chain 1 edge 1->2: a way of 242 cells refused, squeezed at (784,221): 1 wire (25) in 27 cells to the artwork, need 39 (19 + 1 x 20), short by 12
[final]    24.09s    edge of chain 1 from 1 to 2: no way; source (847, 260) heading 5 -> (862, 275) free, target (748, 131) heading 7 -> (733, 146) free | waypoint 1 way (851,256)..(738,443) 246 cells, outer (913,46)..(738,443) 417 cells, target (738,443) | waypoint 2 way (758,113)..(732,204) 298 cells, outer (712,46)..(732,204) 303 cells, target (732,204)
[final]    24.10s    fence for edge c1-1to2: 0 ways (2 neighbours), 0 cells closed
[final]    24.10s    edge c1-1to2: 33 cells of its slots (20 and 20 cells) were closed and are open again
[final]    24.11s    [Coupler Insertion] chain 1 edge 1->2: a way of 224 cells refused, squeezed at (784,224): 1 wire (25) in 27 cells to the artwork, need 39 (19 + 1 x 20), short by 12
[final]    24.11s    edge of chain 1 from 1 to 2: no way; source (847, 260) heading 5 -> (862, 275) free, target (742, 120) heading 7 -> (727, 135) free | waypoint 1 way (851,256)..(738,443) 246 cells, outer (913,46)..(738,443) 417 cells, target (738,443) | waypoint 2 way (738,116)..(732,204) 279 cells, outer (712,46)..(732,204) 303 cells, target (732,204)
[final]    24.11s    fence for edge c1-1to2: 0 ways (2 neighbours), 0 cells closed
[final]    24.11s    edge c1-1to2: 33 cells of its slots (20 and 20 cells) were closed and are open again
[final]    24.12s    [Coupler Insertion] chain 1 edge 1->2: a way of 216 cells refused, squeezed at (747,177): 1 wire (26) in 24 cells to the artwork, need 39 (19 + 1 x 20), short by 15
[final]    24.12s    edge of chain 1 from 1 to 2: no way; source (847, 260) heading 5 -> (862, 275) free, target (742, 120) heading 7 -> (727, 135) free | waypoint 1 way (851,256)..(738,443) 246 cells, outer (913,46)..(738,443) 417 cells, target (738,443) | waypoint 2 way (738,116)..(732,204) 279 cells, outer (712,46)..(732,204) 303 cells, target (732,204)
[final]    24.13s    fence for edge c1-1to2: 0 ways (2 neighbours), 0 cells closed
[final]    24.13s    edge c1-1to2: 5 cells of its slots (20 and 20 cells) were closed and are open again
[final]    24.18s    edge of chain 1 from 1 to 2: no way; source (864, 320) heading 5 -> (879, 335) free, target (721, 135) heading 7 -> (706, 150) free | waypoint 1 way (854,302)..(738,443) 205 cells, outer (913,46)..(738,443) 417 cells, target (738,443) | waypoint 2 way (731,117)..(732,204) 285 cells, outer (712,46)..(732,204) 303 cells, target (732,204)
[final]    24.18s    fence for edge c1-1to2: 0 ways (2 neighbours), 0 cells closed
[final]    24.18s    edge c1-1to2: 5 cells of its slots (20 and 20 cells) were closed and are open again
[final]    24.23s    fence for edge c1-0to1: 0 ways (1 neighbours), 0 cells closed
[final]    24.23s    edge c1-0to1: 16 cells of its slots (20 and 20 cells) were closed and are open again
[final]    24.28s    [Coupler Insertion] chain 1 edge 0->1: a way of 661 cells refused, squeezed at (781,417): 1 wire (22) in 12 cells to the artwork, need 39 (19 + 1 x 20), short by 27
[final]    24.28s    edge of chain 1 from 0 to 1: no way; source (963, 45) heading 4 -> (963, 56) free, target (850, 306) heading 5 -> (835, 291) free | waypoint 1 way (854,302)..(738,443) 205 cells, outer (913,46)..(738,443) 417 cells, target (738,443)
[final]    24.29s    fence for edge c1-1to2: 0 ways (2 neighbours), 0 cells closed
[final]    24.29s    edge c1-1to2: 5 cells of its slots (20 and 20 cells) were closed and are open again
[final]    24.33s    [Coupler Insertion] chain 1 edge 1->2: a way of 544 cells refused, squeezed at (783,417): 1 wire (22) in 12 cells to the artwork, need 39 (19 + 1 x 20), short by 27
[final]    24.33s    edge of chain 1 from 1 to 2: no way; source (864, 320) heading 5 -> (879, 335) free, target (748, 131) heading 7 -> (733, 146) free | waypoint 1 way (854,302)..(738,443) 205 cells, outer (913,46)..(738,443) 417 cells, target (738,443) | waypoint 2 way (758,113)..(732,204) 298 cells, outer (712,46)..(732,204) 303 cells, target (732,204)
[final]    24.33s    fence for edge c1-1to2: 0 ways (2 neighbours), 0 cells closed
[final]    24.33s    edge c1-1to2: 5 cells of its slots (20 and 20 cells) were closed and are open again
[final]    24.37s    fence for edge c1-0to1: 0 ways (1 neighbours), 0 cells closed
[final]    24.37s    edge c1-0to1: 16 cells of its slots (20 and 20 cells) were closed and are open again
[final]    24.43s    [Coupler Insertion] chain 1 edge 0->1: a way of 661 cells refused, squeezed at (781,417): 1 wire (22) in 12 cells to the artwork, need 39 (19 + 1 x 20), short by 27
[final]    24.43s    edge of chain 1 from 0 to 1: no way; source (963, 45) heading 4 -> (963, 56) free, target (850, 306) heading 5 -> (835, 291) free | waypoint 1 way (854,302)..(738,443) 205 cells, outer (913,46)..(738,443) 417 cells, target (738,443)
[final]    24.43s    fence for edge c1-1to2: 0 ways (2 neighbours), 0 cells closed
[final]    24.43s    edge c1-1to2: 16 cells of its slots (20 and 20 cells) were closed and are open again
[final]    24.47s    [Coupler Insertion] chain 1 edge 1->2: a way of 519 cells refused, squeezed at (783,417): 1 wire (22) in 12 cells to the artwork, need 39 (19 + 1 x 20), short by 27
[final]    24.47s    edge of chain 1 from 1 to 2: no way; source (864, 320) heading 5 -> (879, 335) free, target (742, 120) heading 7 -> (727, 135) free | waypoint 1 way (854,302)..(738,443) 205 cells, outer (913,46)..(738,443) 417 cells, target (738,443) | waypoint 2 way (738,116)..(732,204) 279 cells, outer (712,46)..(732,204) 303 cells, target (732,204)
[final]    24.47s    fence for edge c1-1to2: 0 ways (2 neighbours), 0 cells closed
[final]    24.47s    edge c1-1to2: 16 cells of its slots (20 and 20 cells) were closed and are open again
[final]    24.49s    fence for edge c1-0to1: 0 ways (1 neighbours), 0 cells closed
[final]    24.49s    edge c1-0to1: 16 cells of its slots (20 and 20 cells) were closed and are open again
[final]    24.55s    [Coupler Insertion] chain 1 edge 0->1: a way of 661 cells refused, squeezed at (781,417): 1 wire (22) in 12 cells to the artwork, need 39 (19 + 1 x 20), short by 27
[final]    24.55s    edge of chain 1 from 0 to 1: no way; source (963, 45) heading 4 -> (963, 56) free, target (850, 306) heading 5 -> (835, 291) free | waypoint 1 way (854,302)..(738,443) 205 cells, outer (913,46)..(738,443) 417 cells, target (738,443)
[final]    24.55s    fence for edge c1-1to2: 0 ways (2 neighbours), 0 cells closed
[final]    24.55s    edge c1-1to2: 29 cells of its slots (26 and 20 cells) were closed and are open again
[final]    24.61s    edge of chain 1 from 1 to 2: no way; source (868, 304) heading 6 -> (889, 304) free, target (721, 135) heading 7 -> (706, 150) free | waypoint 1 way (868,300)..(738,443) 210 cells, outer (913,46)..(738,443) 417 cells, target (738,443) | waypoint 2 way (731,117)..(732,204) 285 cells, outer (712,46)..(732,204) 303 cells, target (732,204)
[final]    24.61s    fence for edge c1-1to2: 0 ways (2 neighbours), 0 cells closed
[final]    24.61s    edge c1-1to2: 29 cells of its slots (26 and 20 cells) were closed and are open again
[final]    24.66s    fence for edge c1-0to1: 0 ways (1 neighbours), 0 cells closed
[final]    24.66s    edge c1-0to1: 5 cells of its slots (20 and 26 cells) were closed and are open again
[final]    24.71s    edge of chain 1 from 0 to 1: no way; source (963, 45) heading 4 -> (963, 56) free, target (848, 304) heading 6 -> (827, 304) free | waypoint 1 way (868,300)..(738,443) 210 cells, outer (913,46)..(738,443) 417 cells, target (738,443)
[final]    24.71s    fence for edge c1-1to2: 0 ways (2 neighbours), 0 cells closed
[final]    24.71s    edge c1-1to2: 29 cells of its slots (26 and 20 cells) were closed and are open again
[final]    24.76s    [Coupler Insertion] chain 1 edge 1->2: a way of 569 cells refused, squeezed at (768,437): 1 wire (22) in 11 cells to the artwork, need 39 (19 + 1 x 20), short by 28
[final]    24.76s    edge of chain 1 from 1 to 2: no way; source (868, 304) heading 6 -> (889, 304) free, target (748, 131) heading 7 -> (733, 146) free | waypoint 1 way (868,300)..(738,443) 210 cells, outer (913,46)..(738,443) 417 cells, target (738,443) | waypoint 2 way (758,113)..(732,204) 298 cells, outer (712,46)..(732,204) 303 cells, target (732,204)
[final]    24.76s    fence for edge c1-1to2: 0 ways (2 neighbours), 0 cells closed
[final]    24.76s    edge c1-1to2: 29 cells of its slots (26 and 20 cells) were closed and are open again
[final]    24.80s    fence for edge c1-0to1: 0 ways (1 neighbours), 0 cells closed
[final]    24.80s    edge c1-0to1: 5 cells of its slots (20 and 26 cells) were closed and are open again
[final]    24.85s    edge of chain 1 from 0 to 1: no way; source (963, 45) heading 4 -> (963, 56) free, target (848, 304) heading 6 -> (827, 304) free | waypoint 1 way (868,300)..(738,443) 210 cells, outer (913,46)..(738,443) 417 cells, target (738,443)
[final]    24.86s    fence for edge c1-1to2: 0 ways (2 neighbours), 0 cells closed
[final]    24.86s    edge c1-1to2: 40 cells of its slots (26 and 20 cells) were closed and are open again
[final]    24.89s    [Coupler Insertion] chain 1 edge 1->2: a way of 544 cells refused, squeezed at (768,437): 1 wire (22) in 11 cells to the artwork, need 39 (19 + 1 x 20), short by 28
[final]    24.89s    edge of chain 1 from 1 to 2: no way; source (868, 304) heading 6 -> (889, 304) free, target (742, 120) heading 7 -> (727, 135) free | waypoint 1 way (868,300)..(738,443) 210 cells, outer (913,46)..(738,443) 417 cells, target (738,443) | waypoint 2 way (738,116)..(732,204) 279 cells, outer (712,46)..(732,204) 303 cells, target (732,204)
[final]    24.89s    fence for edge c1-1to2: 0 ways (2 neighbours), 0 cells closed
[final]    24.89s    edge c1-1to2: 40 cells of its slots (26 and 20 cells) were closed and are open again
[final]    24.91s    fence for edge c1-0to1: 0 ways (1 neighbours), 0 cells closed
[final]    24.91s    edge c1-0to1: 5 cells of its slots (20 and 26 cells) were closed and are open again
[final]    24.96s    edge of chain 1 from 0 to 1: no way; source (963, 45) heading 4 -> (963, 56) free, target (848, 304) heading 6 -> (827, 304) free | waypoint 1 way (868,300)..(738,443) 210 cells, outer (913,46)..(738,443) 417 cells, target (738,443)
[final]    24.97s    fence for edge c1-1to2: 0 ways (2 neighbours), 0 cells closed
[final]    24.97s    edge c1-1to2: 5 cells of its slots (26 and 26 cells) were closed and are open again
[final]    25.02s    [Coupler Insertion] chain 1 edge 1->2: a way of 601 cells refused, squeezed at (772,428): 1 wire (22) in 6 cells to the artwork, need 39 (19 + 1 x 20), short by 33
[final]    25.02s    edge of chain 1 from 1 to 2: no way; source (902, 265) heading 6 -> (923, 265) free, target (740, 132) heading 0 -> (740, 153) free | waypoint 1 way (882,261)..(738,443) 251 cells, outer (913,46)..(738,443) 417 cells, target (738,443) | waypoint 2 way (736,112)..(732,204) 274 cells, outer (712,46)..(732,204) 303 cells, target (732,204)
[final]    25.02s    fence for edge c1-1to2: 0 ways (2 neighbours), 0 cells closed
[final]    25.02s    edge c1-1to2: 5 cells of its slots (26 and 26 cells) were closed and are open again
[final]    25.06s    [Coupler Insertion] chain 1 edge 1->2: a way of 319 cells refused, squeezed at (731,198): 1 wire (26) in 21 cells to the artwork, need 39 (19 + 1 x 20), short by 18
[final]    25.06s    edge of chain 1 from 1 to 2: no way; source (902, 265) heading 6 -> (923, 265) free, target (740, 132) heading 0 -> (740, 153) free | waypoint 1 way (882,261)..(738,443) 251 cells, outer (913,46)..(738,443) 417 cells, target (738,443) | waypoint 2 way (736,112)..(732,204) 274 cells, outer (712,46)..(732,204) 303 cells, target (732,204)
[final]    25.06s    fence for edge c1-1to2: 0 ways (2 neighbours), 0 cells closed
[final]    25.06s    edge c1-1to2: 24 cells of its slots (26 and 26 cells) were closed and are open again
[final]    25.11s    [Coupler Insertion] chain 1 edge 1->2: a way of 600 cells refused, squeezed at (772,428): 1 wire (22) in 6 cells to the artwork, need 39 (19 + 1 x 20), short by 33
[final]    25.11s    edge of chain 1 from 1 to 2: no way; source (902, 265) heading 6 -> (923, 265) free, target (740, 133) heading 0 -> (740, 154) free | waypoint 1 way (882,261)..(738,443) 251 cells, outer (913,46)..(738,443) 417 cells, target (738,443) | waypoint 2 way (736,133)..(732,204) 294 cells, outer (712,46)..(732,204) 303 cells, target (732,204)
[final]    25.12s    fence for edge c1-1to2: 0 ways (2 neighbours), 0 cells closed
[final]    25.12s    edge c1-1to2: 24 cells of its slots (26 and 26 cells) were closed and are open again
[final]    25.15s    [Coupler Insertion] chain 1 edge 1->2: a way of 318 cells refused, squeezed at (731,198): 1 wire (26) in 21 cells to the artwork, need 39 (19 + 1 x 20), short by 18
[final]    25.15s    edge of chain 1 from 1 to 2: no way; source (902, 265) heading 6 -> (923, 265) free, target (740, 133) heading 0 -> (740, 154) free | waypoint 1 way (882,261)..(738,443) 251 cells, outer (913,46)..(738,443) 417 cells, target (738,443) | waypoint 2 way (736,133)..(732,204) 294 cells, outer (712,46)..(732,204) 303 cells, target (732,204)
[final]    25.15s    fence for edge c1-1to2: 0 ways (2 neighbours), 0 cells closed
[final]    25.15s    edge c1-1to2: 26 cells of its slots (20 and 26 cells) were closed and are open again
[final]    25.15s    edge of chain 1 from 1 to 2: no way; source (900, 267) heading 7 -> (915, 252) free, target (740, 132) heading 0 -> (740, 153) free | waypoint 1 way (896,263)..(738,443) 246 cells, outer (913,46)..(738,443) 417 cells, target (738,443) | waypoint 2 way (736,112)..(732,204) 274 cells, outer (712,46)..(732,204) 303 cells, target (732,204)
[final]    25.16s    fence for edge c1-1to2: 0 ways (2 neighbours), 0 cells closed
[final]    25.16s    edge c1-1to2: 21 cells of its slots (20 and 26 cells) were closed and are open again
[final]    25.19s    [Coupler Insertion] chain 1 edge 1->2: a way of 291 cells refused, squeezed at (733,196): 1 wire (26) in 24 cells to the artwork, need 39 (19 + 1 x 20), short by 15
[final]    25.19s    edge of chain 1 from 1 to 2: no way; source (900, 267) heading 7 -> (915, 252) free, target (740, 132) heading 0 -> (740, 153) free | waypoint 1 way (896,263)..(738,443) 246 cells, outer (913,46)..(738,443) 417 cells, target (738,443) | waypoint 2 way (736,112)..(732,204) 274 cells, outer (712,46)..(732,204) 303 cells, target (732,204)
[final]    25.19s    fence for edge c1-1to2: 0 ways (2 neighbours), 0 cells closed
[final]    25.19s    edge c1-1to2: 45 cells of its slots (20 and 26 cells) were closed and are open again
[final]    25.19s    edge of chain 1 from 1 to 2: no way; source (900, 267) heading 7 -> (915, 252) free, target (740, 133) heading 0 -> (740, 154) free | waypoint 1 way (896,263)..(738,443) 246 cells, outer (913,46)..(738,443) 417 cells, target (738,443) | waypoint 2 way (736,133)..(732,204) 294 cells, outer (712,46)..(732,204) 303 cells, target (732,204)
[final]    25.20s    fence for edge c1-1to2: 0 ways (2 neighbours), 0 cells closed
[final]    25.20s    edge c1-1to2: 40 cells of its slots (20 and 26 cells) were closed and are open again
[final]    25.22s    [Coupler Insertion] chain 1 edge 1->2: a way of 290 cells refused, squeezed at (733,196): 1 wire (26) in 24 cells to the artwork, need 39 (19 + 1 x 20), short by 15
[final]    25.22s    edge of chain 1 from 1 to 2: no way; source (900, 267) heading 7 -> (915, 252) free, target (740, 133) heading 0 -> (740, 154) free | waypoint 1 way (896,263)..(738,443) 246 cells, outer (913,46)..(738,443) 417 cells, target (738,443) | waypoint 2 way (736,133)..(732,204) 294 cells, outer (712,46)..(732,204) 303 cells, target (732,204)
[final]    25.23s    fence for edge c1-1to2: 0 ways (2 neighbours), 0 cells closed
[final]    25.23s    edge c1-1to2: 26 cells of its slots (20 and 26 cells) were closed and are open again
[final]    25.23s    edge of chain 1 from 1 to 2: no way; source (921, 246) heading 7 -> (936, 231) free, target (740, 132) heading 0 -> (740, 153) free | waypoint 1 way (903,256)..(738,443) 246 cells, outer (913,46)..(738,443) 417 cells, target (738,443) | waypoint 2 way (736,112)..(732,204) 274 cells, outer (712,46)..(732,204) 303 cells, target (732,204)
[final]    25.23s    fence for edge c1-1to2: 0 ways (2 neighbours), 0 cells closed
[final]    25.23s    edge c1-1to2: 5 cells of its slots (20 and 26 cells) were closed and are open again
[final]    25.26s    [Coupler Insertion] chain 1 edge 1->2: a way of 310 cells refused, squeezed at (734,195): 1 wire (26) in 25 cells to the artwork, need 39 (19 + 1 x 20), short by 14
[final]    25.26s    edge of chain 1 from 1 to 2: no way; source (921, 246) heading 7 -> (936, 231) free, target (740, 132) heading 0 -> (740, 153) free | waypoint 1 way (903,256)..(738,443) 246 cells, outer (913,46)..(738,443) 417 cells, target (738,443) | waypoint 2 way (736,112)..(732,204) 274 cells, outer (712,46)..(732,204) 303 cells, target (732,204)
[final]    25.27s    fence for edge c1-1to2: 0 ways (2 neighbours), 0 cells closed
[final]    25.27s    edge c1-1to2: 45 cells of its slots (20 and 26 cells) were closed and are open again
[final]    25.27s    edge of chain 1 from 1 to 2: no way; source (921, 246) heading 7 -> (936, 231) free, target (740, 133) heading 0 -> (740, 154) free | waypoint 1 way (903,256)..(738,443) 246 cells, outer (913,46)..(738,443) 417 cells, target (738,443) | waypoint 2 way (736,133)..(732,204) 294 cells, outer (712,46)..(732,204) 303 cells, target (732,204)
[final]    25.27s    fence for edge c1-1to2: 0 ways (2 neighbours), 0 cells closed
[final]    25.27s    edge c1-1to2: 24 cells of its slots (20 and 26 cells) were closed and are open again
[final]    25.30s    [Coupler Insertion] chain 1 edge 1->2: a way of 309 cells refused, squeezed at (734,195): 1 wire (26) in 25 cells to the artwork, need 39 (19 + 1 x 20), short by 14
[final]    25.30s    edge of chain 1 from 1 to 2: no way; source (921, 246) heading 7 -> (936, 231) free, target (740, 133) heading 0 -> (740, 154) free | waypoint 1 way (903,256)..(738,443) 246 cells, outer (913,46)..(738,443) 417 cells, target (738,443) | waypoint 2 way (736,133)..(732,204) 294 cells, outer (712,46)..(732,204) 303 cells, target (732,204)
[final]    25.30s    fence for edge c1-2to3: 0 ways (2 neighbours), 0 cells closed
[final]    25.30s    edge c1-2to3: 16 cells of its slots (20 and 20 cells) were closed and are open again
[final]    25.30s    edge of chain 1 from 2 to 3: no way; source (762, 117) heading 7 -> (777, 102) free, target (319, 188) heading 7 -> (304, 203) free | waypoint 2 way (758,113)..(732,204) 298 cells, outer (712,46)..(732,204) 303 cells, target (732,204) | waypoint 3 way (329,170)..(432,260) 234 cells, outer (412,46)..(432,260) 276 cells, target (432,260)
[final]    25.31s    fence for edge c1-2to3: 0 ways (2 neighbours), 0 cells closed
[final]    25.31s    edge c1-2to3: 32 cells of its slots (20 and 20 cells) were closed and are open again
[final]    25.31s    edge of chain 1 from 2 to 3: no way; source (762, 117) heading 7 -> (777, 102) free, target (340, 167) heading 7 -> (325, 182) free | waypoint 2 way (758,113)..(732,204) 298 cells, outer (712,46)..(732,204) 303 cells, target (732,204) | waypoint 3 way (336,163)..(432,260) 234 cells, outer (412,46)..(432,260) 276 cells, target (432,260)
[final]    25.31s    fence for edge c1-2to3: 0 ways (2 neighbours), 0 cells closed
[final]    25.34s    [Coupler Insertion] chain 1 edge 2->3: a way of 590 cells refused, squeezed at (373,97): 1 wire (29) in 21 cells to the artwork, need 39 (19 + 1 x 20), short by 18
[final]    25.34s    edge of chain 1 from 2 to 3: no way; source (756, 106) heading 7 -> (771, 91) free, target (280, 150) heading 6 -> (259, 150) free | waypoint 2 way (738,116)..(732,204) 279 cells, outer (712,46)..(732,204) 303 cells, target (732,204) | waypoint 3 way (300,146)..(432,260) 244 cells, outer (412,46)..(432,260) 276 cells, target (432,260)
[final]    25.34s    fence for edge c1-2to3: 0 ways (2 neighbours), 0 cells closed
[final]    25.34s    edge c1-2to3: 24 cells of its slots (20 and 26 cells) were closed and are open again
[final]    25.39s    edge of chain 1 from 2 to 3: no way; source (756, 106) heading 7 -> (771, 91) free, target (405, 119) heading 6 -> (384, 119) free | waypoint 2 way (738,116)..(732,204) 279 cells, outer (712,46)..(732,204) 303 cells, target (732,204) | waypoint 3 way (405,115)..(432,260) 299 cells, outer (412,46)..(432,260) 276 cells, target (432,260)
[final]    25.39s    fence for edge c1-2to3: 0 ways (2 neighbours), 0 cells closed
[final]    25.39s    edge c1-2to3: 24 cells of its slots (20 and 26 cells) were closed and are open again
[final]    25.41s    [Coupler Insertion] chain 1 edge 2->3: a way of 590 cells refused, squeezed at (373,97): 1 wire (29) in 21 cells to the artwork, need 39 (19 + 1 x 20), short by 18
[final]    25.41s    edge of chain 1 from 2 to 3: no way; source (756, 106) heading 7 -> (771, 91) free, target (310, 150) heading 6 -> (289, 150) free | waypoint 2 way (738,116)..(732,204) 279 cells, outer (712,46)..(732,204) 303 cells, target (732,204) | waypoint 3 way (310,146)..(432,260) 244 cells, outer (412,46)..(432,260) 276 cells, target (432,260)
[final]    25.42s    fence for edge c1-2to3: 0 ways (2 neighbours), 0 cells closed
[final]    25.42s    edge c1-2to3: 16 cells of its slots (20 and 20 cells) were closed and are open again
[final]    25.44s    [Coupler Insertion] chain 1 edge 2->3: a way of 516 cells refused, squeezed at (375,81): 1 wire (29) in 37 cells to the artwork, need 39 (19 + 1 x 20), short by 2
[final]    25.44s    edge of chain 1 from 2 to 3: no way; source (677, 136) heading 5 -> (692, 151) free, target (259, 106) heading 5 -> (244, 91) free | waypoint 2 way (681,132)..(732,204) 255 cells, outer (712,46)..(732,204) 303 cells, target (732,204) | waypoint 3 way (277,116)..(432,260) 234 cells, outer (412,46)..(432,260) 276 cells, target (432,260)
[final]    25.44s    fence for edge c1-2to3: 0 ways (2 neighbours), 0 cells closed
[final]    25.44s    edge c1-2to3: 32 cells of its slots (20 and 20 cells) were closed and are open again
[final]    25.45s    [Coupler Insertion] chain 1 edge 2->3: a way of 486 cells refused, squeezed at (375,81): 1 wire (29) in 37 cells to the artwork, need 39 (19 + 1 x 20), short by 2
[final]    25.45s    edge of chain 1 from 2 to 3: no way; source (677, 136) heading 5 -> (692, 151) free, target (280, 127) heading 5 -> (265, 112) free | waypoint 2 way (681,132)..(732,204) 255 cells, outer (712,46)..(732,204) 303 cells, target (732,204) | waypoint 3 way (284,123)..(432,260) 234 cells, outer (412,46)..(432,260) 276 cells, target (432,260)
[final]    25.46s    fence for edge c1-2to3: 0 ways (2 neighbours), 0 cells closed
[final]    25.46s    edge c1-2to3: 16 cells of its slots (20 and 26 cells) were closed and are open again
[final]    25.46s    [Coupler Insertion] chain 1 edge 2->3: a way of 507 cells refused, squeezed at (375,97): 1 wire (29) in 21 cells to the artwork, need 39 (19 + 1 x 20), short by 18
[final]    25.46s    edge of chain 1 from 2 to 3: no way; source (677, 136) heading 5 -> (692, 151) free, target (280, 150) heading 6 -> (259, 150) free | waypoint 2 way (681,132)..(732,204) 255 cells, outer (712,46)..(732,204) 303 cells, target (732,204) | waypoint 3 way (300,146)..(432,260) 244 cells, outer (412,46)..(432,260) 276 cells, target (432,260)
[final]    25.47s    fence for edge c1-2to3: 0 ways (2 neighbours), 0 cells closed
[final]    25.47s    edge c1-2to3: 40 cells of its slots (20 and 26 cells) were closed and are open again
[final]    25.50s    edge of chain 1 from 2 to 3: no way; source (677, 136) heading 5 -> (692, 151) free, target (405, 119) heading 6 -> (384, 119) free | waypoint 2 way (681,132)..(732,204) 255 cells, outer (712,46)..(732,204) 303 cells, target (732,204) | waypoint 3 way (405,115)..(432,260) 299 cells, outer (412,46)..(432,260) 276 cells, target (432,260)
[final]    25.50s    fence for edge c1-2to3: 0 ways (2 neighbours), 0 cells closed
[final]    25.50s    edge c1-2to3: 40 cells of its slots (20 and 26 cells) were closed and are open again
[final]    25.51s    [Coupler Insertion] chain 1 edge 2->3: a way of 507 cells refused, squeezed at (375,97): 1 wire (29) in 21 cells to the artwork, need 39 (19 + 1 x 20), short by 18
[final]    25.51s    edge of chain 1 from 2 to 3: no way; source (677, 136) heading 5 -> (692, 151) free, target (310, 150) heading 6 -> (289, 150) free | waypoint 2 way (681,132)..(732,204) 255 cells, outer (712,46)..(732,204) 303 cells, target (732,204) | waypoint 3 way (310,146)..(432,260) 244 cells, outer (412,46)..(432,260) 276 cells, target (432,260)
[final]    25.52s    fence for edge c1-2to3: 0 ways (2 neighbours), 0 cells closed
[final]    25.52s    edge c1-2to3: 16 cells of its slots (20 and 20 cells) were closed and are open again
[final]    25.53s    [Coupler Insertion] chain 1 edge 2->3: a way of 534 cells refused, squeezed at (375,98): 1 wire (29) in 20 cells to the artwork, need 39 (19 + 1 x 20), short by 19
[final]    25.53s    edge of chain 1 from 2 to 3: no way; source (677, 136) heading 5 -> (692, 151) free, target (319, 188) heading 7 -> (304, 203) free | waypoint 2 way (681,132)..(732,204) 255 cells, outer (712,46)..(732,204) 303 cells, target (732,204) | waypoint 3 way (329,170)..(432,260) 234 cells, outer (412,46)..(432,260) 276 cells, target (432,260)
[final]    25.53s    fence for edge c1-2to3: 0 ways (2 neighbours), 0 cells closed
[final]    25.53s    edge c1-2to3: 32 cells of its slots (20 and 20 cells) were closed and are open again
[final]    25.55s    [Coupler Insertion] chain 1 edge 2->3: a way of 513 cells refused, squeezed at (375,98): 1 wire (29) in 20 cells to the artwork, need 39 (19 + 1 x 20), short by 19
[final]    25.55s    edge of chain 1 from 2 to 3: no way; source (677, 136) heading 5 -> (692, 151) free, target (340, 167) heading 7 -> (325, 182) free | waypoint 2 way (681,132)..(732,204) 255 cells, outer (712,46)..(732,204) 303 cells, target (732,204) | waypoint 3 way (336,163)..(432,260) 234 cells, outer (412,46)..(432,260) 276 cells, target (432,260)
[final]    25.55s    fence for edge c1-2to3: 0 ways (2 neighbours), 0 cells closed
[final]    25.55s    edge c1-2to3: 16 cells of its slots (20 and 20 cells) were closed and are open again
[final]    25.56s    [Coupler Insertion] chain 1 edge 2->3: a way of 501 cells refused, squeezed at (375,98): 1 wire (29) in 20 cells to the artwork, need 39 (19 + 1 x 20), short by 19
[final]    25.56s    edge of chain 1 from 2 to 3: no way; source (702, 141) heading 5 -> (717, 156) free, target (286, 126) heading 5 -> (271, 111) free | waypoint 2 way (706,137)..(732,204) 314 cells, outer (712,46)..(732,204) 303 cells, target (732,204) | waypoint 3 way (304,136)..(432,260) 205 cells, outer (412,46)..(432,260) 276 cells, target (432,260)
[final]    25.56s    fence for edge c1-2to3: 0 ways (2 neighbours), 0 cells closed
[final]    25.56s    edge c1-2to3: 16 cells of its slots (20 and 20 cells) were closed and are open again
[final]    25.58s    [Coupler Insertion] chain 1 edge 2->3: a way of 541 cells refused, squeezed at (375,81): 1 wire (29) in 37 cells to the artwork, need 39 (19 + 1 x 20), short by 2
[final]    25.58s    edge of chain 1 from 2 to 3: no way; source (702, 141) heading 5 -> (717, 156) free, target (259, 106) heading 5 -> (244, 91) free | waypoint 2 way (706,137)..(732,204) 314 cells, outer (712,46)..(732,204) 303 cells, target (732,204) | waypoint 3 way (277,116)..(432,260) 234 cells, outer (412,46)..(432,260) 276 cells, target (432,260)
[final]    25.59s    fence for edge c1-2to3: 0 ways (2 neighbours), 0 cells closed
[final]    25.59s    edge c1-2to3: 32 cells of its slots (20 and 20 cells) were closed and are open again
[final]    25.59s    [Coupler Insertion] chain 1 edge 2->3: a way of 480 cells refused, squeezed at (375,98): 1 wire (29) in 20 cells to the artwork, need 39 (19 + 1 x 20), short by 19
[final]    25.59s    edge of chain 1 from 2 to 3: no way; source (702, 141) heading 5 -> (717, 156) free, target (307, 147) heading 5 -> (292, 132) free | waypoint 2 way (706,137)..(732,204) 314 cells, outer (712,46)..(732,204) 303 cells, target (732,204) | waypoint 3 way (311,143)..(432,260) 205 cells, outer (412,46)..(432,260) 276 cells, target (432,260)
[final]    25.59s    fence for edge c1-2to3: 0 ways (2 neighbours), 0 cells closed
[final]    25.59s    edge c1-2to3: 32 cells of its slots (20 and 20 cells) were closed and are open again
[final]    25.61s    [Coupler Insertion] chain 1 edge 2->3: a way of 511 cells refused, squeezed at (375,81): 1 wire (29) in 37 cells to the artwork, need 39 (19 + 1 x 20), short by 2
[final]    25.61s    edge of chain 1 from 2 to 3: no way; source (702, 141) heading 5 -> (717, 156) free, target (280, 127) heading 5 -> (265, 112) free | waypoint 2 way (706,137)..(732,204) 314 cells, outer (712,46)..(732,204) 303 cells, target (732,204) | waypoint 3 way (284,123)..(432,260) 234 cells, outer (412,46)..(432,260) 276 cells, target (432,260)
[final]    25.61s    fence for edge c1-2to3: 0 ways (2 neighbours), 0 cells closed
[final]    25.61s    edge c1-2to3: 16 cells of its slots (20 and 26 cells) were closed and are open again
[final]    25.62s    [Coupler Insertion] chain 1 edge 2->3: a way of 507 cells refused, squeezed at (375,98): 1 wire (29) in 20 cells to the artwork, need 39 (19 + 1 x 20), short by 19
[final]    25.62s    edge of chain 1 from 2 to 3: no way; source (702, 141) heading 5 -> (717, 156) free, target (305, 145) heading 6 -> (284, 145) free | waypoint 2 way (706,137)..(732,204) 314 cells, outer (712,46)..(732,204) 303 cells, target (732,204) | waypoint 3 way (325,141)..(432,260) 210 cells, outer (412,46)..(432,260) 276 cells, target (432,260)
[final]    25.62s    fence for edge c1-2to3: 0 ways (2 neighbours), 0 cells closed
[final]    25.62s    edge c1-2to3: 16 cells of its slots (20 and 26 cells) were closed and are open again
[final]    25.63s    [Coupler Insertion] chain 1 edge 2->3: a way of 532 cells refused, squeezed at (375,97): 1 wire (29) in 21 cells to the artwork, need 39 (19 + 1 x 20), short by 18
[final]    25.63s    edge of chain 1 from 2 to 3: no way; source (702, 141) heading 5 -> (717, 156) free, target (280, 150) heading 6 -> (259, 150) free | waypoint 2 way (706,137)..(732,204) 314 cells, outer (712,46)..(732,204) 303 cells, target (732,204) | waypoint 3 way (300,146)..(432,260) 244 cells, outer (412,46)..(432,260) 276 cells, target (432,260)
[final]    25.64s    fence for edge c1-2to3: 0 ways (2 neighbours), 0 cells closed
[final]    25.64s    edge c1-2to3: 40 cells of its slots (20 and 26 cells) were closed and are open again
[final]    25.67s    edge of chain 1 from 2 to 3: no way; source (702, 141) heading 5 -> (717, 156) free, target (405, 119) heading 6 -> (384, 119) free | waypoint 2 way (706,137)..(732,204) 314 cells, outer (712,46)..(732,204) 303 cells, target (732,204) | waypoint 3 way (405,115)..(432,260) 299 cells, outer (412,46)..(432,260) 276 cells, target (432,260)
[final]    25.67s    fence for edge c1-2to3: 0 ways (2 neighbours), 0 cells closed
[final]    25.67s    edge c1-2to3: 40 cells of its slots (20 and 26 cells) were closed and are open again
[final]    25.68s    [Coupler Insertion] chain 1 edge 2->3: a way of 532 cells refused, squeezed at (375,97): 1 wire (29) in 21 cells to the artwork, need 39 (19 + 1 x 20), short by 18
[final]    25.68s    edge of chain 1 from 2 to 3: no way; source (702, 141) heading 5 -> (717, 156) free, target (310, 150) heading 6 -> (289, 150) free | waypoint 2 way (706,137)..(732,204) 314 cells, outer (712,46)..(732,204) 303 cells, target (732,204) | waypoint 3 way (310,146)..(432,260) 244 cells, outer (412,46)..(432,260) 276 cells, target (432,260)
[final]    25.68s    fence for edge c1-2to3: 0 ways (2 neighbours), 0 cells closed
[final]    25.68s    edge c1-2to3: 16 cells of its slots (20 and 20 cells) were closed and are open again
[final]    25.70s    [Coupler Insertion] chain 1 edge 2->3: a way of 559 cells refused, squeezed at (375,98): 1 wire (29) in 20 cells to the artwork, need 39 (19 + 1 x 20), short by 19
[final]    25.70s    edge of chain 1 from 2 to 3: no way; source (702, 141) heading 5 -> (717, 156) free, target (319, 188) heading 7 -> (304, 203) free | waypoint 2 way (706,137)..(732,204) 314 cells, outer (712,46)..(732,204) 303 cells, target (732,204) | waypoint 3 way (329,170)..(432,260) 234 cells, outer (412,46)..(432,260) 276 cells, target (432,260)
[final]    25.70s    fence for edge c1-2to3: 0 ways (2 neighbours), 0 cells closed
[final]    25.70s    edge c1-2to3: 32 cells of its slots (20 and 20 cells) were closed and are open again
[final]    25.71s    [Coupler Insertion] chain 1 edge 2->3: a way of 538 cells refused, squeezed at (375,98): 1 wire (29) in 20 cells to the artwork, need 39 (19 + 1 x 20), short by 19
[final]    25.71s    edge of chain 1 from 2 to 3: no way; source (702, 141) heading 5 -> (717, 156) free, target (340, 167) heading 7 -> (325, 182) free | waypoint 2 way (706,137)..(732,204) 314 cells, outer (712,46)..(732,204) 303 cells, target (732,204) | waypoint 3 way (336,163)..(432,260) 234 cells, outer (412,46)..(432,260) 276 cells, target (432,260)
[final]    25.72s    fence for edge c1-2to3: 0 ways (2 neighbours), 0 cells closed
[final]    25.72s    edge c1-2to3: 24 cells of its slots (26 and 20 cells) were closed and are open again
[final]    25.72s    edge of chain 1 from 2 to 3: no way; source (702, 141) heading 6 -> (723, 141) free, target (259, 106) heading 5 -> (244, 91) free | waypoint 2 way (702,137)..(732,204) 260 cells, outer (712,46)..(732,204) 303 cells, target (732,204) | waypoint 3 way (277,116)..(432,260) 234 cells, outer (412,46)..(432,260) 276 cells, target (432,260)
[final]    25.72s    fence for edge c1-2to3: 0 ways (2 neighbours), 0 cells closed
[final]    25.72s    edge c1-2to3: 40 cells of its slots (26 and 20 cells) were closed and are open again
[final]    25.73s    edge of chain 1 from 2 to 3: no way; source (702, 141) heading 6 -> (723, 141) free, target (280, 127) heading 5 -> (265, 112) free | waypoint 2 way (702,137)..(732,204) 260 cells, outer (712,46)..(732,204) 303 cells, target (732,204) | waypoint 3 way (284,123)..(432,260) 234 cells, outer (412,46)..(432,260) 276 cells, target (432,260)
[final]    25.73s    fence for edge c1-2to3: 0 ways (2 neighbours), 0 cells closed
[final]    25.73s    edge c1-2to3: 21 cells of its slots (20 and 20 cells) were closed and are open again
[final]    25.73s    edge of chain 1 from 2 to 3: no way; source (735, 121) heading 7 -> (750, 106) free, target (259, 106) heading 5 -> (244, 91) free | waypoint 2 way (731,117)..(732,204) 285 cells, outer (712,46)..(732,204) 303 cells, target (732,204) | waypoint 3 way (277,116)..(432,260) 234 cells, outer (412,46)..(432,260) 276 cells, target (432,260)
[final]    25.74s    fence for edge c1-2to3: 0 ways (2 neighbours), 0 cells closed
[final]    25.74s    edge c1-2to3: 37 cells of its slots (20 and 20 cells) were closed and are open again
[final]    25.74s    edge of chain 1 from 2 to 3: no way; source (735, 121) heading 7 -> (750, 106) free, target (280, 127) heading 5 -> (265, 112) free | waypoint 2 way (731,117)..(732,204) 285 cells, outer (712,46)..(732,204) 303 cells, target (732,204) | waypoint 3 way (284,123)..(432,260) 234 cells, outer (412,46)..(432,260) 276 cells, target (432,260)
[final]    25.74s    fence for edge c1-1to2: 0 ways (2 neighbours), 0 cells closed
[final]    25.74s    edge c1-1to2: 29 cells of its slots (26 and 20 cells) were closed and are open again
[final]    25.75s    fence for edge c1-1to2: 0 ways (2 neighbours), 0 cells closed
[final]    25.75s    edge c1-1to2: 29 cells of its slots (26 and 20 cells) were closed and are open again
[final]    25.77s    fence for edge c1-1to2: 0 ways (2 neighbours), 0 cells closed
[final]    25.77s    edge c1-1to2: 40 cells of its slots (26 and 20 cells) were closed and are open again
[final]    25.81s    fence for edge c1-1to2: 0 ways (2 neighbours), 0 cells closed
[final]    25.81s    edge c1-1to2: 29 cells of its slots (26 and 26 cells) were closed and are open again
[final]    25.82s    fence for edge c1-1to2: 0 ways (2 neighbours), 0 cells closed
[final]    25.82s    edge c1-1to2: 24 cells of its slots (26 and 26 cells) were closed and are open again
[final]    25.83s    [Coupler Insertion] chain 1 edge 1->2: a way of 288 cells refused, squeezed at (722,135): 1 wire (26) in 36 cells to the artwork, need 39 (19 + 1 x 20), short by 3
[final]    25.83s    edge of chain 1 from 1 to 2: no way; source (905, 242) heading 0 -> (905, 221) free, target (712, 119) heading 6 -> (691, 119) free | waypoint 1 way (901,242)..(738,443) 251 cells, outer (913,46)..(738,443) 417 cells, target (738,443) | waypoint 2 way (732,115)..(732,204) 329 cells, outer (712,46)..(732,204) 303 cells, target (732,204)
[final]    25.84s    fence for edge c1-1to2: 0 ways (2 neighbours), 0 cells closed
[final]    25.84s    edge c1-1to2: 24 cells of its slots (26 and 26 cells) were closed and are open again
[final]    25.85s    [Coupler Insertion] chain 1 edge 1->2: a way of 288 cells refused, squeezed at (722,135): 1 wire (26) in 36 cells to the artwork, need 39 (19 + 1 x 20), short by 3
[final]    25.85s    edge of chain 1 from 1 to 2: no way; source (905, 242) heading 0 -> (905, 221) free, target (712, 119) heading 6 -> (691, 119) free | waypoint 1 way (901,242)..(738,443) 251 cells, outer (913,46)..(738,443) 417 cells, target (738,443) | waypoint 2 way (732,115)..(732,204) 329 cells, outer (712,46)..(732,204) 303 cells, target (732,204)
[final]    25.85s    fence for edge c1-1to2: 0 ways (2 neighbours), 0 cells closed
[final]    25.85s    edge c1-1to2: 48 cells of its slots (26 and 26 cells) were closed and are open again
[final]    25.85s    edge of chain 1 from 1 to 2: no way; source (905, 242) heading 0 -> (905, 221) free, target (712, 141) heading 6 -> (691, 141) free | waypoint 1 way (901,242)..(738,443) 251 cells, outer (913,46)..(738,443) 417 cells, target (738,443) | waypoint 2 way (712,137)..(732,204) 260 cells, outer (712,46)..(732,204) 303 cells, target (732,204)
[final]    25.86s    fence for edge c1-1to2: 0 ways (2 neighbours), 0 cells closed
[final]    25.86s    edge c1-1to2: 48 cells of its slots (26 and 26 cells) were closed and are open again
[final]    25.86s    edge of chain 1 from 1 to 2: no way; source (905, 242) heading 0 -> (905, 221) free, target (712, 141) heading 6 -> (691, 141) free | waypoint 1 way (901,242)..(738,443) 251 cells, outer (913,46)..(738,443) 417 cells, target (738,443) | waypoint 2 way (712,137)..(732,204) 260 cells, outer (712,46)..(732,204) 303 cells, target (732,204)
[final]    25.86s    fence for edge c1-1to2: 0 ways (2 neighbours), 0 cells closed
[final]    25.86s    edge c1-1to2: 48 cells of its slots (26 and 26 cells) were closed and are open again
[final]    25.87s    [Coupler Insertion] chain 1 edge 1->2: a way of 256 cells refused, squeezed at (722,135): 1 wire (26) in 36 cells to the artwork, need 39 (19 + 1 x 20), short by 3
[final]    25.87s    edge of chain 1 from 1 to 2: no way; source (905, 242) heading 0 -> (905, 221) free, target (742, 119) heading 6 -> (721, 119) free | waypoint 1 way (901,242)..(738,443) 251 cells, outer (913,46)..(738,443) 417 cells, target (738,443) | waypoint 2 way (742,115)..(732,204) 329 cells, outer (712,46)..(732,204) 303 cells, target (732,204)
[final]    25.88s    fence for edge c1-1to2: 0 ways (2 neighbours), 0 cells closed
[final]    25.88s    edge c1-1to2: 48 cells of its slots (26 and 26 cells) were closed and are open again
[final]    25.89s    [Coupler Insertion] chain 1 edge 1->2: a way of 256 cells refused, squeezed at (722,135): 1 wire (26) in 36 cells to the artwork, need 39 (19 + 1 x 20), short by 3
[final]    25.89s    edge of chain 1 from 1 to 2: no way; source (905, 242) heading 0 -> (905, 221) free, target (742, 119) heading 6 -> (721, 119) free | waypoint 1 way (901,242)..(738,443) 251 cells, outer (913,46)..(738,443) 417 cells, target (738,443) | waypoint 2 way (742,115)..(732,204) 329 cells, outer (712,46)..(732,204) 303 cells, target (732,204)
[final]    25.89s    fence for edge c1-1to2: 0 ways (2 neighbours), 0 cells closed
[final]    25.89s    edge c1-1to2: 5 cells of its slots (26 and 20 cells) were closed and are open again
[final]    25.90s    fence for edge c1-1to2: 0 ways (2 neighbours), 0 cells closed
[final]    25.90s    edge c1-1to2: 5 cells of its slots (26 and 20 cells) were closed and are open again
[final]    25.92s    fence for edge c1-1to2: 0 ways (2 neighbours), 0 cells closed
[final]    25.92s    edge c1-1to2: 16 cells of its slots (26 and 20 cells) were closed and are open again
[final]    25.95s    [Coupler Insertion] chain 1 edge 1->2: a way of 405 cells refused, squeezed at (737,207): 1 wire (26) in 20 cells to the artwork, need 39 (19 + 1 x 20), short by 19
[final]    25.95s    edge of chain 1 from 1 to 2: no way; source (905, 212) heading 0 -> (905, 191) free, target (641, 124) heading 5 -> (626, 109) free | waypoint 1 way (901,232)..(738,443) 251 cells, outer (913,46)..(738,443) 417 cells, target (738,443) | waypoint 2 way (645,120)..(732,204) 267 cells, outer (712,46)..(732,204) 303 cells, target (732,204)
[final]    25.95s    fence for edge c1-1to2: 0 ways (2 neighbours), 0 cells closed
[final]    25.95s    edge c1-1to2: 16 cells of its slots (26 and 20 cells) were closed and are open again
[final]    26.01s    [Coupler Insertion] chain 1 edge 1->2: a way of 405 cells refused, squeezed at (737,207): 1 wire (26) in 20 cells to the artwork, need 39 (19 + 1 x 20), short by 19
[final]    26.01s    edge of chain 1 from 1 to 2: no way; source (905, 212) heading 0 -> (905, 191) free, target (641, 124) heading 5 -> (626, 109) free | waypoint 1 way (901,232)..(738,443) 251 cells, outer (913,46)..(738,443) 417 cells, target (738,443) | waypoint 2 way (645,120)..(732,204) 267 cells, outer (712,46)..(732,204) 303 cells, target (732,204)
[final]    26.02s    fence for edge c1-1to2: 0 ways (2 neighbours), 0 cells closed
[final]    26.02s    edge c1-1to2: 5 cells of its slots (26 and 26 cells) were closed and are open again
[final]    26.03s    fence for edge c1-1to2: 0 ways (2 neighbours), 0 cells closed
[final]    26.05s    [Coupler Insertion] chain 1 edge 1->2: a way of 288 cells refused, squeezed at (722,135): 1 wire (26) in 36 cells to the artwork, need 39 (19 + 1 x 20), short by 3
[final]    26.05s    edge of chain 1 from 1 to 2: no way; source (905, 212) heading 0 -> (905, 191) free, target (712, 119) heading 6 -> (691, 119) free | waypoint 1 way (901,232)..(738,443) 251 cells, outer (913,46)..(738,443) 417 cells, target (738,443) | waypoint 2 way (732,115)..(732,204) 329 cells, outer (712,46)..(732,204) 303 cells, target (732,204)
[final]    26.05s    fence for edge c1-1to2: 0 ways (2 neighbours), 0 cells closed
[final]    26.06s    [Coupler Insertion] chain 1 edge 1->2: a way of 288 cells refused, squeezed at (722,135): 1 wire (26) in 36 cells to the artwork, need 39 (19 + 1 x 20), short by 3
[final]    26.06s    edge of chain 1 from 1 to 2: no way; source (905, 212) heading 0 -> (905, 191) free, target (712, 119) heading 6 -> (691, 119) free | waypoint 1 way (901,232)..(738,443) 251 cells, outer (913,46)..(738,443) 417 cells, target (738,443) | waypoint 2 way (732,115)..(732,204) 329 cells, outer (712,46)..(732,204) 303 cells, target (732,204)
[final]    26.07s    fence for edge c1-1to2: 0 ways (2 neighbours), 0 cells closed
[final]    26.07s    edge c1-1to2: 24 cells of its slots (26 and 26 cells) were closed and are open again
[final]    26.07s    edge of chain 1 from 1 to 2: no way; source (905, 212) heading 0 -> (905, 191) free, target (712, 141) heading 6 -> (691, 141) free | waypoint 1 way (901,232)..(738,443) 251 cells, outer (913,46)..(738,443) 417 cells, target (738,443) | waypoint 2 way (712,137)..(732,204) 260 cells, outer (712,46)..(732,204) 303 cells, target (732,204)
[final]    26.07s    fence for edge c1-1to2: 0 ways (2 neighbours), 0 cells closed
[final]    26.07s    edge c1-1to2: 24 cells of its slots (26 and 26 cells) were closed and are open again
[final]    26.07s    edge of chain 1 from 1 to 2: no way; source (905, 212) heading 0 -> (905, 191) free, target (712, 141) heading 6 -> (691, 141) free | waypoint 1 way (901,232)..(738,443) 251 cells, outer (913,46)..(738,443) 417 cells, target (738,443) | waypoint 2 way (712,137)..(732,204) 260 cells, outer (712,46)..(732,204) 303 cells, target (732,204)
[final]    26.08s    fence for edge c1-1to2: 0 ways (2 neighbours), 0 cells closed
[final]    26.08s    edge c1-1to2: 24 cells of its slots (26 and 26 cells) were closed and are open again
[final]    26.09s    [Coupler Insertion] chain 1 edge 1->2: a way of 256 cells refused, squeezed at (722,135): 1 wire (26) in 36 cells to the artwork, need 39 (19 + 1 x 20), short by 3
[final]    26.09s    edge of chain 1 from 1 to 2: no way; source (905, 212) heading 0 -> (905, 191) free, target (742, 119) heading 6 -> (721, 119) free | waypoint 1 way (901,232)..(738,443) 251 cells, outer (913,46)..(738,443) 417 cells, target (738,443) | waypoint 2 way (742,115)..(732,204) 329 cells, outer (712,46)..(732,204) 303 cells, target (732,204)
[final]    26.09s    fence for edge c1-1to2: 0 ways (2 neighbours), 0 cells closed
[final]    26.09s    edge c1-1to2: 24 cells of its slots (26 and 26 cells) were closed and are open again
[final]    26.10s    [Coupler Insertion] chain 1 edge 1->2: a way of 256 cells refused, squeezed at (722,135): 1 wire (26) in 36 cells to the artwork, need 39 (19 + 1 x 20), short by 3
[final]    26.10s    edge of chain 1 from 1 to 2: no way; source (905, 212) heading 0 -> (905, 191) free, target (742, 119) heading 6 -> (721, 119) free | waypoint 1 way (901,232)..(738,443) 251 cells, outer (913,46)..(738,443) 417 cells, target (738,443) | waypoint 2 way (742,115)..(732,204) 329 cells, outer (712,46)..(732,204) 303 cells, target (732,204)
[final]    26.10s    fence for edge c1-1to2: 0 ways (2 neighbours), 0 cells closed
[final]    26.10s    edge c1-1to2: 29 cells of its slots (26 and 20 cells) were closed and are open again
[final]    26.12s    [Coupler Insertion] chain 1 edge 1->2: a way of 301 cells refused, squeezed at (785,202): 1 wire (25) in 28 cells to the artwork, need 39 (19 + 1 x 20), short by 11
[final]    26.12s    edge of chain 1 from 1 to 2: no way; source (849, 232) heading 4 -> (849, 253) free, target (663, 122) heading 5 -> (648, 107) free | waypoint 1 way (853,232)..(738,443) 251 cells, outer (913,46)..(738,443) 417 cells, target (738,443) | waypoint 2 way (681,132)..(732,204) 255 cells, outer (712,46)..(732,204) 303 cells, target (732,204)
[final]    26.12s    fence for edge c1-1to2: 0 ways (2 neighbours), 0 cells closed
[final]    26.12s    edge c1-1to2: 29 cells of its slots (26 and 20 cells) were closed and are open again
[final]    26.14s    [Coupler Insertion] chain 1 edge 1->2: a way of 301 cells refused, squeezed at (785,202): 1 wire (25) in 28 cells to the artwork, need 39 (19 + 1 x 20), short by 11
[final]    26.14s    edge of chain 1 from 1 to 2: no way; source (849, 232) heading 4 -> (849, 253) free, target (663, 122) heading 5 -> (648, 107) free | waypoint 1 way (853,232)..(738,443) 251 cells, outer (913,46)..(738,443) 417 cells, target (738,443) | waypoint 2 way (681,132)..(732,204) 255 cells, outer (712,46)..(732,204) 303 cells, target (732,204)
[final]    26.14s    fence for edge c1-1to2: 0 ways (2 neighbours), 0 cells closed
[final]    26.14s    edge c1-1to2: 29 cells of its slots (26 and 20 cells) were closed and are open again
[final]    26.15s    [Coupler Insertion] chain 1 edge 1->2: a way of 305 cells refused, squeezed at (785,202): 1 wire (25) in 28 cells to the artwork, need 39 (19 + 1 x 20), short by 11
[final]    26.15s    edge of chain 1 from 1 to 2: no way; source (849, 232) heading 4 -> (849, 253) free, target (688, 127) heading 5 -> (673, 112) free | waypoint 1 way (853,232)..(738,443) 251 cells, outer (913,46)..(738,443) 417 cells, target (738,443) | waypoint 2 way (706,137)..(732,204) 314 cells, outer (712,46)..(732,204) 303 cells, target (732,204)
[final]    26.16s    fence for edge c1-1to2: 0 ways (2 neighbours), 0 cells closed
[final]    26.16s    edge c1-1to2: 29 cells of its slots (26 and 20 cells) were closed and are open again
[final]    26.17s    [Coupler Insertion] chain 1 edge 1->2: a way of 305 cells refused, squeezed at (785,202): 1 wire (25) in 28 cells to the artwork, need 39 (19 + 1 x 20), short by 11
[final]    26.17s    edge of chain 1 from 1 to 2: no way; source (849, 232) heading 4 -> (849, 253) free, target (688, 127) heading 5 -> (673, 112) free | waypoint 1 way (853,232)..(738,443) 251 cells, outer (913,46)..(738,443) 417 cells, target (738,443) | waypoint 2 way (706,137)..(732,204) 314 cells, outer (712,46)..(732,204) 303 cells, target (732,204)
[final]    26.17s    fence for edge c1-1to2: 0 ways (2 neighbours), 0 cells closed
[final]    26.17s    edge c1-1to2: 40 cells of its slots (26 and 20 cells) were closed and are open again
[final]    26.20s    [Coupler Insertion] chain 1 edge 1->2: a way of 352 cells refused, squeezed at (785,222): 1 wire (25) in 28 cells to the artwork, need 39 (19 + 1 x 20), short by 11
[final]    26.20s    edge of chain 1 from 1 to 2: no way; source (849, 232) heading 4 -> (849, 253) free, target (641, 124) heading 5 -> (626, 109) free | waypoint 1 way (853,232)..(738,443) 251 cells, outer (913,46)..(738,443) 417 cells, target (738,443) | waypoint 2 way (645,120)..(732,204) 267 cells, outer (712,46)..(732,204) 303 cells, target (732,204)
[final]    26.20s    fence for edge c1-1to2: 0 ways (2 neighbours), 0 cells closed
[final]    26.20s    edge c1-1to2: 40 cells of its slots (26 and 20 cells) were closed and are open again
[final]    26.24s    [Coupler Insertion] chain 1 edge 1->2: a way of 352 cells refused, squeezed at (785,222): 1 wire (25) in 28 cells to the artwork, need 39 (19 + 1 x 20), short by 11
[final]    26.24s    edge of chain 1 from 1 to 2: no way; source (849, 232) heading 4 -> (849, 253) free, target (641, 124) heading 5 -> (626, 109) free | waypoint 1 way (853,232)..(738,443) 251 cells, outer (913,46)..(738,443) 417 cells, target (738,443) | waypoint 2 way (645,120)..(732,204) 267 cells, outer (712,46)..(732,204) 303 cells, target (732,204)
[final]    26.24s    fence for edge c1-1to2: 0 ways (2 neighbours), 0 cells closed
[final]    26.24s    edge c1-1to2: 5 cells of its slots (26 and 20 cells) were closed and are open again
[final]    26.26s    [Coupler Insertion] chain 1 edge 1->2: a way of 331 cells refused, squeezed at (785,232): 1 wire (25) in 28 cells to the artwork, need 39 (19 + 1 x 20), short by 11
[final]    26.26s    edge of chain 1 from 1 to 2: no way; source (849, 262) heading 4 -> (849, 283) free, target (663, 122) heading 5 -> (648, 107) free | waypoint 1 way (853,242)..(738,443) 251 cells, outer (913,46)..(738,443) 417 cells, target (738,443) | waypoint 2 way (681,132)..(732,204) 255 cells, outer (712,46)..(732,204) 303 cells, target (732,204)
[final]    26.26s    fence for edge c1-1to2: 0 ways (2 neighbours), 0 cells closed
[final]    26.26s    edge c1-1to2: 5 cells of its slots (26 and 20 cells) were closed and are open again
[final]    26.28s    [Coupler Insertion] chain 1 edge 1->2: a way of 331 cells refused, squeezed at (785,232): 1 wire (25) in 28 cells to the artwork, need 39 (19 + 1 x 20), short by 11
[final]    26.28s    edge of chain 1 from 1 to 2: no way; source (849, 262) heading 4 -> (849, 283) free, target (663, 122) heading 5 -> (648, 107) free | waypoint 1 way (853,242)..(738,443) 251 cells, outer (913,46)..(738,443) 417 cells, target (738,443) | waypoint 2 way (681,132)..(732,204) 255 cells, outer (712,46)..(732,204) 303 cells, target (732,204)
[final]    26.28s    fence for edge c1-1to2: 0 ways (2 neighbours), 0 cells closed
[final]    26.28s    edge c1-1to2: 5 cells of its slots (26 and 20 cells) were closed and are open again
[final]    26.29s    [Coupler Insertion] chain 1 edge 1->2: a way of 335 cells refused, squeezed at (785,232): 1 wire (25) in 28 cells to the artwork, need 39 (19 + 1 x 20), short by 11
[final]    26.29s    edge of chain 1 from 1 to 2: no way; source (849, 262) heading 4 -> (849, 283) free, target (688, 127) heading 5 -> (673, 112) free | waypoint 1 way (853,242)..(738,443) 251 cells, outer (913,46)..(738,443) 417 cells, target (738,443) | waypoint 2 way (706,137)..(732,204) 314 cells, outer (712,46)..(732,204) 303 cells, target (732,204)
[final]    26.30s    fence for edge c1-1to2: 0 ways (2 neighbours), 0 cells closed
[final]    26.30s    edge c1-1to2: 5 cells of its slots (26 and 20 cells) were closed and are open again
[final]    26.31s    [Coupler Insertion] chain 1 edge 1->2: a way of 335 cells refused, squeezed at (785,232): 1 wire (25) in 28 cells to the artwork, need 39 (19 + 1 x 20), short by 11
[final]    26.31s    edge of chain 1 from 1 to 2: no way; source (849, 262) heading 4 -> (849, 283) free, target (688, 127) heading 5 -> (673, 112) free | waypoint 1 way (853,242)..(738,443) 251 cells, outer (913,46)..(738,443) 417 cells, target (738,443) | waypoint 2 way (706,137)..(732,204) 314 cells, outer (712,46)..(732,204) 303 cells, target (732,204)
[final]    26.32s    fence for edge c1-1to2: 0 ways (2 neighbours), 0 cells closed
[final]    26.32s    edge c1-1to2: 16 cells of its slots (26 and 20 cells) were closed and are open again
[final]    26.34s    [Coupler Insertion] chain 1 edge 1->2: a way of 352 cells refused, squeezed at (785,233): 1 wire (25) in 28 cells to the artwork, need 39 (19 + 1 x 20), short by 11
[final]    26.34s    edge of chain 1 from 1 to 2: no way; source (849, 262) heading 4 -> (849, 283) free, target (641, 124) heading 5 -> (626, 109) free | waypoint 1 way (853,242)..(738,443) 251 cells, outer (913,46)..(738,443) 417 cells, target (738,443) | waypoint 2 way (645,120)..(732,204) 267 cells, outer (712,46)..(732,204) 303 cells, target (732,204)
[final]    26.35s    fence for edge c1-1to2: 0 ways (2 neighbours), 0 cells closed
[final]    26.35s    edge c1-1to2: 16 cells of its slots (26 and 20 cells) were closed and are open again
[final]    26.39s    [Coupler Insertion] chain 1 edge 1->2: a way of 352 cells refused, squeezed at (785,233): 1 wire (25) in 28 cells to the artwork, need 39 (19 + 1 x 20), short by 11
[final]    26.39s    edge of chain 1 from 1 to 2: no way; source (849, 262) heading 4 -> (849, 283) free, target (641, 124) heading 5 -> (626, 109) free | waypoint 1 way (853,242)..(738,443) 251 cells, outer (913,46)..(738,443) 417 cells, target (738,443) | waypoint 2 way (645,120)..(732,204) 267 cells, outer (712,46)..(732,204) 303 cells, target (732,204)
[final]    26.39s    fence for edge c1-1to2: 0 ways (2 neighbours), 0 cells closed
[final]    26.39s    edge c1-1to2: 22 cells of its slots (20 and 26 cells) were closed and are open again
[final]    26.41s    [Coupler Insertion] chain 1 edge 1->2: a way of 359 cells refused, squeezed at (784,224): 1 wire (25) in 27 cells to the artwork, need 39 (19 + 1 x 20), short by 12
[final]    26.41s    edge of chain 1 from 1 to 2: no way; source (847, 260) heading 5 -> (862, 275) free, target (682, 141) heading 6 -> (661, 141) free | waypoint 1 way (851,256)..(738,443) 246 cells, outer (913,46)..(738,443) 417 cells, target (738,443) | waypoint 2 way (702,137)..(732,204) 260 cells, outer (712,46)..(732,204) 303 cells, target (732,204)
[final]    26.41s    fence for edge c1-1to2: 0 ways (2 neighbours), 0 cells closed
[final]    26.41s    edge c1-1to2: 22 cells of its slots (20 and 26 cells) were closed and are open again
[final]    26.43s    [Coupler Insertion] chain 1 edge 1->2: a way of 351 cells refused, squeezed at (747,177): 1 wire (26) in 24 cells to the artwork, need 39 (19 + 1 x 20), short by 15
[final]    26.43s    edge of chain 1 from 1 to 2: no way; source (847, 260) heading 5 -> (862, 275) free, target (682, 141) heading 6 -> (661, 141) free | waypoint 1 way (851,256)..(738,443) 246 cells, outer (913,46)..(738,443) 417 cells, target (738,443) | waypoint 2 way (702,137)..(732,204) 260 cells, outer (712,46)..(732,204) 303 cells, target (732,204)
[final]    26.43s    fence for edge c1-1to2: 0 ways (2 neighbours), 0 cells closed
[final]    26.43s    edge c1-1to2: 17 cells of its slots (20 and 26 cells) were closed and are open again
[final]    26.45s    [Coupler Insertion] chain 1 edge 1->2: a way of 281 cells refused, squeezed at (784,224): 1 wire (25) in 27 cells to the artwork, need 39 (19 + 1 x 20), short by 12
[final]    26.45s    edge of chain 1 from 1 to 2: no way; source (847, 260) heading 5 -> (862, 275) free, target (712, 119) heading 6 -> (691, 119) free | waypoint 1 way (851,256)..(738,443) 246 cells, outer (913,46)..(738,443) 417 cells, target (738,443) | waypoint 2 way (732,115)..(732,204) 329 cells, outer (712,46)..(732,204) 303 cells, target (732,204)
[final]    26.45s    fence for edge c1-1to2: 0 ways (2 neighbours), 0 cells closed
[final]    26.45s    edge c1-1to2: 17 cells of its slots (20 and 26 cells) were closed and are open again
[final]    26.47s    [Coupler Insertion] chain 1 edge 1->2: a way of 273 cells refused, squeezed at (747,177): 1 wire (26) in 24 cells to the artwork, need 39 (19 + 1 x 20), short by 15
[final]    26.47s    edge of chain 1 from 1 to 2: no way; source (847, 260) heading 5 -> (862, 275) free, target (712, 119) heading 6 -> (691, 119) free | waypoint 1 way (851,256)..(738,443) 246 cells, outer (913,46)..(738,443) 417 cells, target (738,443) | waypoint 2 way (732,115)..(732,204) 329 cells, outer (712,46)..(732,204) 303 cells, target (732,204)
[final]    26.47s    fence for edge c1-1to2: 0 ways (2 neighbours), 0 cells closed
[final]    26.47s    edge c1-1to2: 41 cells of its slots (20 and 26 cells) were closed and are open again
[final]    26.47s    edge of chain 1 from 1 to 2: no way; source (847, 260) heading 5 -> (862, 275) free, target (712, 141) heading 6 -> (691, 141) free | waypoint 1 way (851,256)..(738,443) 246 cells, outer (913,46)..(738,443) 417 cells, target (738,443) | waypoint 2 way (712,137)..(732,204) 260 cells, outer (712,46)..(732,204) 303 cells, target (732,204)
[final]    26.47s    fence for edge c1-1to2: 0 ways (2 neighbours), 0 cells closed
[final]    26.47s    edge c1-1to2: 41 cells of its slots (20 and 26 cells) were closed and are open again
[final]    26.48s    edge of chain 1 from 1 to 2: no way; source (847, 260) heading 5 -> (862, 275) free, target (712, 141) heading 6 -> (691, 141) free | waypoint 1 way (851,256)..(738,443) 246 cells, outer (913,46)..(738,443) 417 cells, target (738,443) | waypoint 2 way (712,137)..(732,204) 260 cells, outer (712,46)..(732,204) 303 cells, target (732,204)
[final]    26.48s    fence for edge c1-1to2: 0 ways (2 neighbours), 0 cells closed
[final]    26.48s    edge c1-1to2: 41 cells of its slots (20 and 26 cells) were closed and are open again
[final]    26.49s    [Coupler Insertion] chain 1 edge 1->2: a way of 254 cells refused, squeezed at (784,224): 1 wire (25) in 27 cells to the artwork, need 39 (19 + 1 x 20), short by 12
[final]    26.49s    edge of chain 1 from 1 to 2: no way; source (847, 260) heading 5 -> (862, 275) free, target (742, 119) heading 6 -> (721, 119) free | waypoint 1 way (851,256)..(738,443) 246 cells, outer (913,46)..(738,443) 417 cells, target (738,443) | waypoint 2 way (742,115)..(732,204) 329 cells, outer (712,46)..(732,204) 303 cells, target (732,204)
[final]    26.50s    fence for edge c1-1to2: 0 ways (2 neighbours), 0 cells closed
[final]    26.50s    edge c1-1to2: 41 cells of its slots (20 and 26 cells) were closed and are open again
[final]    26.51s    [Coupler Insertion] chain 1 edge 1->2: a way of 246 cells refused, squeezed at (747,177): 1 wire (26) in 24 cells to the artwork, need 39 (19 + 1 x 20), short by 15
[final]    26.51s    edge of chain 1 from 1 to 2: no way; source (847, 260) heading 5 -> (862, 275) free, target (742, 119) heading 6 -> (721, 119) free | waypoint 1 way (851,256)..(738,443) 246 cells, outer (913,46)..(738,443) 417 cells, target (738,443) | waypoint 2 way (742,115)..(732,204) 329 cells, outer (712,46)..(732,204) 303 cells, target (732,204)
[final]    26.51s    fence for edge c1-1to2: 0 ways (2 neighbours), 0 cells closed
[final]    26.52s    edge c1-1to2: 5 cells of its slots (20 and 26 cells) were closed and are open again
[final]    26.56s    [Coupler Insertion] chain 1 edge 1->2: a way of 654 cells refused, squeezed at (783,417): 1 wire (22) in 12 cells to the artwork, need 39 (19 + 1 x 20), short by 27
[final]    26.56s    edge of chain 1 from 1 to 2: no way; source (864, 320) heading 5 -> (879, 335) free, target (682, 141) heading 6 -> (661, 141) free | waypoint 1 way (854,302)..(738,443) 205 cells, outer (913,46)..(738,443) 417 cells, target (738,443) | waypoint 2 way (702,137)..(732,204) 260 cells, outer (712,46)..(732,204) 303 cells, target (732,204)
[final]    26.56s    fence for edge c1-1to2: 0 ways (2 neighbours), 0 cells closed
[final]    26.56s    edge c1-1to2: 5 cells of its slots (20 and 26 cells) were closed and are open again
[final]    26.60s    fence for edge c1-0to1: 0 ways (1 neighbours), 0 cells closed
[final]    26.60s    edge c1-0to1: 16 cells of its slots (20 and 20 cells) were closed and are open again
[final]    26.65s    [Coupler Insertion] chain 1 edge 0->1: a way of 661 cells refused, squeezed at (781,417): 1 wire (22) in 12 cells to the artwork, need 39 (19 + 1 x 20), short by 27
[final]    26.65s    edge of chain 1 from 0 to 1: no way; source (963, 45) heading 4 -> (963, 56) free, target (850, 306) heading 5 -> (835, 291) free | waypoint 1 way (854,302)..(738,443) 205 cells, outer (913,46)..(738,443) 417 cells, target (738,443)
[final]    26.65s    fence for edge c1-1to2: 0 ways (2 neighbours), 0 cells closed
[final]    26.70s    [Coupler Insertion] chain 1 edge 1->2: a way of 576 cells refused, squeezed at (783,417): 1 wire (22) in 12 cells to the artwork, need 39 (19 + 1 x 20), short by 27
[final]    26.70s    edge of chain 1 from 1 to 2: no way; source (864, 320) heading 5 -> (879, 335) free, target (712, 119) heading 6 -> (691, 119) free | waypoint 1 way (854,302)..(738,443) 205 cells, outer (913,46)..(738,443) 417 cells, target (738,443) | waypoint 2 way (732,115)..(732,204) 329 cells, outer (712,46)..(732,204) 303 cells, target (732,204)
[final]    26.70s    fence for edge c1-1to2: 0 ways (2 neighbours), 0 cells closed
[final]    26.72s    [Coupler Insertion] chain 1 edge 1->2: a way of 340 cells refused, squeezed at (720,135): 1 wire (26) in 36 cells to the artwork, need 39 (19 + 1 x 20), short by 3
[final]    26.72s    edge of chain 1 from 1 to 2: no way; source (864, 320) heading 5 -> (879, 335) free, target (712, 119) heading 6 -> (691, 119) free | waypoint 1 way (854,302)..(738,443) 205 cells, outer (913,46)..(738,443) 417 cells, target (738,443) | waypoint 2 way (732,115)..(732,204) 329 cells, outer (712,46)..(732,204) 303 cells, target (732,204)
[final]    26.73s    fence for edge c1-1to2: 0 ways (2 neighbours), 0 cells closed
[final]    26.73s    edge c1-1to2: 24 cells of its slots (20 and 26 cells) were closed and are open again
[final]    26.73s    edge of chain 1 from 1 to 2: no way; source (864, 320) heading 5 -> (879, 335) free, target (712, 141) heading 6 -> (691, 141) free | waypoint 1 way (854,302)..(738,443) 205 cells, outer (913,46)..(738,443) 417 cells, target (738,443) | waypoint 2 way (712,137)..(732,204) 260 cells, outer (712,46)..(732,204) 303 cells, target (732,204)
[final]    26.73s    fence for edge c1-1to2: 0 ways (2 neighbours), 0 cells closed
[final]    26.73s    edge c1-1to2: 24 cells of its slots (20 and 26 cells) were closed and are open again
[final]    26.73s    edge of chain 1 from 1 to 2: no way; source (864, 320) heading 5 -> (879, 335) free, target (712, 141) heading 6 -> (691, 141) free | waypoint 1 way (854,302)..(738,443) 205 cells, outer (913,46)..(738,443) 417 cells, target (738,443) | waypoint 2 way (712,137)..(732,204) 260 cells, outer (712,46)..(732,204) 303 cells, target (732,204)
[final]    26.74s    fence for edge c1-1to2: 0 ways (2 neighbours), 0 cells closed
[final]    26.74s    edge c1-1to2: 24 cells of its slots (20 and 26 cells) were closed and are open again
[final]    26.78s    [Coupler Insertion] chain 1 edge 1->2: a way of 549 cells refused, squeezed at (783,417): 1 wire (22) in 12 cells to the artwork, need 39 (19 + 1 x 20), short by 27
[final]    26.78s    edge of chain 1 from 1 to 2: no way; source (864, 320) heading 5 -> (879, 335) free, target (742, 119) heading 6 -> (721, 119) free | waypoint 1 way (854,302)..(738,443) 205 cells, outer (913,46)..(738,443) 417 cells, target (738,443) | waypoint 2 way (742,115)..(732,204) 329 cells, outer (712,46)..(732,204) 303 cells, target (732,204)
[final]    26.78s    fence for edge c1-1to2: 0 ways (2 neighbours), 0 cells closed
[final]    26.78s    edge c1-1to2: 24 cells of its slots (20 and 26 cells) were closed and are open again
[final]    26.80s    [Coupler Insertion] chain 1 edge 1->2: a way of 308 cells refused, squeezed at (721,134): 1 wire (26) in 37 cells to the artwork, need 39 (19 + 1 x 20), short by 2
[final]    26.80s    edge of chain 1 from 1 to 2: no way; source (864, 320) heading 5 -> (879, 335) free, target (742, 119) heading 6 -> (721, 119) free | waypoint 1 way (854,302)..(738,443) 205 cells, outer (913,46)..(738,443) 417 cells, target (738,443) | waypoint 2 way (742,115)..(732,204) 329 cells, outer (712,46)..(732,204) 303 cells, target (732,204)
[final]    26.81s    fence for edge c1-1to2: 0 ways (2 neighbours), 0 cells closed
[final]    26.81s    edge c1-1to2: 24 cells of its slots (26 and 26 cells) were closed and are open again
[final]    26.85s    [Coupler Insertion] chain 1 edge 1->2: a way of 601 cells refused, squeezed at (768,437): 1 wire (22) in 11 cells to the artwork, need 39 (19 + 1 x 20), short by 28
[final]    26.85s    edge of chain 1 from 1 to 2: no way; source (868, 304) heading 6 -> (889, 304) free, target (712, 119) heading 6 -> (691, 119) free | waypoint 1 way (868,300)..(738,443) 210 cells, outer (913,46)..(738,443) 417 cells, target (738,443) | waypoint 2 way (732,115)..(732,204) 329 cells, outer (712,46)..(732,204) 303 cells, target (732,204)
[final]    26.85s    fence for edge c1-1to2: 0 ways (2 neighbours), 0 cells closed
[final]    26.85s    edge c1-1to2: 24 cells of its slots (26 and 26 cells) were closed and are open again
[final]    26.88s    [Coupler Insertion] chain 1 edge 1->2: a way of 315 cells refused, squeezed at (719,135): 1 wire (26) in 36 cells to the artwork, need 39 (19 + 1 x 20), short by 3
[final]    26.88s    edge of chain 1 from 1 to 2: no way; source (868, 304) heading 6 -> (889, 304) free, target (712, 119) heading 6 -> (691, 119) free | waypoint 1 way (868,300)..(738,443) 210 cells, outer (913,46)..(738,443) 417 cells, target (738,443) | waypoint 2 way (732,115)..(732,204) 329 cells, outer (712,46)..(732,204) 303 cells, target (732,204)
[final]    26.88s    fence for edge c1-1to2: 0 ways (2 neighbours), 0 cells closed
[final]    26.88s    edge c1-1to2: 48 cells of its slots (26 and 26 cells) were closed and are open again
[final]    26.92s    [Coupler Insertion] chain 1 edge 1->2: a way of 574 cells refused, squeezed at (768,437): 1 wire (22) in 11 cells to the artwork, need 39 (19 + 1 x 20), short by 28
[final]    26.92s    edge of chain 1 from 1 to 2: no way; source (868, 304) heading 6 -> (889, 304) free, target (742, 119) heading 6 -> (721, 119) free | waypoint 1 way (868,300)..(738,443) 210 cells, outer (913,46)..(738,443) 417 cells, target (738,443) | waypoint 2 way (742,115)..(732,204) 329 cells, outer (712,46)..(732,204) 303 cells, target (732,204)
[final]    26.92s    fence for edge c1-1to2: 0 ways (2 neighbours), 0 cells closed
[final]    26.92s    edge c1-1to2: 48 cells of its slots (26 and 26 cells) were closed and are open again
[final]    26.95s    fence for edge c1-0to1: 0 ways (1 neighbours), 0 cells closed
[final]    26.95s    edge c1-0to1: 5 cells of its slots (20 and 26 cells) were closed and are open again
[final]    27.00s    edge of chain 1 from 0 to 1: no way; source (963, 45) heading 4 -> (963, 56) free, target (848, 304) heading 6 -> (827, 304) free | waypoint 1 way (868,300)..(738,443) 210 cells, outer (913,46)..(738,443) 417 cells, target (738,443)
[final]    27.00s    fence for edge c1-1to2: 0 ways (2 neighbours), 0 cells closed
[final]    27.00s    edge c1-1to2: 5 cells of its slots (26 and 20 cells) were closed and are open again
[final]    27.06s    edge of chain 1 from 1 to 2: no way; source (902, 265) heading 6 -> (923, 265) free, target (721, 135) heading 7 -> (706, 150) free | waypoint 1 way (882,261)..(738,443) 251 cells, outer (913,46)..(738,443) 417 cells, target (738,443) | waypoint 2 way (731,117)..(732,204) 285 cells, outer (712,46)..(732,204) 303 cells, target (732,204)
[final]    27.07s    fence for edge c1-1to2: 0 ways (2 neighbours), 0 cells closed
[final]    27.07s    edge c1-1to2: 5 cells of its slots (26 and 20 cells) were closed and are open again
[final]    27.12s    fence for edge c1-0to1: 0 ways (1 neighbours), 0 cells closed
[final]    27.12s    edge c1-0to1: 24 cells of its slots (20 and 26 cells) were closed and are open again
[final]    27.17s    [Coupler Insertion] chain 1 edge 0->1: a way of 659 cells refused, squeezed at (781,417): 1 wire (22) in 12 cells to the artwork, need 39 (19 + 1 x 20), short by 27
[final]    27.17s    edge of chain 1 from 0 to 1: no way; source (963, 45) heading 4 -> (963, 56) free, target (882, 265) heading 6 -> (861, 265) free | waypoint 1 way (882,261)..(738,443) 251 cells, outer (913,46)..(738,443) 417 cells, target (738,443)
[final]    27.17s    fence for edge c1-1to2: 0 ways (2 neighbours), 0 cells closed
[final]    27.17s    edge c1-1to2: 5 cells of its slots (26 and 20 cells) were closed and are open again
[final]    27.22s    [Coupler Insertion] chain 1 edge 1->2: a way of 603 cells refused, squeezed at (772,428): 1 wire (22) in 6 cells to the artwork, need 39 (19 + 1 x 20), short by 33
[final]    27.22s    edge of chain 1 from 1 to 2: no way; source (902, 265) heading 6 -> (923, 265) free, target (748, 131) heading 7 -> (733, 146) free | waypoint 1 way (882,261)..(738,443) 251 cells, outer (913,46)..(738,443) 417 cells, target (738,443) | waypoint 2 way (758,113)..(732,204) 298 cells, outer (712,46)..(732,204) 303 cells, target (732,204)
[final]    27.22s    fence for edge c1-1to2: 0 ways (2 neighbours), 0 cells closed
[final]    27.22s    edge c1-1to2: 5 cells of its slots (26 and 20 cells) were closed and are open again
[final]    27.26s    fence for edge c1-0to1: 0 ways (1 neighbours), 0 cells closed
[final]    27.26s    edge c1-0to1: 24 cells of its slots (20 and 26 cells) were closed and are open again
[final]    27.31s    [Coupler Insertion] chain 1 edge 0->1: a way of 659 cells refused, squeezed at (781,417): 1 wire (22) in 12 cells to the artwork, need 39 (19 + 1 x 20), short by 27
[final]    27.31s    edge of chain 1 from 0 to 1: no way; source (963, 45) heading 4 -> (963, 56) free, target (882, 265) heading 6 -> (861, 265) free | waypoint 1 way (882,261)..(738,443) 251 cells, outer (913,46)..(738,443) 417 cells, target (738,443)
[final]    27.31s    fence for edge c1-1to2: 0 ways (2 neighbours), 0 cells closed
[final]    27.31s    edge c1-1to2: 16 cells of its slots (26 and 20 cells) were closed and are open again
[final]    27.36s    [Coupler Insertion] chain 1 edge 1->2: a way of 578 cells refused, squeezed at (772,428): 1 wire (22) in 6 cells to the artwork, need 39 (19 + 1 x 20), short by 33
[final]    27.36s    edge of chain 1 from 1 to 2: no way; source (902, 265) heading 6 -> (923, 265) free, target (742, 120) heading 7 -> (727, 135) free | waypoint 1 way (882,261)..(738,443) 251 cells, outer (913,46)..(738,443) 417 cells, target (738,443) | waypoint 2 way (738,116)..(732,204) 279 cells, outer (712,46)..(732,204) 303 cells, target (732,204)
[final]    27.36s    fence for edge c1-1to2: 0 ways (2 neighbours), 0 cells closed
[final]    27.36s    edge c1-1to2: 16 cells of its slots (26 and 20 cells) were closed and are open again
[final]    27.38s    fence for edge c1-0to1: 0 ways (1 neighbours), 0 cells closed
[final]    27.38s    edge c1-0to1: 24 cells of its slots (20 and 26 cells) were closed and are open again
[final]    27.43s    [Coupler Insertion] chain 1 edge 0->1: a way of 659 cells refused, squeezed at (781,417): 1 wire (22) in 12 cells to the artwork, need 39 (19 + 1 x 20), short by 27
[final]    27.43s    edge of chain 1 from 0 to 1: no way; source (963, 45) heading 4 -> (963, 56) free, target (882, 265) heading 6 -> (861, 265) free | waypoint 1 way (882,261)..(738,443) 251 cells, outer (913,46)..(738,443) 417 cells, target (738,443)
[final]    27.44s    fence for edge c1-1to2: 0 ways (2 neighbours), 0 cells closed
[final]    27.44s    edge c1-1to2: 26 cells of its slots (20 and 20 cells) were closed and are open again
[final]    27.44s    edge of chain 1 from 1 to 2: no way; source (900, 267) heading 7 -> (915, 252) free, target (721, 135) heading 7 -> (706, 150) free | waypoint 1 way (896,263)..(738,443) 246 cells, outer (913,46)..(738,443) 417 cells, target (738,443) | waypoint 2 way (731,117)..(732,204) 285 cells, outer (712,46)..(732,204) 303 cells, target (732,204)
[final]    27.44s    fence for edge c1-1to2: 0 ways (2 neighbours), 0 cells closed
[final]    27.44s    edge c1-1to2: 21 cells of its slots (20 and 20 cells) were closed and are open again
[final]    27.49s    fence for edge c1-0to1: 0 ways (1 neighbours), 0 cells closed
[final]    27.50s    [Coupler Insertion]   chain 1 edge 1: no way after edge 0, but both fit with edge 1 laid first — edge 0 redone at 50000 instead of 50000
[final]    27.50s    fence for edge c1-1to2: 0 ways (2 neighbours), 0 cells closed
[final]    27.50s    edge c1-1to2: 26 cells of its slots (20 and 20 cells) were closed and are open again
[final]    27.51s    edge of chain 1 from 1 to 2: no way; source (900, 267) heading 7 -> (915, 252) free, target (748, 131) heading 7 -> (733, 146) free | waypoint 1 way (896,263)..(738,443) 246 cells, outer (913,46)..(738,443) 417 cells, target (738,443) | waypoint 2 way (758,113)..(732,204) 298 cells, outer (712,46)..(732,204) 303 cells, target (732,204)
[final]    27.51s    fence for edge c1-1to2: 0 ways (2 neighbours), 0 cells closed
[final]    27.51s    edge c1-1to2: 21 cells of its slots (20 and 20 cells) were closed and are open again
[final]    27.54s    fence for edge c1-0to1: 0 ways (1 neighbours), 0 cells closed
[final]    27.55s    [Coupler Insertion]   chain 1 edge 1: no way after edge 0, but both fit with edge 1 laid first — edge 0 redone at 50000 instead of 50000
[final]    27.56s    fence for edge c1-1to2: 0 ways (2 neighbours), 0 cells closed
[final]    27.56s    edge c1-1to2: 37 cells of its slots (20 and 20 cells) were closed and are open again
[final]    27.56s    edge of chain 1 from 1 to 2: no way; source (900, 267) heading 7 -> (915, 252) free, target (742, 120) heading 7 -> (727, 135) free | waypoint 1 way (896,263)..(738,443) 246 cells, outer (913,46)..(738,443) 417 cells, target (738,443) | waypoint 2 way (738,116)..(732,204) 279 cells, outer (712,46)..(732,204) 303 cells, target (732,204)
[final]    27.56s    fence for edge c1-1to2: 0 ways (2 neighbours), 0 cells closed
[final]    27.56s    edge c1-1to2: 32 cells of its slots (20 and 20 cells) were closed and are open again
[final]    27.58s    fence for edge c1-0to1: 0 ways (1 neighbours), 0 cells closed
[final]    27.59s    [Coupler Insertion]   chain 1 edge 1: no way after edge 0, but both fit with edge 1 laid first — edge 0 redone at 50000 instead of 50000
[final]    27.60s    fence for edge c1-1to2: 0 ways (2 neighbours), 0 cells closed
[final]    27.60s    edge c1-1to2: 26 cells of its slots (20 and 20 cells) were closed and are open again
[final]    27.60s    edge of chain 1 from 1 to 2: no way; source (921, 246) heading 7 -> (936, 231) free, target (721, 135) heading 7 -> (706, 150) free | waypoint 1 way (903,256)..(738,443) 246 cells, outer (913,46)..(738,443) 417 cells, target (738,443) | waypoint 2 way (731,117)..(732,204) 285 cells, outer (712,46)..(732,204) 303 cells, target (732,204)
[final]    27.60s    fence for edge c1-1to2: 0 ways (2 neighbours), 0 cells closed
[final]    27.60s    edge c1-1to2: 5 cells of its slots (20 and 20 cells) were closed and are open again
[final]    27.65s    edge of chain 1 from 1 to 2: no way; source (921, 246) heading 7 -> (936, 231) free, target (721, 135) heading 7 -> (706, 150) free | waypoint 1 way (903,256)..(738,443) 246 cells, outer (913,46)..(738,443) 417 cells, target (738,443) | waypoint 2 way (731,117)..(732,204) 285 cells, outer (712,46)..(732,204) 303 cells, target (732,204)
[final]    27.65s    fence for edge c1-1to2: 0 ways (2 neighbours), 0 cells closed
[final]    27.65s    edge c1-1to2: 26 cells of its slots (20 and 20 cells) were closed and are open again
[final]    27.66s    edge of chain 1 from 1 to 2: no way; source (921, 246) heading 7 -> (936, 231) free, target (748, 131) heading 7 -> (733, 146) free | waypoint 1 way (903,256)..(738,443) 246 cells, outer (913,46)..(738,443) 417 cells, target (738,443) | waypoint 2 way (758,113)..(732,204) 298 cells, outer (712,46)..(732,204) 303 cells, target (732,204)
[final]    27.66s    fence for edge c1-1to2: 0 ways (2 neighbours), 0 cells closed
[final]    27.66s    edge c1-1to2: 5 cells of its slots (20 and 20 cells) were closed and are open again
[final]    27.70s    fence for edge c1-0to1: 0 ways (1 neighbours), 0 cells closed
[final]    27.70s    edge c1-0to1: 16 cells of its slots (20 and 20 cells) were closed and are open again
[final]    27.71s    [Coupler Insertion]   chain 1 edge 1: no way after edge 0, but both fit with edge 1 laid first — edge 0 redone at 50000 instead of 50000
[final]    27.71s    fence for edge c1-1to2: 0 ways (2 neighbours), 0 cells closed
[final]    27.71s    edge c1-1to2: 37 cells of its slots (20 and 20 cells) were closed and are open again
[final]    27.71s    edge of chain 1 from 1 to 2: no way; source (921, 246) heading 7 -> (936, 231) free, target (742, 120) heading 7 -> (727, 135) free | waypoint 1 way (903,256)..(738,443) 246 cells, outer (913,46)..(738,443) 417 cells, target (738,443) | waypoint 2 way (738,116)..(732,204) 279 cells, outer (712,46)..(732,204) 303 cells, target (732,204)
[final]    27.72s    fence for edge c1-1to2: 0 ways (2 neighbours), 0 cells closed
[final]    27.72s    edge c1-1to2: 16 cells of its slots (20 and 20 cells) were closed and are open again
[final]    27.73s    fence for edge c1-0to1: 0 ways (1 neighbours), 0 cells closed
[final]    27.73s    edge c1-0to1: 16 cells of its slots (20 and 20 cells) were closed and are open again
[final]    27.74s    [Coupler Insertion]   chain 1 edge 1: no way after edge 0, but both fit with edge 1 laid first — edge 0 redone at 50000 instead of 50000
[final]    27.75s    fence for edge c1-2to3: 0 ways (2 neighbours), 0 cells closed
[final]    27.78s    [Coupler Insertion] chain 1 edge 2->3: a way of 617 cells refused, squeezed at (373,98): 1 wire (29) in 20 cells to the artwork, need 39 (19 + 1 x 20), short by 19
[final]    27.78s    edge of chain 1 from 2 to 3: no way; source (756, 106) heading 7 -> (771, 91) free, target (319, 188) heading 7 -> (304, 203) free | waypoint 2 way (738,116)..(732,204) 279 cells, outer (712,46)..(732,204) 303 cells, target (732,204) | waypoint 3 way (329,170)..(432,260) 234 cells, outer (412,46)..(432,260) 276 cells, target (432,260)
[final]    27.78s    fence for edge c1-2to3: 0 ways (2 neighbours), 0 cells closed
[final]    27.78s    edge c1-2to3: 16 cells of its slots (20 and 20 cells) were closed and are open again
[final]    27.82s    [Coupler Insertion] chain 1 edge 2->3: a way of 596 cells refused, squeezed at (373,98): 1 wire (29) in 20 cells to the artwork, need 39 (19 + 1 x 20), short by 19
[final]    27.82s    edge of chain 1 from 2 to 3: no way; source (756, 106) heading 7 -> (771, 91) free, target (340, 167) heading 7 -> (325, 182) free | waypoint 2 way (738,116)..(732,204) 279 cells, outer (712,46)..(732,204) 303 cells, target (732,204) | waypoint 3 way (336,163)..(432,260) 234 cells, outer (412,46)..(432,260) 276 cells, target (432,260)
[final]    27.82s    fence for edge c1-2to3: 0 ways (2 neighbours), 0 cells closed
[final]    27.82s    edge c1-2to3: 24 cells of its slots (26 and 26 cells) were closed and are open again
[final]    27.82s    edge of chain 1 from 2 to 3: no way; source (702, 141) heading 6 -> (723, 141) free, target (280, 150) heading 6 -> (259, 150) free | waypoint 2 way (702,137)..(732,204) 260 cells, outer (712,46)..(732,204) 303 cells, target (732,204) | waypoint 3 way (300,146)..(432,260) 244 cells, outer (412,46)..(432,260) 276 cells, target (432,260)
[final]    27.83s    fence for edge c1-2to3: 0 ways (2 neighbours), 0 cells closed
[final]    27.83s    edge c1-2to3: 48 cells of its slots (26 and 26 cells) were closed and are open again
[final]    27.83s    edge of chain 1 from 2 to 3: no way; source (702, 141) heading 6 -> (723, 141) free, target (405, 119) heading 6 -> (384, 119) free | waypoint 2 way (702,137)..(732,204) 260 cells, outer (712,46)..(732,204) 303 cells, target (732,204) | waypoint 3 way (405,115)..(432,260) 299 cells, outer (412,46)..(432,260) 276 cells, target (432,260)
[final]    27.83s    fence for edge c1-2to3: 0 ways (2 neighbours), 0 cells closed
[final]    27.83s    edge c1-2to3: 48 cells of its slots (26 and 26 cells) were closed and are open again
[final]    27.84s    edge of chain 1 from 2 to 3: no way; source (702, 141) heading 6 -> (723, 141) free, target (310, 150) heading 6 -> (289, 150) free | waypoint 2 way (702,137)..(732,204) 260 cells, outer (712,46)..(732,204) 303 cells, target (732,204) | waypoint 3 way (310,146)..(432,260) 244 cells, outer (412,46)..(432,260) 276 cells, target (432,260)
[final]    27.84s    fence for edge c1-2to3: 0 ways (2 neighbours), 0 cells closed
[final]    27.84s    edge c1-2to3: 24 cells of its slots (26 and 20 cells) were closed and are open again
[final]    27.84s    edge of chain 1 from 2 to 3: no way; source (702, 141) heading 6 -> (723, 141) free, target (319, 188) heading 7 -> (304, 203) free | waypoint 2 way (702,137)..(732,204) 260 cells, outer (712,46)..(732,204) 303 cells, target (732,204) | waypoint 3 way (329,170)..(432,260) 234 cells, outer (412,46)..(432,260) 276 cells, target (432,260)
[final]    27.85s    fence for edge c1-2to3: 0 ways (2 neighbours), 0 cells closed
[final]    27.85s    edge c1-2to3: 40 cells of its slots (26 and 20 cells) were closed and are open again
[final]    27.85s    edge of chain 1 from 2 to 3: no way; source (702, 141) heading 6 -> (723, 141) free, target (340, 167) heading 7 -> (325, 182) free | waypoint 2 way (702,137)..(732,204) 260 cells, outer (712,46)..(732,204) 303 cells, target (732,204) | waypoint 3 way (336,163)..(432,260) 234 cells, outer (412,46)..(432,260) 276 cells, target (432,260)
[final]    27.85s    fence for edge c1-2to3: 0 ways (2 neighbours), 0 cells closed
[final]    27.85s    edge c1-2to3: 21 cells of its slots (20 and 26 cells) were closed and are open again
[final]    27.86s    edge of chain 1 from 2 to 3: no way; source (735, 121) heading 7 -> (750, 106) free, target (280, 150) heading 6 -> (259, 150) free | waypoint 2 way (731,117)..(732,204) 285 cells, outer (712,46)..(732,204) 303 cells, target (732,204) | waypoint 3 way (300,146)..(432,260) 244 cells, outer (412,46)..(432,260) 276 cells, target (432,260)
[final]    27.86s    fence for edge c1-2to3: 0 ways (2 neighbours), 0 cells closed
[final]    27.86s    edge c1-2to3: 45 cells of its slots (20 and 26 cells) were closed and are open again
[final]    27.86s    edge of chain 1 from 2 to 3: no way; source (735, 121) heading 7 -> (750, 106) free, target (405, 119) heading 6 -> (384, 119) free | waypoint 2 way (731,117)..(732,204) 285 cells, outer (712,46)..(732,204) 303 cells, target (732,204) | waypoint 3 way (405,115)..(432,260) 299 cells, outer (412,46)..(432,260) 276 cells, target (432,260)
[final]    27.86s    fence for edge c1-2to3: 0 ways (2 neighbours), 0 cells closed
[final]    27.86s    edge c1-2to3: 45 cells of its slots (20 and 26 cells) were closed and are open again
[final]    27.87s    edge of chain 1 from 2 to 3: no way; source (735, 121) heading 7 -> (750, 106) free, target (310, 150) heading 6 -> (289, 150) free | waypoint 2 way (731,117)..(732,204) 285 cells, outer (712,46)..(732,204) 303 cells, target (732,204) | waypoint 3 way (310,146)..(432,260) 244 cells, outer (412,46)..(432,260) 276 cells, target (432,260)
[final]    27.87s    fence for edge c1-2to3: 0 ways (2 neighbours), 0 cells closed
[final]    27.87s    edge c1-2to3: 21 cells of its slots (20 and 26 cells) were closed and are open again
[final]    27.87s    edge of chain 1 from 2 to 3: no way; source (655, 138) heading 5 -> (670, 153) free, target (332, 86) heading 2 -> (353, 86) free | waypoint 2 way (645,120)..(732,204) 267 cells, outer (712,46)..(732,204) 303 cells, target (732,204) | waypoint 3 way (312,90)..(432,260) 242 cells, outer (412,46)..(432,260) 276 cells, target (432,260)
[final]    27.88s    fence for edge c1-2to3: 0 ways (2 neighbours), 0 cells closed
[final]    27.88s    edge c1-2to3: 45 cells of its slots (20 and 26 cells) were closed and are open again
[final]    27.88s    edge of chain 1 from 2 to 3: no way; source (655, 138) heading 5 -> (670, 153) free, target (302, 86) heading 2 -> (323, 86) free | waypoint 2 way (645,120)..(732,204) 267 cells, outer (712,46)..(732,204) 303 cells, target (732,204) | waypoint 3 way (302,90)..(432,260) 242 cells, outer (412,46)..(432,260) 276 cells, target (432,260)
[final]    27.88s    fence for edge c1-2to3: 0 ways (2 neighbours), 0 cells closed
[final]    27.88s    edge c1-2to3: 21 cells of its slots (20 and 20 cells) were closed and are open again
[final]    27.89s    edge of chain 1 from 2 to 3: no way; source (655, 138) heading 5 -> (670, 153) free, target (307, 106) heading 3 -> (322, 91) free | waypoint 2 way (645,120)..(732,204) 267 cells, outer (712,46)..(732,204) 303 cells, target (732,204) | waypoint 3 way (297,124)..(432,260) 221 cells, outer (412,46)..(432,260) 276 cells, target (432,260)
[final]    27.89s    fence for edge c1-2to3: 0 ways (2 neighbours), 0 cells closed
[final]    27.89s    edge c1-2to3: 37 cells of its slots (20 and 20 cells) were closed and are open again
[final]    27.89s    edge of chain 1 from 2 to 3: no way; source (655, 138) heading 5 -> (670, 153) free, target (312, 106) heading 3 -> (327, 91) free | waypoint 2 way (645,120)..(732,204) 267 cells, outer (712,46)..(732,204) 303 cells, target (732,204) | waypoint 3 way (316,110)..(432,260) 193 cells, outer (412,46)..(432,260) 276 cells, target (432,260)
[final]    27.90s    fence for edge c1-2to3: 0 ways (2 neighbours), 0 cells closed
[final]    27.90s    edge c1-2to3: 37 cells of its slots (20 and 20 cells) were closed and are open again
[final]    27.90s    edge of chain 1 from 2 to 3: no way; source (655, 138) heading 5 -> (670, 153) free, target (273, 114) heading 3 -> (288, 99) free | waypoint 2 way (645,120)..(732,204) 267 cells, outer (712,46)..(732,204) 303 cells, target (732,204) | waypoint 3 way (277,118)..(432,260) 234 cells, outer (412,46)..(432,260) 276 cells, target (432,260)
[final]    27.90s    fence for edge c1-2to3: 0 ways (2 neighbours), 0 cells closed
[final]    27.90s    edge c1-2to3: 21 cells of its slots (20 and 26 cells) were closed and are open again
[final]    27.91s    edge of chain 1 from 2 to 3: no way; source (655, 138) heading 5 -> (670, 153) free, target (322, 112) heading 4 -> (322, 91) free | waypoint 2 way (645,120)..(732,204) 267 cells, outer (712,46)..(732,204) 303 cells, target (732,204) | waypoint 3 way (326,132)..(432,260) 190 cells, outer (412,46)..(432,260) 276 cells, target (432,260)
[final]    27.91s    fence for edge c1-2to3: 0 ways (2 neighbours), 0 cells closed
[final]    27.91s    edge c1-2to3: 21 cells of its slots (20 and 26 cells) were closed and are open again
[final]    27.91s    edge of chain 1 from 2 to 3: no way; source (655, 138) heading 5 -> (670, 153) free, target (297, 117) heading 4 -> (297, 96) free | waypoint 2 way (645,120)..(732,204) 267 cells, outer (712,46)..(732,204) 303 cells, target (732,204) | waypoint 3 way (301,137)..(432,260) 244 cells, outer (412,46)..(432,260) 276 cells, target (432,260)
[final]    27.92s    fence for edge c1-2to3: 0 ways (2 neighbours), 0 cells closed
[final]    27.92s    edge c1-2to3: 45 cells of its slots (20 and 26 cells) were closed and are open again
[final]    27.92s    edge of chain 1 from 2 to 3: no way; source (655, 138) heading 5 -> (670, 153) free, target (302, 122) heading 4 -> (302, 101) free | waypoint 2 way (645,120)..(732,204) 267 cells, outer (712,46)..(732,204) 303 cells, target (732,204) | waypoint 3 way (306,122)..(432,260) 210 cells, outer (412,46)..(432,260) 276 cells, target (432,260)
[final]    27.92s    fence for edge c1-2to3: 0 ways (2 neighbours), 0 cells closed
[final]    27.92s    edge c1-2to3: 45 cells of its slots (20 and 26 cells) were closed and are open again
[final]    27.93s    edge of chain 1 from 2 to 3: no way; source (655, 138) heading 5 -> (670, 153) free, target (297, 147) heading 4 -> (297, 126) free | waypoint 2 way (645,120)..(732,204) 267 cells, outer (712,46)..(732,204) 303 cells, target (732,204) | waypoint 3 way (301,147)..(432,260) 244 cells, outer (412,46)..(432,260) 276 cells, target (432,260)
[final]    27.93s    fence for edge c1-1to2: 0 ways (2 neighbours), 0 cells closed
[final]    27.93s    edge c1-1to2: 22 cells of its slots (20 and 20 cells) were closed and are open again
[final]    27.94s    [Coupler Insertion] chain 1 edge 1->2: a way of 332 cells refused, squeezed at (784,224): 1 wire (25) in 27 cells to the artwork, need 39 (19 + 1 x 20), short by 12
[final]    27.94s    edge of chain 1 from 1 to 2: no way; source (847, 260) heading 5 -> (862, 275) free, target (663, 122) heading 5 -> (648, 107) free | waypoint 1 way (851,256)..(738,443) 246 cells, outer (913,46)..(738,443) 417 cells, target (738,443) | waypoint 2 way (681,132)..(732,204) 255 cells, outer (712,46)..(732,204) 303 cells, target (732,204)
[final]    27.95s    fence for edge c1-1to2: 0 ways (2 neighbours), 0 cells closed
[final]    27.95s    edge c1-1to2: 22 cells of its slots (20 and 20 cells) were closed and are open again
[final]    27.96s    [Coupler Insertion] chain 1 edge 1->2: a way of 324 cells refused, squeezed at (747,177): 1 wire (26) in 24 cells to the artwork, need 39 (19 + 1 x 20), short by 15
[final]    27.96s    edge of chain 1 from 1 to 2: no way; source (847, 260) heading 5 -> (862, 275) free, target (663, 122) heading 5 -> (648, 107) free | waypoint 1 way (851,256)..(738,443) 246 cells, outer (913,46)..(738,443) 417 cells, target (738,443) | waypoint 2 way (681,132)..(732,204) 255 cells, outer (712,46)..(732,204) 303 cells, target (732,204)
[final]    27.96s    fence for edge c1-1to2: 0 ways (2 neighbours), 0 cells closed
[final]    27.96s    edge c1-1to2: 22 cells of its slots (20 and 20 cells) were closed and are open again
[final]    27.98s    [Coupler Insertion] chain 1 edge 1->2: a way of 336 cells refused, squeezed at (784,224): 1 wire (25) in 27 cells to the artwork, need 39 (19 + 1 x 20), short by 12
[final]    27.98s    edge of chain 1 from 1 to 2: no way; source (847, 260) heading 5 -> (862, 275) free, target (688, 127) heading 5 -> (673, 112) free | waypoint 1 way (851,256)..(738,443) 246 cells, outer (913,46)..(738,443) 417 cells, target (738,443) | waypoint 2 way (706,137)..(732,204) 314 cells, outer (712,46)..(732,204) 303 cells, target (732,204)
[final]    27.98s    fence for edge c1-1to2: 0 ways (2 neighbours), 0 cells closed
[final]    27.98s    edge c1-1to2: 22 cells of its slots (20 and 20 cells) were closed and are open again
[final]    27.99s    [Coupler Insertion] chain 1 edge 1->2: a way of 328 cells refused, squeezed at (784,216): 1 wire (25) in 27 cells to the artwork, need 39 (19 + 1 x 20), short by 12
[final]    27.99s    edge of chain 1 from 1 to 2: no way; source (847, 260) heading 5 -> (862, 275) free, target (688, 127) heading 5 -> (673, 112) free | waypoint 1 way (851,256)..(738,443) 246 cells, outer (913,46)..(738,443) 417 cells, target (738,443) | waypoint 2 way (706,137)..(732,204) 314 cells, outer (712,46)..(732,204) 303 cells, target (732,204)
[final]    28.00s    fence for edge c1-1to2: 0 ways (2 neighbours), 0 cells closed
[final]    28.00s    edge c1-1to2: 33 cells of its slots (20 and 20 cells) were closed and are open again
[final]    28.02s    [Coupler Insertion] chain 1 edge 1->2: a way of 360 cells refused, squeezed at (784,232): 1 wire (25) in 27 cells to the artwork, need 39 (19 + 1 x 20), short by 12
[final]    28.02s    edge of chain 1 from 1 to 2: no way; source (847, 260) heading 5 -> (862, 275) free, target (641, 124) heading 5 -> (626, 109) free | waypoint 1 way (851,256)..(738,443) 246 cells, outer (913,46)..(738,443) 417 cells, target (738,443) | waypoint 2 way (645,120)..(732,204) 267 cells, outer (712,46)..(732,204) 303 cells, target (732,204)
[final]    28.03s    fence for edge c1-1to2: 0 ways (2 neighbours), 0 cells closed
[final]    28.03s    edge c1-1to2: 33 cells of its slots (20 and 20 cells) were closed and are open again
[final]    28.07s    [Coupler Insertion] chain 1 edge 1->2: a way of 360 cells refused, squeezed at (784,221): 1 wire (25) in 27 cells to the artwork, need 39 (19 + 1 x 20), short by 12
[final]    28.07s    edge of chain 1 from 1 to 2: no way; source (847, 260) heading 5 -> (862, 275) free, target (641, 124) heading 5 -> (626, 109) free | waypoint 1 way (851,256)..(738,443) 246 cells, outer (913,46)..(738,443) 417 cells, target (738,443) | waypoint 2 way (645,120)..(732,204) 267 cells, outer (712,46)..(732,204) 303 cells, target (732,204)
[final]    28.07s    fence for edge c1-1to2: 0 ways (2 neighbours), 0 cells closed
[final]    28.07s    edge c1-1to2: 5 cells of its slots (20 and 20 cells) were closed and are open again
[final]    28.11s    [Coupler Insertion] chain 1 edge 1->2: a way of 627 cells refused, squeezed at (783,417): 1 wire (22) in 12 cells to the artwork, need 39 (19 + 1 x 20), short by 27
[final]    28.11s    edge of chain 1 from 1 to 2: no way; source (864, 320) heading 5 -> (879, 335) free, target (663, 122) heading 5 -> (648, 107) free | waypoint 1 way (854,302)..(738,443) 205 cells, outer (913,46)..(738,443) 417 cells, target (738,443) | waypoint 2 way (681,132)..(732,204) 255 cells, outer (712,46)..(732,204) 303 cells, target (732,204)
[final]    28.11s    fence for edge c1-1to2: 0 ways (2 neighbours), 0 cells closed
[final]    28.11s    edge c1-1to2: 5 cells of its slots (20 and 20 cells) were closed and are open again
[final]    28.13s    fence for edge c1-0to1: 0 ways (1 neighbours), 0 cells closed
[final]    28.13s    edge c1-0to1: 16 cells of its slots (20 and 20 cells) were closed and are open again
[final]    28.18s    [Coupler Insertion] chain 1 edge 0->1: a way of 661 cells refused, squeezed at (781,417): 1 wire (22) in 12 cells to the artwork, need 39 (19 + 1 x 20), short by 27
[final]    28.18s    edge of chain 1 from 0 to 1: no way; source (963, 45) heading 4 -> (963, 56) free, target (850, 306) heading 5 -> (835, 291) free | waypoint 1 way (854,302)..(738,443) 205 cells, outer (913,46)..(738,443) 417 cells, target (738,443)
[final]    28.18s    fence for edge c1-1to2: 0 ways (2 neighbours), 0 cells closed
[final]    28.18s    edge c1-1to2: 5 cells of its slots (20 and 20 cells) were closed and are open again
[final]    28.22s    [Coupler Insertion] chain 1 edge 1->2: a way of 631 cells refused, squeezed at (783,417): 1 wire (22) in 12 cells to the artwork, need 39 (19 + 1 x 20), short by 27
[final]    28.22s    edge of chain 1 from 1 to 2: no way; source (864, 320) heading 5 -> (879, 335) free, target (688, 127) heading 5 -> (673, 112) free | waypoint 1 way (854,302)..(738,443) 205 cells, outer (913,46)..(738,443) 417 cells, target (738,443) | waypoint 2 way (706,137)..(732,204) 314 cells, outer (712,46)..(732,204) 303 cells, target (732,204)
[final]    28.23s    fence for edge c1-1to2: 0 ways (2 neighbours), 0 cells closed
[final]    28.23s    edge c1-1to2: 5 cells of its slots (20 and 20 cells) were closed and are open again
[final]    28.24s    fence for edge c1-0to1: 0 ways (1 neighbours), 0 cells closed
[final]    28.24s    edge c1-0to1: 16 cells of its slots (20 and 20 cells) were closed and are open again
[final]    28.29s    [Coupler Insertion] chain 1 edge 0->1: a way of 661 cells refused, squeezed at (781,417): 1 wire (22) in 12 cells to the artwork, need 39 (19 + 1 x 20), short by 27
[final]    28.29s    edge of chain 1 from 0 to 1: no way; source (963, 45) heading 4 -> (963, 56) free, target (850, 306) heading 5 -> (835, 291) free | waypoint 1 way (854,302)..(738,443) 205 cells, outer (913,46)..(738,443) 417 cells, target (738,443)
[final]    28.29s  [Coupler Insertion] chain 1: out of time before any run of options joined the chain — leaving it as it stands (861 steps routed)
[final]    28.30s    fence for edge c2-0to1: 0 ways (1 neighbours), 0 cells closed
[final]    28.31s    fence for edge c2-0to1: 0 ways (1 neighbours), 0 cells closed
[final]    28.31s    fence for edge c2-0to1: 0 ways (1 neighbours), 0 cells closed
[final]    28.31s    edge c2-0to1: 16 cells of its slots (20 and 20 cells) were closed and are open again
[final]    28.32s    fence for edge c2-1to2: 0 ways (2 neighbours), 0 cells closed
[final]    28.32s    edge c2-1to2: 21 cells of its slots (20 and 20 cells) were closed and are open again
[final]    28.32s    edge of chain 2 from 1 to 2: no way; source (167, 625) heading 7 -> (182, 610) free, target (120, 657) heading 3 -> (135, 642) free | waypoint 1 way (149,635)..(301,679) 261 cells, outer (46,695)..(301,679) 327 cells, target (301,679) | waypoint 2 way (110,675)..(266,670) 201 cells, outer (46,729)..(266,670) 260 cells, target (266,670)
[final]    28.32s    fence for edge c2-1to2: 0 ways (2 neighbours), 0 cells closed
[final]    28.32s    edge c2-1to2: 12 cells of its slots (20 and 20 cells) were closed and are open again
[final]    28.40s    edge of chain 2 from 1 to 2: no way; source (167, 625) heading 7 -> (182, 610) free, target (120, 657) heading 3 -> (135, 642) free | waypoint 1 way (149,635)..(301,679) 261 cells, outer (46,695)..(301,679) 327 cells, target (301,679) | waypoint 2 way (110,675)..(266,670) 201 cells, outer (46,729)..(266,670) 260 cells, target (266,670)
[final]    28.40s    fence for edge c2-1to2: 0 ways (2 neighbours), 0 cells closed
[final]    28.40s    edge c2-1to2: 21 cells of its slots (20 and 20 cells) were closed and are open again
[final]    28.40s    edge of chain 2 from 1 to 2: no way; source (167, 625) heading 7 -> (182, 610) free, target (120, 657) heading 3 -> (135, 642) free | waypoint 1 way (149,635)..(301,679) 261 cells, outer (46,695)..(301,679) 327 cells, target (301,679) | waypoint 2 way (124,661)..(266,670) 180 cells, outer (46,729)..(266,670) 260 cells, target (266,670)
[final]    28.40s    fence for edge c2-1to2: 0 ways (2 neighbours), 0 cells closed
[final]    28.40s    edge c2-1to2: 21 cells of its slots (20 and 20 cells) were closed and are open again
[final]    28.40s    edge of chain 2 from 1 to 2: no way; source (167, 625) heading 7 -> (182, 610) free, target (120, 657) heading 3 -> (135, 642) free | waypoint 1 way (149,635)..(301,679) 261 cells, outer (46,695)..(301,679) 327 cells, target (301,679) | waypoint 2 way (124,661)..(266,670) 180 cells, outer (46,729)..(266,670) 260 cells, target (266,670)
[final]    28.41s    fence for edge c2-1to2: 0 ways (2 neighbours), 0 cells closed
[final]    28.41s    edge c2-1to2: 24 cells of its slots (20 and 26 cells) were closed and are open again
[final]    28.41s    [Coupler Insertion] chain 2 edge 1->2: a way of 108 cells refused, squeezed at (158,663): 1 wire (40) in 18 cells to the artwork, need 39 (19 + 1 x 20), short by 21
[final]    28.41s    edge of chain 2 from 1 to 2: no way; source (167, 625) heading 7 -> (182, 610) free, target (132, 665) heading 2 -> (153, 665) free | waypoint 1 way (149,635)..(301,679) 261 cells, outer (46,695)..(301,679) 327 cells, target (301,679) | waypoint 2 way (132,669)..(266,670) 198 cells, outer (46,729)..(266,670) 260 cells, target (266,670)
[final]    28.41s    fence for edge c2-1to2: 0 ways (2 neighbours), 0 cells closed
[final]    28.41s    edge c2-1to2: 24 cells of its slots (20 and 26 cells) were closed and are open again
[final]    28.42s    [Coupler Insertion] chain 2 edge 1->2: a way of 108 cells refused, squeezed at (158,663): 1 wire (40) in 18 cells to the artwork, need 39 (19 + 1 x 20), short by 21
[final]    28.42s    edge of chain 2 from 1 to 2: no way; source (167, 625) heading 7 -> (182, 610) free, target (132, 665) heading 2 -> (153, 665) free | waypoint 1 way (149,635)..(301,679) 261 cells, outer (46,695)..(301,679) 327 cells, target (301,679) | waypoint 2 way (132,669)..(266,670) 198 cells, outer (46,729)..(266,670) 260 cells, target (266,670)
[final]    28.42s    fence for edge c2-1to2: 0 ways (2 neighbours), 0 cells closed
[final]    28.42s    edge c2-1to2: 30 cells of its slots (20 and 20 cells) were closed and are open again
[final]    28.44s    edge of chain 2 from 1 to 2: no way; source (120, 634) heading 5 -> (135, 649) free, target (120, 657) heading 3 -> (135, 642) free | waypoint 1 way (124,630)..(301,679) 231 cells, outer (46,695)..(301,679) 327 cells, target (301,679) | waypoint 2 way (110,675)..(266,670) 201 cells, outer (46,729)..(266,670) 260 cells, target (266,670)
[final]    28.45s    fence for edge c2-1to2: 0 ways (2 neighbours), 0 cells closed
[final]    28.45s    edge c2-1to2: 30 cells of its slots (20 and 20 cells) were closed and are open again
[final]    28.51s    edge of chain 2 from 1 to 2: no way; source (120, 634) heading 5 -> (135, 649) free, target (120, 657) heading 3 -> (135, 642) free | waypoint 1 way (124,630)..(301,679) 231 cells, outer (46,695)..(301,679) 327 cells, target (301,679) | waypoint 2 way (110,675)..(266,670) 201 cells, outer (46,729)..(266,670) 260 cells, target (266,670)
[final]    28.52s    fence for edge c2-1to2: 0 ways (2 neighbours), 0 cells closed
[final]    28.52s    edge c2-1to2: 42 cells of its slots (20 and 20 cells) were closed and are open again
[final]    28.52s    edge of chain 2 from 1 to 2: no way; source (120, 634) heading 5 -> (135, 649) free, target (120, 657) heading 3 -> (135, 642) free | waypoint 1 way (124,630)..(301,679) 231 cells, outer (46,695)..(301,679) 327 cells, target (301,679) | waypoint 2 way (124,661)..(266,670) 180 cells, outer (46,729)..(266,670) 260 cells, target (266,670)
[final]    28.52s    fence for edge c2-1to2: 0 ways (2 neighbours), 0 cells closed
[final]    28.52s    edge c2-1to2: 42 cells of its slots (20 and 20 cells) were closed and are open again
[final]    28.52s    edge of chain 2 from 1 to 2: no way; source (120, 634) heading 5 -> (135, 649) free, target (120, 657) heading 3 -> (135, 642) free | waypoint 1 way (124,630)..(301,679) 231 cells, outer (46,695)..(301,679) 327 cells, target (301,679) | waypoint 2 way (124,661)..(266,670) 180 cells, outer (46,729)..(266,670) 260 cells, target (266,670)
[final]    28.53s    fence for edge c2-0to1: 0 ways (1 neighbours), 0 cells closed
[final]    28.53s    fence for edge c2-1to2: 0 ways (2 neighbours), 0 cells closed
[final]    28.53s    edge c2-1to2: 48 cells of its slots (26 and 26 cells) were closed and are open again
[final]    28.54s    fence for edge c2-2to3: 0 ways (2 neighbours), 0 cells closed
[final]    28.55s    fence for edge c2-2to3: 0 ways (2 neighbours), 0 cells closed
[final]    28.55s    edge c2-2to3: 24 cells of its slots (26 and 26 cells) were closed and are open again
[final]    28.56s    fence for edge c2-1to2: 0 ways (2 neighbours), 0 cells closed
[final]    28.56s    edge c2-1to2: 44 cells of its slots (26 and 20 cells) were closed and are open again
[final]    28.58s    edge of chain 2 from 1 to 2: no way; source (132, 643) heading 6 -> (153, 643) free, target (120, 657) heading 3 -> (135, 642) free | waypoint 1 way (132,639)..(301,679) 252 cells, outer (46,695)..(301,679) 327 cells, target (301,679) | waypoint 2 way (110,675)..(266,670) 201 cells, outer (46,729)..(266,670) 260 cells, target (266,670)
[final]    28.58s    fence for edge c2-1to2: 0 ways (2 neighbours), 0 cells closed
[final]    28.58s    edge c2-1to2: 42 cells of its slots (26 and 20 cells) were closed and are open again
[final]    28.65s    edge of chain 2 from 1 to 2: no way; source (132, 643) heading 6 -> (153, 643) free, target (120, 657) heading 3 -> (135, 642) free | waypoint 1 way (132,639)..(301,679) 252 cells, outer (46,695)..(301,679) 327 cells, target (301,679) | waypoint 2 way (110,675)..(266,670) 201 cells, outer (46,729)..(266,670) 260 cells, target (266,670)
[final]    28.65s    fence for edge c2-1to2: 0 ways (2 neighbours), 0 cells closed
[final]    28.65s    edge c2-1to2: 44 cells of its slots (26 and 20 cells) were closed and are open again
[final]    28.68s    edge of chain 2 from 1 to 2: no way; source (132, 643) heading 6 -> (153, 643) free, target (120, 657) heading 3 -> (135, 642) free | waypoint 1 way (132,639)..(301,679) 252 cells, outer (46,695)..(301,679) 327 cells, target (301,679) | waypoint 2 way (124,661)..(266,670) 180 cells, outer (46,729)..(266,670) 260 cells, target (266,670)
[final]    28.68s    fence for edge c2-1to2: 0 ways (2 neighbours), 0 cells closed
[final]    28.68s    edge c2-1to2: 44 cells of its slots (26 and 20 cells) were closed and are open again
[final]    28.74s    edge of chain 2 from 1 to 2: no way; source (132, 643) heading 6 -> (153, 643) free, target (120, 657) heading 3 -> (135, 642) free | waypoint 1 way (132,639)..(301,679) 252 cells, outer (46,695)..(301,679) 327 cells, target (301,679) | waypoint 2 way (124,661)..(266,670) 180 cells, outer (46,729)..(266,670) 260 cells, target (266,670)
[final]    28.75s    fence for edge c2-0to1: 0 ways (1 neighbours), 0 cells closed
[final]    28.75s    edge c2-0to1: 24 cells of its slots (20 and 26 cells) were closed and are open again
[final]    28.75s    fence for edge c2-1to2: 0 ways (2 neighbours), 0 cells closed
[final]    28.75s    edge c2-1to2: 24 cells of its slots (26 and 26 cells) were closed and are open again
[final]    28.76s    [Coupler Insertion] chain 2 edge 1->2: a way of 84 cells refused, squeezed at (163,663): 1 wire (40) in 16 cells to the artwork, need 39 (19 + 1 x 20), short by 23
[final]    28.76s    edge of chain 2 from 1 to 2: no way; source (148, 644) heading 6 -> (169, 644) free, target (132, 665) heading 2 -> (153, 665) free | waypoint 1 way (128,640)..(301,679) 266 cells, outer (46,695)..(301,679) 327 cells, target (301,679) | waypoint 2 way (132,669)..(266,670) 198 cells, outer (46,729)..(266,670) 260 cells, target (266,670)
[final]    28.76s    fence for edge c2-1to2: 0 ways (2 neighbours), 0 cells closed
[final]    28.76s    edge c2-1to2: 24 cells of its slots (26 and 26 cells) were closed and are open again
[final]    28.76s    [Coupler Insertion] chain 2 edge 1->2: a way of 84 cells refused, squeezed at (163,663): 1 wire (40) in 16 cells to the artwork, need 39 (19 + 1 x 20), short by 23
[final]    28.76s    edge of chain 2 from 1 to 2: no way; source (148, 644) heading 6 -> (169, 644) free, target (132, 665) heading 2 -> (153, 665) free | waypoint 1 way (128,640)..(301,679) 266 cells, outer (46,695)..(301,679) 327 cells, target (301,679) | waypoint 2 way (132,669)..(266,670) 198 cells, outer (46,729)..(266,670) 260 cells, target (266,670)
[final]    28.77s    fence for edge c2-1to2: 0 ways (2 neighbours), 0 cells closed
[final]    28.77s    edge c2-1to2: 21 cells of its slots (26 and 20 cells) were closed and are open again
[final]    28.77s    edge of chain 2 from 1 to 2: no way; source (148, 644) heading 6 -> (169, 644) free, target (120, 657) heading 3 -> (135, 642) free | waypoint 1 way (128,640)..(301,679) 266 cells, outer (46,695)..(301,679) 327 cells, target (301,679) | waypoint 2 way (110,675)..(266,670) 201 cells, outer (46,729)..(266,670) 260 cells, target (266,670)
[final]    28.77s    fence for edge c2-1to2: 0 ways (2 neighbours), 0 cells closed
[final]    28.77s    edge c2-1to2: 21 cells of its slots (26 and 20 cells) were closed and are open again
[final]    28.77s    edge of chain 2 from 1 to 2: no way; source (148, 644) heading 6 -> (169, 644) free, target (120, 657) heading 3 -> (135, 642) free | waypoint 1 way (128,640)..(301,679) 266 cells, outer (46,695)..(301,679) 327 cells, target (301,679) | waypoint 2 way (110,675)..(266,670) 201 cells, outer (46,729)..(266,670) 260 cells, target (266,670)
[final]    28.78s    fence for edge c2-1to2: 0 ways (2 neighbours), 0 cells closed
[final]    28.78s    edge c2-1to2: 21 cells of its slots (26 and 20 cells) were closed and are open again
[final]    28.78s    edge of chain 2 from 1 to 2: no way; source (148, 644) heading 6 -> (169, 644) free, target (120, 657) heading 3 -> (135, 642) free | waypoint 1 way (128,640)..(301,679) 266 cells, outer (46,695)..(301,679) 327 cells, target (301,679) | waypoint 2 way (124,661)..(266,670) 180 cells, outer (46,729)..(266,670) 260 cells, target (266,670)
[final]    28.78s    fence for edge c2-1to2: 0 ways (2 neighbours), 0 cells closed
[final]    28.78s    edge c2-1to2: 21 cells of its slots (26 and 20 cells) were closed and are open again
[final]    28.78s    edge of chain 2 from 1 to 2: no way; source (148, 644) heading 6 -> (169, 644) free, target (120, 657) heading 3 -> (135, 642) free | waypoint 1 way (128,640)..(301,679) 266 cells, outer (46,695)..(301,679) 327 cells, target (301,679) | waypoint 2 way (124,661)..(266,670) 180 cells, outer (46,729)..(266,670) 260 cells, target (266,670)
[final]    28.78s    fence for edge c2-1to2: 0 ways (2 neighbours), 0 cells closed
[final]    28.78s    edge c2-1to2: 37 cells of its slots (20 and 20 cells) were closed and are open again
[final]    28.79s    edge of chain 2 from 1 to 2: no way; source (146, 646) heading 7 -> (161, 631) free, target (120, 657) heading 3 -> (135, 642) free | waypoint 1 way (142,642)..(301,679) 261 cells, outer (46,695)..(301,679) 327 cells, target (301,679) | waypoint 2 way (110,675)..(266,670) 201 cells, outer (46,729)..(266,670) 260 cells, target (266,670)
[final]    28.79s    fence for edge c2-1to2: 0 ways (2 neighbours), 0 cells closed
[final]    28.79s    edge c2-1to2: 31 cells of its slots (20 and 20 cells) were closed and are open again
[final]    28.86s    edge of chain 2 from 1 to 2: no way; source (146, 646) heading 7 -> (161, 631) free, target (120, 657) heading 3 -> (135, 642) free | waypoint 1 way (142,642)..(301,679) 261 cells, outer (46,695)..(301,679) 327 cells, target (301,679) | waypoint 2 way (110,675)..(266,670) 201 cells, outer (46,729)..(266,670) 260 cells, target (266,670)
[final]    28.86s    fence for edge c2-1to2: 0 ways (2 neighbours), 0 cells closed
[final]    28.86s    edge c2-1to2: 37 cells of its slots (20 and 20 cells) were closed and are open again
[final]    28.86s    edge of chain 2 from 1 to 2: no way; source (146, 646) heading 7 -> (161, 631) free, target (120, 657) heading 3 -> (135, 642) free | waypoint 1 way (142,642)..(301,679) 261 cells, outer (46,695)..(301,679) 327 cells, target (301,679) | waypoint 2 way (124,661)..(266,670) 180 cells, outer (46,729)..(266,670) 260 cells, target (266,670)
[final]    28.86s    fence for edge c2-1to2: 0 ways (2 neighbours), 0 cells closed
[final]    28.86s    edge c2-1to2: 37 cells of its slots (20 and 20 cells) were closed and are open again
[final]    28.86s    edge of chain 2 from 1 to 2: no way; source (146, 646) heading 7 -> (161, 631) free, target (120, 657) heading 3 -> (135, 642) free | waypoint 1 way (142,642)..(301,679) 261 cells, outer (46,695)..(301,679) 327 cells, target (301,679) | waypoint 2 way (124,661)..(266,670) 180 cells, outer (46,729)..(266,670) 260 cells, target (266,670)
[final]    28.87s    fence for edge c2-0to1: 0 ways (1 neighbours), 0 cells closed
[final]    28.87s    fence for edge c2-0to1: 0 ways (1 neighbours), 0 cells closed
[final]    28.87s    edge c2-0to1: 5 cells of its slots (20 and 20 cells) were closed and are open again
[final]    28.90s    edge of chain 2 from 0 to 1: no way; source (45, 662) heading 6 -> (56, 662) free, target (192, 605) heading 1 -> (207, 620) free | waypoint 1 way (174,595)..(301,679) 235 cells, outer (46,695)..(301,679) 327 cells, target (301,679)
[final]    28.91s    fence for edge c2-0to1: 0 ways (1 neighbours), 0 cells closed
[final]    28.91s    edge c2-0to1: 16 cells of its slots (20 and 20 cells) were closed and are open again
[final]    28.91s    fence for edge c2-1to2: 0 ways (2 neighbours), 0 cells closed
[final]    28.91s    edge c2-1to2: 21 cells of its slots (20 and 20 cells) were closed and are open again
[final]    28.92s    edge of chain 2 from 1 to 2: no way; source (132, 572) heading 1 -> (117, 557) free, target (120, 657) heading 3 -> (135, 642) free | waypoint 1 way (142,590)..(301,679) 261 cells, outer (46,695)..(301,679) 327 cells, target (301,679) | waypoint 2 way (110,675)..(266,670) 201 cells, outer (46,729)..(266,670) 260 cells, target (266,670)
[final]    28.92s    fence for edge c2-1to2: 0 ways (2 neighbours), 0 cells closed
[final]    28.94s    fence for edge c2-0to1: 0 ways (1 neighbours), 0 cells closed
[final]    28.94s    edge c2-0to1: 16 cells of its slots (20 and 20 cells) were closed and are open again
[final]    28.95s    [Coupler Insertion] chain 2 edge 0->1: a way of 185 cells refused, squeezed at (149,655): 1 wire (40) in 31 cells to the artwork, need 39 (19 + 1 x 20), short by 8
[final]    28.95s    edge of chain 2 from 0 to 1: no way; source (45, 662) heading 6 -> (56, 662) free, target (146, 586) heading 1 -> (161, 601) free | waypoint 1 way (142,590)..(301,679) 261 cells, outer (46,695)..(301,679) 327 cells, target (301,679)
[final]    28.95s    fence for edge c2-1to2: 0 ways (2 neighbours), 0 cells closed
[final]    28.95s    edge c2-1to2: 21 cells of its slots (20 and 20 cells) were closed and are open again
[final]    28.95s    edge of chain 2 from 1 to 2: no way; source (132, 572) heading 1 -> (117, 557) free, target (120, 657) heading 3 -> (135, 642) free | waypoint 1 way (142,590)..(301,679) 261 cells, outer (46,695)..(301,679) 327 cells, target (301,679) | waypoint 2 way (124,661)..(266,670) 180 cells, outer (46,729)..(266,670) 260 cells, target (266,670)
[final]    28.96s    fence for edge c2-1to2: 0 ways (2 neighbours), 0 cells closed
[final]    28.96s    edge c2-1to2: 16 cells of its slots (20 and 20 cells) were closed and are open again
[final]    28.98s    fence for edge c2-0to1: 0 ways (1 neighbours), 0 cells closed
[final]    28.98s    edge c2-0to1: 16 cells of its slots (20 and 20 cells) were closed and are open again
[final]    28.99s    [Coupler Insertion] chain 2 edge 0->1: a way of 185 cells refused, squeezed at (149,655): 1 wire (40) in 31 cells to the artwork, need 39 (19 + 1 x 20), short by 8
[final]    28.99s    edge of chain 2 from 0 to 1: no way; source (45, 662) heading 6 -> (56, 662) free, target (146, 586) heading 1 -> (161, 601) free | waypoint 1 way (142,590)..(301,679) 261 cells, outer (46,695)..(301,679) 327 cells, target (301,679)
[final]    28.99s    fence for edge c2-0to1: 0 ways (1 neighbours), 0 cells closed
[final]    28.99s    edge c2-0to1: 4 cells of its slots (20 and 26 cells) were closed and are open again
[final]    29.06s    edge of chain 2 from 0 to 1: no way; source (45, 662) heading 6 -> (56, 662) free, target (148, 588) heading 2 -> (169, 588) free | waypoint 1 way (128,592)..(301,679) 266 cells, outer (46,695)..(301,679) 327 cells, target (301,679)
[final]    29.06s    fence for edge c2-3to4: 0 ways (2 neighbours), 0 cells closed
[final]    29.06s    edge c2-3to4: 24 cells of its slots (26 and 26 cells) were closed and are open again
[final]    29.07s    fence for edge c2-4to5: 0 ways (1 neighbours), 0 cells closed
[final]    29.07s    edge c2-4to5: 24 cells of its slots (26 and 20 cells) were closed and are open again
[final]    29.08s    [Coupler Insertion]   chain 2: every feedline edge drawn on options launcher 12 33 0 0 launcher -> cost 160000
[final]    29.08s  [Coupler Insertion] chain 2: optimum 160000 over 6 layers, 10 prefixes expanded, 44 steps routed
[final]    29.08s    fence for edge c3-0to1: 0 ways (1 neighbours), 0 cells closed
[final]    29.08s    edge c3-0to1: 16 cells of its slots (20 and 26 cells) were closed and are open again
[final]    29.09s    fence for edge c3-1to2: 0 ways (2 neighbours), 0 cells closed
[final]    29.09s    edge c3-1to2: 24 cells of its slots (26 and 26 cells) were closed and are open again
[final]    29.09s    fence for edge c3-2to3: 0 ways (2 neighbours), 0 cells closed
[final]    29.09s    edge c3-2to3: 24 cells of its slots (26 and 20 cells) were closed and are open again
[final]    29.11s    fence for edge c3-3to4: 0 ways (1 neighbours), 0 cells closed
[final]    29.11s    edge c3-3to4: 16 cells of its slots (20 and 20 cells) were closed and are open again
[final]    29.11s    [Coupler Insertion]   chain 3: every feedline edge drawn on options 39 0 0 27 launcher -> cost 70000
[final]    29.11s  [Coupler Insertion] chain 3: optimum 70000 over 5 layers, 4 prefixes expanded, 4 steps routed
[final]    29.12s    fence for edge c0-0to1: 14 ways (1 neighbours), 146654 cells closed
[final]    29.12s    fence for edge c0-1to2: 14 ways (2 neighbours), 150032 cells closed
[final]    29.12s    edge c0-1to2: 24 cells of its slots (26 and 26 cells) were closed and are open again
[final]    29.12s    fence for edge c0-2to3: 14 ways (2 neighbours), 142174 cells closed
[final]    29.12s    edge c0-2to3: 24 cells of its slots (26 and 26 cells) were closed and are open again
[final]    29.13s    fence for edge c0-3to4: 14 ways (2 neighbours), 144288 cells closed
[final]    29.13s    edge c0-3to4: 24 cells of its slots (26 and 26 cells) were closed and are open again
[final]    29.13s    fence for edge c0-4to5: 14 ways (2 neighbours), 145658 cells closed
[final]    29.13s    edge c0-4to5: 24 cells of its slots (26 and 20 cells) were closed and are open again
[final]    29.13s    fence for edge c0-5to6: 14 ways (1 neighbours), 140564 cells closed
[final]    29.13s    edge c0-5to6: 16 cells of its slots (20 and 20 cells) were closed and are open again
[final]    29.14s    fence for edge c2-0to1: 14 ways (1 neighbours), 150137 cells closed
[final]    29.14s    fence for edge c2-1to2: 14 ways (2 neighbours), 149968 cells closed
[final]    29.14s    edge c2-1to2: 48 cells of its slots (26 and 26 cells) were closed and are open again
[final]    29.14s    fence for edge c2-2to3: 14 ways (2 neighbours), 137917 cells closed
[final]    29.15s    edge c2-2to3: 8 cells of its slots (26 and 26 cells) were closed and are open again
[final]    29.15s    fence for edge c2-3to4: 14 ways (2 neighbours), 144122 cells closed
[final]    29.15s    edge c2-3to4: 24 cells of its slots (26 and 26 cells) were closed and are open again
[final]    29.15s    fence for edge c2-4to5: 14 ways (1 neighbours), 142498 cells closed
[final]    29.15s    edge c2-4to5: 24 cells of its slots (26 and 20 cells) were closed and are open again
[final]    29.16s    fence for edge c3-0to1: 14 ways (1 neighbours), 141763 cells closed
[final]    29.16s    edge c3-0to1: 16 cells of its slots (20 and 26 cells) were closed and are open again
[final]    29.16s    fence for edge c3-1to2: 14 ways (2 neighbours), 143110 cells closed
[final]    29.16s    edge c3-1to2: 24 cells of its slots (26 and 26 cells) were closed and are open again
[final]    29.16s    fence for edge c3-2to3: 14 ways (2 neighbours), 139682 cells closed
[final]    29.16s    edge c3-2to3: 24 cells of its slots (26 and 20 cells) were closed and are open again
[final]    29.17s    fence for edge c3-3to4: 14 ways (1 neighbours), 141647 cells closed
[final]    29.17s    edge c3-3to4: 16 cells of its slots (20 and 20 cells) were closed and are open again
[final]    29.17s  [Coupler Insertion] 3 of 4 chains settled each on its own chip, 7 edges would not survive this state
[final]    29.17s    fence for edge c0-0to1: 1 ways (1 neighbours), 4269 cells closed
[final]    29.17s    [Coupler Insertion] edge f0 chain 0 (0->1): 157 cells, angle 6, as the greedy chose it
[final]    29.17s    fence for edge c0-1to2: 2 ways (2 neighbours), 19774 cells closed
[final]    29.17s    edge c0-1to2: 24 cells of its slots (26 and 26 cells) were closed and are open again
[final]    29.17s    [Coupler Insertion] edge f1 chain 0 (1->2): 79 cells, angle 2, as the greedy chose it
[final]    29.18s    fence for edge c0-2to3: 2 ways (2 neighbours), 14282 cells closed
[final]    29.18s    edge c0-2to3: 24 cells of its slots (26 and 26 cells) were closed and are open again
[final]    29.18s    [Coupler Insertion] edge f2 chain 0 (2->3): 283 cells, angle 0, as the greedy chose it
[final]    29.18s    fence for edge c0-3to4: 3 ways (2 neighbours), 25039 cells closed
[final]    29.18s    edge c0-3to4: 24 cells of its slots (26 and 26 cells) were closed and are open again
[final]    29.18s    [Coupler Insertion] edge f3 chain 0 (3->4): 185 cells, angle 2, as the greedy chose it
[final]    29.19s    fence for edge c0-4to5: 4 ways (2 neighbours), 40146 cells closed
[final]    29.19s    edge c0-4to5: 24 cells of its slots (26 and 20 cells) were closed and are open again
[final]    29.19s    [Coupler Insertion] edge f4 chain 0 (4->5): 161 cells, angle 5, as the greedy chose it
[final]    29.19s    fence for edge c0-5to6: 5 ways (1 neighbours), 42699 cells closed
[final]    29.19s    edge c0-5to6: 16 cells of its slots (20 and 20 cells) were closed and are open again
[final]    29.19s    [Coupler Insertion] edge f5 chain 0 (5->6): 255 cells, angle 1, as the greedy chose it
[final]    29.20s    fence for edge c1-0to1: 0 ways (1 neighbours), 0 cells closed
[final]    29.20s    [Coupler Insertion] edge f6 chain 1 (0->1): 192 cells, angle 2, routed again
[final]    29.20s    fence for edge c1-1to2: 1 ways (2 neighbours), 9110 cells closed
[final]    29.20s    edge c1-1to2: 24 cells of its slots (26 and 26 cells) were closed and are open again
[final]    29.21s    [Coupler Insertion] edge f7 chain 1 (1->2): 180 cells, angle 4, routed again
[final]    29.21s    fence for edge c1-2to3: 1 ways (2 neighbours), 9566 cells closed
[final]    29.21s    edge c1-2to3: 24 cells of its slots (26 and 26 cells) were closed and are open again
[final]    29.22s    [Coupler Insertion] chain 1 edge 2->3: a way of 381 cells refused, squeezed at (376,86): 1 wire (29) in 33 cells to the artwork, need 39 (19 + 1 x 20), short by 6
[final]    29.22s    edge of chain 1 from 2 to 3: no way; source (712, 86) heading 2 -> (691, 86) free, target (332, 86) heading 2 -> (353, 86) free | waypoint 2 way (712,90)..(732,204) 259 cells, outer (712,46)..(732,204) 303 cells, target (732,204) | waypoint 3 way (312,90)..(432,260) 242 cells, outer (412,46)..(432,260) 276 cells, target (432,260)
[final]    29.22s    fence for edge c1-2to3: 1 ways (2 neighbours), 9566 cells closed
[final]    29.22s    edge c1-2to3: 24 cells of its slots (26 and 26 cells) were closed and are open again
[final]    29.22s    [Coupler Insertion] edge f8 chain 1 (2->3): drawn with the squeeze rule suspended (SCPD_SQUEEZE_RECOVER)
[final]    29.22s    [Coupler Insertion] edge f8 chain 1 (2->3): 381 cells, angle 0, routed again
[final]    29.23s    fence for edge c1-3to4: 2 ways (2 neighbours), 25515 cells closed
[final]    29.23s    edge c1-3to4: 24 cells of its slots (26 and 26 cells) were closed and are open again
[final]    29.23s    [Coupler Insertion] edge f9 chain 1 (3->4): 274 cells, angle 2, routed again
[final]    29.24s    fence for edge c1-4to5: 4 ways (1 neighbours), 47311 cells closed
[final]    29.24s    edge c1-4to5: 24 cells of its slots (26 and 20 cells) were closed and are open again
[final]    29.25s    [Coupler Insertion] edge f10 chain 1 (4->5): 278 cells, angle 6, routed again
[final]    29.25s    fence for edge c2-0to1: 1 ways (1 neighbours), 4333 cells closed
[final]    29.25s    [Coupler Insertion] edge f11 chain 2 (0->1): 72 cells, angle 2, as the greedy chose it
[final]    29.25s    fence for edge c2-1to2: 2 ways (2 neighbours), 20548 cells closed
[final]    29.26s    edge c2-1to2: 48 cells of its slots (26 and 26 cells) were closed and are open again
[final]    29.26s    [Coupler Insertion] edge f12 chain 2 (1->2): 81 cells, angle 4, as the greedy chose it
[final]    29.26s    fence for edge c2-2to3: 2 ways (2 neighbours), 14512 cells closed
[final]    29.26s    [Coupler Insertion] edge f13 chain 2 (2->3): 390 cells, angle 4, as the greedy chose it
[final]    29.26s    fence for edge c2-3to4: 3 ways (2 neighbours), 32520 cells closed
[final]    29.26s    edge c2-3to4: 24 cells of its slots (26 and 26 cells) were closed and are open again
[final]    29.26s    [Coupler Insertion] edge f14 chain 2 (3->4): 223 cells, angle 4, as the greedy chose it
[final]    29.27s    fence for edge c2-4to5: 4 ways (1 neighbours), 35060 cells closed
[final]    29.27s    edge c2-4to5: 24 cells of its slots (26 and 20 cells) were closed and are open again
[final]    29.27s    [Coupler Insertion] edge f15 chain 2 (4->5): 237 cells, angle 2, as the greedy chose it
[final]    29.27s    fence for edge c3-0to1: 1 ways (1 neighbours), 11191 cells closed
[final]    29.27s    edge c3-0to1: 16 cells of its slots (20 and 26 cells) were closed and are open again
[final]    29.27s    [Coupler Insertion] edge f16 chain 3 (0->1): 244 cells, angle 1, as the greedy chose it
[final]    29.27s    fence for edge c3-1to2: 2 ways (2 neighbours), 27157 cells closed
[final]    29.27s    edge c3-1to2: 24 cells of its slots (26 and 26 cells) were closed and are open again
[final]    29.27s    [Coupler Insertion] edge f17 chain 3 (1->2): 259 cells, angle 0, as the greedy chose it
[final]    29.28s    fence for edge c3-2to3: 2 ways (2 neighbours), 23845 cells closed
[final]    29.28s    edge c3-2to3: 24 cells of its slots (26 and 20 cells) were closed and are open again
[final]    29.28s    [Coupler Insertion] edge f18 chain 3 (2->3): 325 cells, angle 5, as the greedy chose it
[final]    29.28s    fence for edge c3-3to4: 3 ways (1 neighbours), 38348 cells closed
[final]    29.28s    edge c3-3to4: 16 cells of its slots (20 and 20 cells) were closed and are open again
[final]    29.28s    [Coupler Insertion] edge f19 chain 3 (3->4): 238 cells, angle 1, as the greedy chose it
[final]    29.28s    [Coupler Insertion] Coupler for '1 -> Qb15.port0' inserted at (1028, 1336) with angle 0°, resonator leaves on 270° (axial), search starts on 0°, offset 0 of the nearest launcher, resonator port 1 at (1038,1334), guarded 53, 2417 units of way + 113 to the port = 2530, target 3000
[final]    29.28s    [Coupler Insertion] Coupler for '5 -> Qb14.port0' inserted at (1138, 1093) with angle 315°, resonator leaves on 225° (diagonal), search starts on 315°, offset 5 of the nearest launcher, resonator port 1 at (1147,1098), guarded 82, 3000 units of way + 113 to the port = 3113, target 3000
[final]    29.28s    [Coupler Insertion] Coupler for '10 -> Coupler13_17.port1' inserted at (1329, 823) with angle 90°, resonator leaves on 0° (axial), search starts on 90°, offset 0 of the nearest launcher, resonator port 1 at (1327,813), guarded 4, 2822 units of way + 203 to the port = 3024, target 3000
[final]    29.28s    [Coupler Insertion] Coupler for '11 -> Qb17.port0' inserted at (1336, 729) with angle 90°, resonator leaves on 0° (axial), search starts on 90°, offset 0 of the nearest launcher, resonator port 1 at (1334,719), guarded 45, 2544 units of way + 112 to the port = 2656, target 3000
[final]    29.28s    [Coupler Insertion] Coupler for '15 -> Qb16.port0' inserted at (1336, 427) with angle 90°, resonator leaves on 0° (axial), search starts on 90°, offset 0 of the nearest launcher, resonator port 1 at (1334,417), guarded 46, 2496 units of way + 112 to the port = 2608, target 3000
[final]    29.28s    [Coupler Insertion] Coupler for '18 -> Qb12.port0' inserted at (1183, 262) with angle 180°, resonator leaves on 90° (axial), search starts on 180°, offset 2 of the nearest launcher, resonator port 1 at (1173,264), guarded 3, 2916 units of way + 112 to the port = 3029, target 3000
[final]    29.28s    [Coupler Insertion] Coupler for '20 -> Coupler8_12.port1' inserted at (1063, 303) with angle 45°, resonator leaves on 315° (diagonal), search starts on 45°, offset 5 of the nearest launcher, resonator port 1 at (1068,294), guarded 117, 2866 units of way + 206 to the port = 3073, target 3000
[final]    29.28s    [Coupler Insertion] Coupler for '23 -> Qb8.port0' inserted at (892, 211) with angle 180°, resonator leaves on 90° (axial), search starts on 180°, offset 0 of the nearest launcher, resonator port 1 at (882,213), guarded 1, 2941 units of way + 113 to the port = 3054, target 3000
[final]    29.28s    [Coupler Insertion] Coupler for '26 -> Qb7.port0' inserted at (722, 88) with angle 180°, resonator leaves on 90° (axial), search starts on 180°, offset 0 of the nearest launcher, resonator port 1 at (712,90), guarded 47, 2478 units of way + 112 to the port = 2590, target 3000
[final]    29.28s    [Coupler Insertion] Coupler for '30 -> Qb3.port0' inserted at (322, 88) with angle 180°, resonator leaves on 90° (axial), search starts on 270°, offset 0 of the nearest launcher, resonator port 1 at (312,90), guarded 141, 2571 units of way + 105 to the port = 2676, target 3000
[final]    29.28s    [Coupler Insertion] Coupler for '34 -> Qb4.port0' inserted at (225, 341) with angle 270°, resonator leaves on 180° (axial), search starts on 270°, offset 0 of the nearest launcher, resonator port 1 at (227,351), guarded 2, 2928 units of way + 111 to the port = 3039, target 3000
[final]    29.28s    [Coupler Insertion] Coupler for '39 -> Coupler1_5.port1' inserted at (122, 641) with angle 0°, resonator leaves on 270° (axial), search starts on 0°, offset 2 of the nearest launcher, resonator port 1 at (132,639), guarded 18, 2687 units of way + 201 to the port = 2888, target 3000
[final]    29.28s    [Coupler Insertion] Coupler for '40 -> Qb1.port0' inserted at (122, 667) with angle 180°, resonator leaves on 270° (axial), search starts on 180°, offset 6 of the nearest launcher, resonator port 2 at (132,669), guarded 69, 2264 units of way + 114 to the port = 2378, target 3000
[final]    29.28s    [Coupler Insertion] Coupler for '44 -> Qb2.port0' inserted at (90, 1030) with angle 270°, resonator leaves on 180° (axial), search starts on 270°, offset 0 of the nearest launcher, resonator port 1 at (92,1040), guarded 68, 2271 units of way + 110 to the port = 2381, target 3000
[final]    29.28s    [Coupler Insertion] Coupler for '47 -> Qb6.port0' inserted at (255, 1125) with angle 270°, resonator leaves on 180° (axial), search starts on 270°, offset 0 of the nearest launcher, resonator port 1 at (257,1135), guarded 5, 2943 units of way + 104 to the port = 3047, target 3000
[final]    29.28s    [Coupler Insertion] Coupler for '52 -> Qb10.port0' inserted at (493, 1192) with angle 315°, resonator leaves on 225° (diagonal), search starts on 315°, offset 7 of the nearest launcher, resonator port 1 at (502,1197), guarded 13, 2989 units of way + 111 to the port = 3100, target 3000
[final]    29.28s    [Coupler Insertion] Coupler for '55 -> Qb11.port0' inserted at (750, 1336) with angle 0°, resonator leaves on 270° (axial), search starts on 0°, offset 0 of the nearest launcher, resonator port 1 at (760,1334), guarded 94, 2024 units of way + 104 to the port = 2127, target 3000
[final]    29.29s  coupler insertion: CHECK feedline room — 0 feedline/lead pairs closer than the rule; the check is GREEN
[final]    29.29s  coupler insertion: CHECK coupler bodies — of 17 couplers against the box x 81..1343 y 81..1343 at a margin of 5: 0 body outside (worst 0, tightest 6 off, '1' at (1018,1337)); 1 run outside (worst 1, tightest 4 off, '40' at (85,665)): '40' by 1 cell at (85,665); 0 lead outside (worst 0, tightest 9 off, '1' at (1038,1334)); 0 turn outside (worst 0, tightest 34 off, '1' at (1043,1309))
[final]    29.29s  coupler insertion: CHECK coupler crossings — 0 pairs of edges meeting at a coupler cross; the check is GREEN
[final]    29.30s  coupler insertion: CHECK resonator crossings — 0 feedlines cross a resonator; the check is GREEN
[final]    29.30s  coupler insertion: CHECK feedline crossings — 0 pairs of edges of different chains cross; the check is GREEN
[final]    29.30s    [Coupler Insertion] room R1 chain 0 edge 1->2 (f1): 0 plain wires must cross it (-); its straights carry 0 lanes over 3 runs of 19 1 5 cells (pitch 20, margin 10; 3 at margin 0) — room enough
[final]    29.30s    [Coupler Insertion] room R1 chain 0 edge 2->3 (f2): 3 plain wires must cross it (12 13 14); its straights carry 11 lanes over 1 run of 231 cells (pitch 20, margin 10; 12 at margin 0) — room enough
[final]    29.30s    [Coupler Insertion] room R1 chain 0 edge 3->4 (f3): 2 plain wires must cross it (16 17); its straights carry 5 lanes over 3 runs of 10 1 120 cells (pitch 20, margin 10; 8 at margin 0) — room enough
[final]    29.30s    [Coupler Insertion] room R1 chain 0 edge 4->5 (f4): 1 plain wire must cross it (19); its straights carry 3 lanes over 6 runs of 10 1 73 1 19 1 cells (pitch 20, margin 10; 9 at margin 0) — room enough
[final]    29.30s    [Coupler Insertion] room R1 chain 1 edge 1->2 (f7): 2 plain wires must cross it (24 25); its straights carry 4 lanes over 6 runs of 1 1 1 19 1 99 cells (pitch 20, margin 10; 10 at margin 0) — room enough
[final]    29.30s    [Coupler Insertion] room R1 chain 1 edge 2->3 (f8): 3 plain wires must cross it (27 28 29); its straights carry 16 lanes over 1 run of 329 cells (pitch 20, margin 10; 17 at margin 0) — room enough
[final]    29.30s    [Coupler Insertion] room R1 chain 1 edge 3->4 (f9): 3 plain wires must cross it (31 32 33); its straights carry 10 lanes over 4 runs of 1 63 1 154 cells (pitch 20, margin 10; 14 at margin 0) — room enough
[final]    29.30s    [Coupler Insertion] room R1 chain 2 edge 1->2 (f12): 0 plain wires must cross it (-); its straights carry 0 lanes over 7 runs of 1 1 1 1 16 1 1 cells (pitch 20, margin 10; 7 at margin 0) — room enough
[final]    29.30s    [Coupler Insertion] room R1 chain 2 edge 2->3 (f13): 3 plain wires must cross it (41 42 43); its straights carry 16 lanes over 7 runs of 1 1 1 1 326 1 1 cells (pitch 20, margin 10; 23 at margin 0) — room enough
[final]    29.30s    [Coupler Insertion] room R1 chain 2 edge 3->4 (f14): 2 plain wires must cross it (45 46); its straights carry 7 lanes over 7 runs of 1 23 1 137 1 1 1 cells (pitch 20, margin 10; 14 at margin 0) — room enough
[final]    29.30s    [Coupler Insertion] room R1 chain 3 edge 0->1 (f16): 2 plain wires must cross it (53 54); its straights carry 8 lanes over 3 runs of 116 1 79 cells (pitch 20, margin 10; 11 at margin 0) — room enough
[final]    29.30s    [Coupler Insertion] room R1 chain 3 edge 1->2 (f17): 3 plain wires must cross it (56 57 0); its straights carry 10 lanes over 1 run of 207 cells (pitch 20, margin 10; 11 at margin 0) — room enough
[final]    29.30s    [Coupler Insertion] room R1 chain 3 edge 2->3 (f18): 3 plain wires must cross it (2 3 4); its straights carry 12 lanes over 9 runs of 1 41 1 220 1 1 1 1 4 cells (pitch 20, margin 10; 21 at margin 0) — room enough
[final]    29.30s    [Coupler Insertion] room R2 chain 3 coupler '1' option 0: the arms of f17 and f18 do not come closer than at the pad (64.0 cells, other sides) — silent
[final]    29.30s    [Coupler Insertion] room R2 chain 3 coupler '5' option 27: channel between f18 and f19 narrows to 54.0 cells at (1105,1118), 60 cells past the pad (from 62.9 at the pad), same side; 1 wire in it (4), 1 running along it (4); need 40 — room enough; along-runners alone need 40 — room enough
[final]    29.30s    [Coupler Insertion] room R2 chain 0 coupler '10' option 0: channel between f0 and f1 narrows to 32.8 cells at (1363,798), 79 cells past the pad (from 63.0 at the pad), same side; 0 wires in it (-), 0 running along it (-); need 20 — room enough; along-runners alone need 20 — room enough
[final]    29.30s    [Coupler Insertion] room R2 chain 0 coupler '11' option 0: the arms of f1 and f2 do not come closer than at the pad (64.0 cells, other sides) — silent
[final]    29.30s    [Coupler Insertion] room R2 chain 0 coupler '15' option 0: the arms of f2 and f3 do not come closer than at the pad (64.0 cells, other sides) — silent
[final]    29.30s    [Coupler Insertion] room R2 chain 0 coupler '18' option 12: the arms of f3 and f4 do not come closer than at the pad (64.0 cells, same side) — silent
[final]    29.30s    [Coupler Insertion] room R2 chain 0 coupler '20' option 27: channel between f4 and f5 narrows to 19.8 cells at (1102,296), 70 cells past the pad (from 65.1 at the pad), same side; 1 wire in it (19), 1 running along it (19); need 40 — R2 would refuse; along-runners alone need 40 — would refuse
[final]    29.30s    [Coupler Insertion] room R2 chain 1 coupler '23' option 0: the arms of f6 and f7 do not come closer than at the pad (64.0 cells, same side) — silent
[final]    29.30s    [Coupler Insertion] room R2 chain 1 coupler '26' option 0: the arms of f7 and f8 do not come closer than at the pad (64.0 cells, other sides) — silent
[final]    29.30s    [Coupler Insertion] room R2 chain 1 coupler '30' option 0: the arms of f8 and f9 do not come closer than at the pad (64.0 cells, other sides) — silent
[final]    29.30s    [Coupler Insertion] room R2 chain 1 coupler '34' option 0: channel between f9 and f10 narrows to 53.7 cells at (223,309), 0 cells past the pad (from 64.0 at the pad), same side; 1 wire in it (33), 0 running along it (-); need 40 — room enough; along-runners alone need 20 — room enough
[final]    29.30s    [Coupler Insertion] room R2 chain 2 coupler '39' option 12: channel between f11 and f12 narrows to 47.0 cells at (90,644), 0 cells past the pad (from 64.0 at the pad), same side; 0 wires in it (-), 0 running along it (-); need 20 — room enough; along-runners alone need 20 — room enough
[final]    29.30s    [Coupler Insertion] room R2 chain 2 coupler '40' option 33: channel between f12 and f13 narrows to 47.4 cells at (132,643), 58 cells past the pad (from 64.0 at the pad), other sides; 0 wires in it (-), 0 running along it (-); need 20 — room enough; along-runners alone need 20 — room enough
[final]    29.30s    [Coupler Insertion] room R2 chain 2 coupler '44' option 0: the arms of f13 and f14 do not come closer than at the pad (64.0 cells, other sides) — silent
[final]    29.30s    [Coupler Insertion] room R2 chain 2 coupler '47' option 0: the arms of f14 and f15 do not come closer than at the pad (63.0 cells, same side) — silent
[final]    29.30s    [Coupler Insertion] room R2 chain 3 coupler '55' option 0: the arms of f16 and f17 do not come closer than at the pad (64.0 cells, same side) — silent
[final]    29.30s    [Coupler Insertion] room R3 chain 3 coupler '1' option 0: no plain wire within 19 cells of its pad or lead; no plain wire within 19 cells of its run
[final]    29.30s    [Coupler Insertion] room R3 chain 3 coupler '5' option 27: plain wire 4 lies 14.1 cells from its pad at (1132,1089) — R3 would refuse at a reach of 15 or more; plain wire 4 lies 12.7 cells from its run at (1131,1090)
[final]    29.30s    [Coupler Insertion] room R3 chain 0 coupler '10' option 0: no plain wire within 19 cells of its pad or lead; no plain wire within 19 cells of its run
[final]    29.30s    [Coupler Insertion] room R3 chain 0 coupler '11' option 0: no plain wire within 19 cells of its pad or lead; no plain wire within 19 cells of its run
[final]    29.30s    [Coupler Insertion] room R3 chain 0 coupler '15' option 0: no plain wire within 19 cells of its pad or lead; no plain wire within 19 cells of its run
[final]    29.30s    [Coupler Insertion] room R3 chain 0 coupler '18' option 12: no plain wire within 19 cells of its pad or lead; no plain wire within 19 cells of its run
[final]    29.30s    [Coupler Insertion] room R3 chain 0 coupler '20' option 27: plain wire 19 lies 7.0 cells from its pad at (1057,311) — R3 would refuse at a reach of 7 or more; plain wire 19 lies 1.4 cells from its run at (1052,318)
[final]    29.30s    [Coupler Insertion] room R3 chain 1 coupler '23' option 0: no plain wire within 19 cells of its pad or lead; no plain wire within 19 cells of its run
[final]    29.30s    [Coupler Insertion] room R3 chain 1 coupler '26' option 0: no plain wire within 19 cells of its pad or lead; no plain wire within 19 cells of its run
[final]    29.30s    [Coupler Insertion] room R3 chain 1 coupler '30' option 0: plain wire 31 lies 11.3 cells from its pad at (312,87) — R3 would refuse at a reach of 12 or more; plain wire 31 lies 2.8 cells from its run at (301,86)
[final]    29.30s    [Coupler Insertion] room R3 chain 1 coupler '34' option 0: no plain wire within 19 cells of its pad or lead; no plain wire within 19 cells of its run
[final]    29.30s    [Coupler Insertion] room R3 chain 2 coupler '39' option 12: no plain wire within 19 cells of its pad or lead; no plain wire within 19 cells of its run
[final]    29.30s    [Coupler Insertion] room R3 chain 2 coupler '40' option 33: no plain wire within 19 cells of its pad or lead; no plain wire within 19 cells of its run
[final]    29.30s    [Coupler Insertion] room R3 chain 2 coupler '44' option 0: no plain wire within 19 cells of its pad or lead; no plain wire within 19 cells of its run
[final]    29.31s    [Coupler Insertion] room R3 chain 2 coupler '47' option 0: no plain wire within 19 cells of its pad or lead; plain wire 46 lies 17.0 cells from its run at (253,1104)
[final]    29.31s    [Coupler Insertion] room R3 chain 3 coupler '52' option 39: no plain wire within 19 cells of its pad or lead; plain wire 51 lies 11.0 cells from its run at (473,1176)
[final]    29.31s    [Coupler Insertion] room R3 chain 3 coupler '55' option 0: no plain wire within 19 cells of its pad or lead; no plain wire within 19 cells of its run
[final]    29.31s  coupler insertion: CHECK chain channels — 0 of 3 channels between chains tighter than (m+1)·pitch, 1 of 16 coupler channels tighter
[final]    29.31s    [Coupler Insertion] squeeze chain 1 edge 2->3 (f8): squeezed at (376,86): 1 wire (29) in 33 cells to the artwork, need 39 (19 + 1 x 20), short by 6, the line ends at (376,119)
[final]    29.31s  coupler insertion: SQUEEZE — 1 of 20 edges leave too little room beside them for the wires that have to pass (pitch 20, clearance 19, step 5, reach 300); 477 ways refused in the searches for it (SCPD_SQUEEZE_REJECT on), 1 edge drawn with the rule suspended: f8 (squeezed at (376,86): 1 wire (29) in 33 cells to the artwork, need 39 (19 + 1 x 20))
[final]    29.31s  coupler insertion: 17 couplers on 17 resonators (3 on a diagonal), 4 chains, 20 of 20 edges drawn, feedline angle cost 53, 3 chains settled, 1326 of 2383 option costs from the memo, 18.8s
[final]    29.31s  coupler insertion: lead 19 cells straight, 5 of margin, cut at 1.00 of the target length; 17 of 17 resonators keep a way with a corner no primitive makes, 33 corners in all
[final]    29.31s  coupler insertion: the layer graph took 2750 bounds in 1.7 ms (0.626 us each), bound analytic
[final]    29.31s  coupler insertion: the step budget cut off 0 edge searches (SCPD_CHAIN_STEP_BUDGET)
[final]    29.31s  coupler insertion: room rules — R1 refused 0/0 edges, R2 refused 0/0 channels, R3 refused 0 places (0 couplers built without it, 0 moved > 100 units); stood down on chains R2[] R1[] R3[]; committed: 0 edges below capacity, 1 of 16 coupler channels tighter than (m+1)·pitch (1 by along-runners), 0 of 3 channels between chains, couplers with a plain wire within 0/5/10/19 cells: 0/0/1/3
[final]    29.31s  ==> coupler insertion: 0 feedline edges NOT drawn, feedline angle cost 53, 18.8s
[final]    29.31s  feedline routing: CHECK bridges — 0 wires whose bridged edge differs from the insertion's count; the check is GREEN
[final]    29.31s  feedline routing: 0 of 65 wires start on the way the Detail stage drew
[final]    29.31s  feedline routing settings: a resonator runs the rule's straight again after its lead no (default), fixed places fenced yes (default), crossing rule on (default), the exit heading tested no (default), a way that misses the wire's bridge refused yes (default), lane polygon priced yes (default), the terminal edges' coupler runs guarded yes (default) by 5 cells more (default)
[final]    29.31s  the ring the feedline pass sweeps: 0 1(r) 2 3 4 5(r) f19[L] 6 7 8 9 f0[F] 10(r) 11(r) 12 13 14 15(r) 16 17 18(r) 19 20(r) f5[L] 21 22 f6[F] 23(r) 24 25 26(r) 27 28 29 30(r) 31 32 33 34(r) f10[L] 35 36 37 38 f11[F] 39(r) 40(r) 41 42 43 44(r) 45 46 47(r) f15[L] 48 49 50 51 52(r) 53 54 55(r) 56 57
[final]    29.31s  feedline routing: 65 wires, up to 6 rounds, 8 relaxations each way
[final]    29.32s    wire 0 · round 0 forward · normal: found 127 cells
[final]    29.33s    wire 1 · round 0 forward · normal: found 225 cells · long enough: 222 of 289 cells
[final]    29.35s    wire 2 · round 0 forward · normal: found 307 cells
[final]    29.37s    wire 3 · round 0 forward · normal: found 359 cells
[final]    29.64s    wire 4 · round 0 forward · normal: no way, relaxing · in the way: the neighbours, the crossing rule
[final]    29.64s        lane 4 · after is a resonator: +2 prepended reversed; before 359, after 480, own 403 cells
[final]    29.67s    wire 4 · relax 1: let go of 5, fence f19, 3, 6, 2, 7, 1 · no way
[final]    29.67s        lane 4 · after is a resonator: +2 prepended reversed; before 359, after 480, own 403 cells
[final]    29.72s    wire 4 · round 0 forward · relax 2: found 511 cells that do not cross its bridge f18 — refused as no way
[final]    29.72s    wire 4 · relax 2: let go of f19, fence 6, 3, 7, 2, 8, 1 · no way
[final]    29.73s        lane 4 · after is a resonator: +2 prepended reversed; before 359, after 480, own 403 cells
[final]    29.79s    wire 4 · round 0 forward · relax 3: found 508 cells that do not cross its bridge f18 — refused as no way
[final]    29.79s    wire 4 · relax 3: let go of 6, fence 7, 3, 8, 2, 9, 1 · no way
[final]    29.80s        lane 4 · after is a resonator: +2 prepended reversed; before 359, after 480, own 403 cells
[final]    29.86s    wire 4 · round 0 forward · relax 4: found 508 cells that do not cross its bridge f18 — refused as no way
[final]    29.86s    wire 4 · relax 4: let go of 7, fence 8, 3, 9, 2, f0, 1 · no way
[final]    29.87s        lane 4 · after is a resonator: +2 prepended reversed; before 359, after 480, own 403 cells
[final]    29.93s    wire 4 · round 0 forward · relax 5: found 508 cells that do not cross its bridge f18 — refused as no way
[final]    29.93s    wire 4 · relax 5: let go of 8, fence 9, 3, f0, 2, 10, 1 · no way
[final]    29.94s        lane 4 · after is a resonator: +2 prepended reversed; before 359, after 480, own 403 cells
[final]    30.00s    wire 4 · round 0 forward · relax 6: found 508 cells that do not cross its bridge f18 — refused as no way
[final]    30.00s    wire 4 · relax 6: let go of 9, fence f0, 3, 10, 2, 11, 1 · no way
[final]    30.01s        lane 4 · after is a resonator: +2 prepended reversed; before 359, after 480, own 403 cells
[final]    30.08s    wire 4 · round 0 forward · relax 7: found 508 cells that do not cross its bridge f18 — refused as no way
[final]    30.08s    wire 4 · relax 7: let go of f0, fence 10, 3, 11, 2, 12, 1 · no way
[final]    30.08s        lane 4 · after is a resonator: +2 prepended reversed; before 359, after 480, own 403 cells
[final]    30.15s    wire 4 · round 0 forward · relax 8: found 508 cells that do not cross its bridge f18 — refused as no way
[final]    30.15s    wire 4 · relax 8: let go of 10, fence 11, 3, 12, 2, 13, 1 · no way
[final]    30.15s    wire 4 · round 0 forward: no way after 8 relaxations; 5, f19, 6, 7, 8, 9, f0, 10 back as they were
[final]    30.16s    wire 5 · round 0 forward · normal: found 224 cells · long enough: 288 of 289 cells
[final]    30.16s    wire f19 · round 0 forward · normal: found 238 cells
[final]    30.17s    wire 6 · round 0 forward · normal: found 404 cells
[final]    30.18s    wire 7 · round 0 forward · normal: found 369 cells
[final]    30.20s    wire 8 · round 0 forward · normal: found 379 cells
[final]    30.20s    wire 9 · round 0 forward · normal: found 298 cells
[final]    30.21s    wire f0 · round 0 forward · normal: found 157 cells
[final]    30.22s    wire 10 · round 0 forward · normal: found 249 cells · long enough: 263 of 281 cells
[final]    30.23s    wire 11 · round 0 forward · normal: found 222 cells · long enough: 258 of 290 cells
[final]    30.24s    wire 12 · round 0 forward · normal: found 121 cells
[final]    30.26s    wire 13 · round 0 forward · normal: found 140 cells
[final]    30.27s    wire 14 · round 0 forward · normal: found 189 cells
[final]    30.42s    wire 15 · round 0 forward · normal: found 131 cells · no room for a meander: 141 of 290 cells, 64460 placements tried over 110 straight cells less 25 reserved, widest span 88 of the 35 a loop needs — 40840 the two ends do not face each other, 17452 no pair far enough apart for the legs, 3672 a cell of the loop is closed, 2496 no room beside the way for the loop, relaxing · in the way: the neighbours, the feedlines, the crossing rule, the coupler bodies
[final]    30.43s        lane 15 · resonator between two plain wires: both cut to its own span, 467 -> 244 cells; before 79, after 165, own 263 cells
[final]    30.54s    wire 15 · relax 1: let go of 16, fence 17, 14, 18, 13, 19, 12 · found 306 cells · meander: 141 → 290 cells for 290
[final]    30.76s    wire 16 · round 0 forward · normal: no way, relaxing · in the way: the neighbours
[final]    30.77s        lane 16 · before is a resonator: -2 prepended cut; before 359, after 363, own 278 cells
[final]    30.80s    wire 16 · relax 1: let go of 17, fence 18, 15, 19, 14, 20, 13 · found 299 cells
[final]    30.82s    wire 17 · round 0 forward · normal: found 356 cells
[final]    30.83s    wire 18 · round 0 forward · normal: found 229 cells · long enough: 287 of 290 cells
[final]    30.96s    wire 19 · round 0 forward · normal: no way, relaxing · in the way: the neighbours, the feedlines, the crossing rule
[final]    30.97s        lane 19 · after is a resonator: +2 prepended reversed; before is a resonator: -2 prepended cut; before 414, after 467, own 457 cells
[final]    30.98s    wire 19 · relax 1: let go of 20, fence f5, 18, 21, 17, 22, 16 · no way
[final]    30.99s        lane 19 · after is a resonator: +2 prepended reversed; before is a resonator: -2 prepended cut; before 414, after 467, own 457 cells
[final]    31.02s    wire 19 · relax 2: let go of f5, fence 21, 18, 22, 17, f6, 16 · found 433 cells
[final]    31.03s    wire 20 · round 0 forward · normal: found 208 cells · long enough: 281 of 280 cells
[final]    31.04s    wire f5 · round 0 forward · normal: found 259 cells
[final]    31.05s    wire 21 · round 0 forward · normal: found 376 cells
[final]    31.06s    wire 22 · round 0 forward · normal: found 410 cells
[final]    31.07s    wire f6 · round 0 forward · normal: found 192 cells
[final]    31.08s    wire 23 · round 0 forward · normal: found 246 cells · long enough: 294 of 290 cells
[final]    31.10s    wire 24 · round 0 forward · normal: found 287 cells
[final]    31.11s    wire 25 · round 0 forward · normal: found 274 cells
[final]    31.19s    wire 26 · round 0 forward · normal: found 130 cells · no room for a meander: 134 of 290 cells, 35282 placements tried over 97 straight cells less 25 reserved, widest span 83 of the 35 a loop needs — 20911 the two ends do not face each other, 11659 no pair far enough apart for the legs, 2052 a cell of the loop is closed, 660 no room beside the way for the loop, relaxing · in the way: the neighbours, the feedlines, the crossing rule, the coupler bodies
[final]    31.20s        lane 26 · resonator between two plain wires: both cut to its own span, 385 -> 232 cells; before 136, after 96, own 259 cells
[final]    31.25s    wire 26 · relax 1: let go of 27, fence 28, 25, 29, 24, 30, 23 · found 130 cells · no room for a meander: 134 of 290 cells, 35282 placements tried over 97 straight cells less 25 reserved, widest span 83 of the 35 a loop needs — 20911 the two ends do not face each other, 11659 no pair far enough apart for the legs, 2052 a cell of the loop is closed, 660 no room beside the way for the loop
[final]    31.25s        lane 26 · resonator between two plain wires: both cut to its own span, 385 -> 232 cells; before 136, after 96, own 259 cells
[final]    31.30s    wire 26 · relax 2: let go of 28, fence 29, 25, 30, 24, 31, 23 · found 130 cells · no room for a meander: 134 of 290 cells, 35282 placements tried over 97 straight cells less 25 reserved, widest span 83 of the 35 a loop needs — 20911 the two ends do not face each other, 11659 no pair far enough apart for the legs, 2052 a cell of the loop is closed, 660 no room beside the way for the loop
[final]    31.30s        lane 26 · resonator between two plain wires: both cut to its own span, 385 -> 232 cells; before 136, after 96, own 259 cells
[final]    31.35s    wire 26 · relax 3: let go of 29, fence 30, 25, 31, 24, 32, 23 · found 130 cells · no room for a meander: 134 of 290 cells, 35282 placements tried over 97 straight cells less 25 reserved, widest span 83 of the 35 a loop needs — 20911 the two ends do not face each other, 11659 no pair far enough apart for the legs, 2052 a cell of the loop is closed, 660 no room beside the way for the loop
[final]    31.36s        lane 26 · resonator between two plain wires: both cut to its own span, 385 -> 232 cells; before 136, after 96, own 259 cells
[final]    31.40s    wire 26 · relax 4: let go of 30, fence 31, 25, 32, 24, 33, 23 · found 130 cells · no room for a meander: 134 of 290 cells, 35282 placements tried over 97 straight cells less 25 reserved, widest span 83 of the 35 a loop needs — 20911 the two ends do not face each other, 11659 no pair far enough apart for the legs, 2052 a cell of the loop is closed, 660 no room beside the way for the loop
[final]    31.41s        lane 26 · resonator between two plain wires: both cut to its own span, 385 -> 232 cells; before 136, after 96, own 259 cells
[final]    31.45s    wire 26 · relax 5: let go of 31, fence 32, 25, 33, 24, 34, 23 · found 130 cells · no room for a meander: 134 of 290 cells, 35282 placements tried over 97 straight cells less 25 reserved, widest span 83 of the 35 a loop needs — 20911 the two ends do not face each other, 11659 no pair far enough apart for the legs, 2052 a cell of the loop is closed, 660 no room beside the way for the loop
[final]    31.46s        lane 26 · resonator between two plain wires: both cut to its own span, 385 -> 232 cells; before 136, after 96, own 259 cells
[final]    31.50s    wire 26 · relax 6: let go of 32, fence 33, 25, 34, 24, f10, 23 · found 130 cells · no room for a meander: 134 of 290 cells, 35282 placements tried over 97 straight cells less 25 reserved, widest span 83 of the 35 a loop needs — 20911 the two ends do not face each other, 11659 no pair far enough apart for the legs, 2052 a cell of the loop is closed, 660 no room beside the way for the loop
[final]    31.51s        lane 26 · resonator between two plain wires: both cut to its own span, 385 -> 232 cells; before 136, after 96, own 259 cells
[final]    31.56s    wire 26 · relax 7: let go of 33, fence 34, 25, f10, 24, 35, 23 · found 130 cells · no room for a meander: 134 of 290 cells, 35282 placements tried over 97 straight cells less 25 reserved, widest span 83 of the 35 a loop needs — 20911 the two ends do not face each other, 11659 no pair far enough apart for the legs, 2052 a cell of the loop is closed, 660 no room beside the way for the loop
[final]    31.56s        lane 26 · resonator between two plain wires: both cut to its own span, 385 -> 232 cells; before 136, after 96, own 259 cells
[final]    31.61s    wire 26 · relax 8: let go of 34, fence f10, 25, 35, 24, 36, 23 · found 130 cells · no room for a meander: 134 of 290 cells, 35282 placements tried over 97 straight cells less 25 reserved, widest span 83 of the 35 a loop needs — 20911 the two ends do not face each other, 11659 no pair far enough apart for the legs, 2052 a cell of the loop is closed, 660 no room beside the way for the loop
[final]    31.61s    wire 26 · round 0 forward: no way after 8 relaxations; 27, 28, 29, 30, 31, 32, 33, 34 back as they were; keeps a way too short for its meander
[final]    31.62s    wire 27 · round 0 forward · normal: found 112 cells
[final]    31.63s    wire 28 · round 0 forward · normal: found 131 cells
[final]    31.65s    wire 29 · round 0 forward · normal: found 181 cells
[final]    31.66s    wire 30 · round 0 forward · normal: found 251 cells · long enough: 265 of 290 cells
[final]    31.86s    wire 31 · round 0 forward · normal: no way, relaxing · in the way: the neighbours, the crossing rule
[final]    31.87s        lane 31 · before is a resonator: -2 prepended cut; before 425, after 354, own 354 cells
[final]    31.88s    wire 31 · relax 1: let go of 32, fence 33, 30, 34, 29, f10, 28 · found 376 cells
[final]    31.93s    wire 32 · round 0 forward · normal: no way, relaxing · in the way: the neighbours
[final]    31.93s    wire 32 · relax 1: let go of 33, fence 34, 31, f10, 30, 35, 29 · no way
[final]    31.94s    wire 32 · relax 2: let go of 34, fence f10, 31, 35, 30, 36, 29 · no way
[final]    31.94s    wire 32 · relax 3: let go of f10, fence 35, 31, 36, 30, 37, 29 · no way
[final]    31.95s    wire 32 · relax 4: let go of 35, fence 36, 31, 37, 30, 38, 29 · no way
[final]    31.96s    wire 32 · relax 5: let go of 36, fence 37, 31, 38, 30, f11, 29 · no way
[final]    31.96s    wire 32 · relax 6: let go of 37, fence 38, 31, f11, 30, 39, 29 · no way
[final]    31.97s    wire 32 · relax 7: let go of 38, fence f11, 31, 39, 30, 40, 29 · no way
[final]    31.98s    wire 32 · relax 8: let go of f11, fence 39, 31, 40, 30, 41, 29 · no way
[final]    31.98s    wire 32 · round 0 forward: no way after 8 relaxations; 33, 34, f10, 35, 36, 37, 38, f11 back as they were
[final]    32.01s    wire 33 · round 0 forward · normal: found 416 cells
[final]    32.02s    wire 34 · round 0 forward · normal: found 226 cells · long enough: 279 of 290 cells
[final]    32.03s    wire f10 · round 0 forward · normal: found 278 cells
[final]    32.04s    wire 35 · round 0 forward · normal: found 408 cells
[final]    32.05s    wire 36 · round 0 forward · normal: found 370 cells
[final]    32.06s    wire 37 · round 0 forward · normal: found 379 cells
[final]    32.06s    wire 38 · round 0 forward · normal: found 296 cells
[final]    32.07s    wire f11 · round 0 forward · normal: found 72 cells
[final]    32.08s    wire 39 · round 0 forward · normal: found 232 cells · long enough: 246 of 281 cells
[final]    32.09s    wire 40 · round 0 forward · normal: found 213 cells · long enough: 232 of 289 cells
[final]    32.10s    wire 41 · round 0 forward · normal: found 121 cells
[final]    32.12s    wire 42 · round 0 forward · normal: found 137 cells
[final]    32.13s    wire 43 · round 0 forward · normal: found 131 cells
[final]    32.27s    wire 44 · round 0 forward · normal: found 130 cells · no room for a meander: 153 of 290 cells, 106356 placements tried over 109 straight cells less 25 reserved, widest span 87 of the 35 a loop needs — 80188 the two ends do not face each other, 20414 no pair far enough apart for the legs, 3928 no room beside the way for the loop, 1826 a cell of the loop is closed, relaxing · in the way: the neighbours, the feedlines, the crossing rule, the coupler bodies
[final]    32.27s        lane 44 · resonator between two plain wires: both cut to its own span, 466 -> 257 cells; before 21, after 236, own 220 cells
[final]    32.37s    wire 44 · relax 1: let go of 45, fence 46, 43, 47, 42, f15, 41 · found 305 cells · meander: 153 → 290 cells for 290
[final]    32.58s    wire 45 · round 0 forward · normal: no way, relaxing · in the way: the neighbours
[final]    32.59s        lane 45 · before is a resonator: -2 prepended cut; before 428, after 403, own 335 cells
[final]    32.61s    wire 45 · relax 1: let go of 46, fence 47, 44, f15, 43, 48, 42 · found 320 cells
[final]    32.91s    wire 46 · round 0 forward · normal: no way, relaxing · in the way: the neighbours, the crossing rule
[final]    32.92s        lane 46 · after is a resonator: +2 prepended reversed; before 320, after 499, own 403 cells
[final]    32.93s    wire 46 · relax 1: let go of 47, fence f15, 45, 48, 44, 49, 43 · no way
[final]    32.94s        lane 46 · after is a resonator: +2 prepended reversed; before 320, after 499, own 403 cells
[final]    32.99s    wire 46 · round 0 forward · relax 2: found 498 cells that do not cross its bridge f14 — refused as no way
[final]    32.99s    wire 46 · relax 2: let go of f15, fence 48, 45, 49, 44, 50, 43 · no way
[final]    32.99s        lane 46 · after is a resonator: +2 prepended reversed; before 320, after 499, own 403 cells
[final]    33.06s    wire 46 · round 0 forward · relax 3: found 498 cells that do not cross its bridge f14 — refused as no way
[final]    33.06s    wire 46 · relax 3: let go of 48, fence 49, 45, 50, 44, 51, 43 · no way
[final]    33.07s        lane 46 · after is a resonator: +2 prepended reversed; before 320, after 499, own 403 cells
[final]    33.14s    wire 46 · round 0 forward · relax 4: found 498 cells that do not cross its bridge f14 — refused as no way
[final]    33.14s    wire 46 · relax 4: let go of 49, fence 50, 45, 51, 44, 52, 43 · no way
[final]    33.15s        lane 46 · after is a resonator: +2 prepended reversed; before 320, after 499, own 403 cells
[final]    33.22s    wire 46 · round 0 forward · relax 5: found 498 cells that do not cross its bridge f14 — refused as no way
[final]    33.22s    wire 46 · relax 5: let go of 50, fence 51, 45, 52, 44, 53, 43 · no way
[final]    33.23s        lane 46 · after is a resonator: +2 prepended reversed; before 320, after 499, own 403 cells
[final]    33.30s    wire 46 · round 0 forward · relax 6: found 498 cells that do not cross its bridge f14 — refused as no way
[final]    33.30s    wire 46 · relax 6: let go of 51, fence 52, 45, 53, 44, 54, 43 · no way
[final]    33.31s        lane 46 · after is a resonator: +2 prepended reversed; before 320, after 499, own 403 cells
[final]    33.38s    wire 46 · round 0 forward · relax 7: found 498 cells that do not cross its bridge f14 — refused as no way
[final]    33.38s    wire 46 · relax 7: let go of 52, fence 53, 45, 54, 44, 55, 43 · no way
[final]    33.38s        lane 46 · after is a resonator: +2 prepended reversed; before 320, after 499, own 403 cells
[final]    33.46s    wire 46 · round 0 forward · relax 8: found 498 cells that do not cross its bridge f14 — refused as no way
[final]    33.46s    wire 46 · relax 8: let go of 53, fence 54, 45, 55, 44, 56, 43 · no way
[final]    33.46s    wire 46 · round 0 forward: no way after 8 relaxations; 47, f15, 48, 49, 50, 51, 52, 53 back as they were
[final]    33.47s    wire 47 · round 0 forward · normal: found 215 cells · long enough: 270 of 290 cells
[final]    33.47s    wire f15 · round 0 forward · normal: found 237 cells
[final]    33.48s    wire 48 · round 0 forward · normal: found 340 cells
[final]    33.50s    wire 49 · round 0 forward · normal: found 409 cells
[final]    33.51s    wire 50 · round 0 forward · normal: found 375 cells
[final]    33.52s    wire 51 · round 0 forward · normal: found 409 cells
[final]    33.53s    wire 52 · round 0 forward · normal: found 228 cells · long enough: 298 of 290 cells
[final]    33.55s    wire 53 · round 0 forward · normal: found 287 cells
[final]    33.56s    wire 54 · round 0 forward · normal: found 312 cells
[final]    33.66s    wire 55 · round 0 forward · normal: found 150 cells · no room for a meander: 162 of 290 cells, 65858 placements tried over 105 straight cells less 25 reserved, widest span 87 of the 35 a loop needs — 47055 the two ends do not face each other, 16247 no pair far enough apart for the legs, 2318 a cell of the loop is closed, 238 no room beside the way for the loop, relaxing · in the way: the neighbours, the feedlines, the crossing rule, the coupler bodies
[final]    33.67s        lane 55 · resonator between two plain wires: both cut to its own span, 480 -> 330 cells; before 181, after 149, own 205 cells
[final]    33.73s    wire 55 · relax 1: let go of 56, fence 57, 54, 0, 53, 1, 52 · found 150 cells · no room for a meander: 162 of 290 cells, 65858 placements tried over 105 straight cells less 25 reserved, widest span 87 of the 35 a loop needs — 47055 the two ends do not face each other, 16247 no pair far enough apart for the legs, 2318 a cell of the loop is closed, 238 no room beside the way for the loop
[final]    33.73s        lane 55 · resonator between two plain wires: both cut to its own span, 480 -> 330 cells; before 181, after 149, own 205 cells
[final]    33.79s    wire 55 · relax 2: let go of 57, fence 0, 54, 1, 53, 2, 52 · found 150 cells · no room for a meander: 162 of 290 cells, 65858 placements tried over 105 straight cells less 25 reserved, widest span 87 of the 35 a loop needs — 47055 the two ends do not face each other, 16247 no pair far enough apart for the legs, 2318 a cell of the loop is closed, 238 no room beside the way for the loop
[final]    33.79s        lane 55 · resonator between two plain wires: both cut to its own span, 480 -> 330 cells; before 181, after 149, own 205 cells
[final]    33.85s    wire 55 · relax 3: let go of 0, fence 1, 54, 2, 53, 3, 52 · found 150 cells · no room for a meander: 162 of 290 cells, 65858 placements tried over 105 straight cells less 25 reserved, widest span 87 of the 35 a loop needs — 47055 the two ends do not face each other, 16247 no pair far enough apart for the legs, 2318 a cell of the loop is closed, 238 no room beside the way for the loop
[final]    33.85s        lane 55 · resonator between two plain wires: both cut to its own span, 480 -> 330 cells; before 181, after 149, own 205 cells
[final]    33.91s    wire 55 · relax 4: let go of 1, fence 2, 54, 3, 53, 4, 52 · found 150 cells · no room for a meander: 162 of 290 cells, 65858 placements tried over 105 straight cells less 25 reserved, widest span 87 of the 35 a loop needs — 47055 the two ends do not face each other, 16247 no pair far enough apart for the legs, 2318 a cell of the loop is closed, 238 no room beside the way for the loop
[final]    33.91s        lane 55 · resonator between two plain wires: both cut to its own span, 480 -> 330 cells; before 181, after 149, own 205 cells
[final]    33.97s    wire 55 · relax 5: let go of 2, fence 3, 54, 4, 53, 5, 52 · found 150 cells · no room for a meander: 162 of 290 cells, 65858 placements tried over 105 straight cells less 25 reserved, widest span 87 of the 35 a loop needs — 47055 the two ends do not face each other, 16247 no pair far enough apart for the legs, 2318 a cell of the loop is closed, 238 no room beside the way for the loop
[final]    33.98s        lane 55 · resonator between two plain wires: both cut to its own span, 480 -> 330 cells; before 181, after 149, own 205 cells
[final]    34.03s    wire 55 · relax 6: let go of 3, fence 4, 54, 5, 53, f19, 52 · found 150 cells · no room for a meander: 162 of 290 cells, 65858 placements tried over 105 straight cells less 25 reserved, widest span 87 of the 35 a loop needs — 47055 the two ends do not face each other, 16247 no pair far enough apart for the legs, 2318 a cell of the loop is closed, 238 no room beside the way for the loop
[final]    34.04s        lane 55 · resonator between two plain wires: both cut to its own span, 480 -> 330 cells; before 181, after 149, own 205 cells
[final]    34.10s    wire 55 · relax 7: let go of 4, fence 5, 54, f19, 53, 6, 52 · found 150 cells · no room for a meander: 162 of 290 cells, 65858 placements tried over 105 straight cells less 25 reserved, widest span 87 of the 35 a loop needs — 47055 the two ends do not face each other, 16247 no pair far enough apart for the legs, 2318 a cell of the loop is closed, 238 no room beside the way for the loop
[final]    34.10s        lane 55 · resonator between two plain wires: both cut to its own span, 480 -> 330 cells; before 181, after 149, own 205 cells
[final]    34.16s    wire 55 · relax 8: let go of 5, fence f19, 54, 6, 53, 7, 52 · found 150 cells · no room for a meander: 162 of 290 cells, 65858 placements tried over 105 straight cells less 25 reserved, widest span 87 of the 35 a loop needs — 47055 the two ends do not face each other, 16247 no pair far enough apart for the legs, 2318 a cell of the loop is closed, 238 no room beside the way for the loop
[final]    34.16s    wire 55 · round 0 forward: no way after 8 relaxations; 56, 57, 0, 1, 2, 3, 4, 5 back as they were; keeps a way too short for its meander
[final]    34.17s    wire 56 · round 0 forward · normal: found 205 cells
[final]    34.18s    wire 57 · round 0 forward · normal: found 131 cells
[final]    34.18s  feedline routing round 0 forward : tried 65, routed 60, unrouted 0, open 3, short 2 | Fails: 5
[final]    34.31s    wire 55 · round 1 backward · normal: found 150 cells · no room for a meander: 162 of 290 cells, 65858 placements tried over 105 straight cells less 25 reserved, widest span 87 of the 35 a loop needs — 47055 the two ends do not face each other, 16247 no pair far enough apart for the legs, 2318 a cell of the loop is closed, 238 no room beside the way for the loop, relaxing · in the way: the neighbours, the feedlines, the crossing rule, the coupler bodies
[final]    34.32s        lane 55 · resonator between two plain wires: both cut to its own span, 517 -> 368 cells; before 181, after 187, own 150 cells
[final]    34.38s    wire 55 · relax 1: let go of 54, fence 53, 56, 52, 57, 51, 0 · found 315 cells · meander: 162 → 291 cells for 290
[final]    34.89s    wire 54 · round 1 backward · normal: no way, relaxing · in the way: the neighbours
[final]    34.90s        lane 54 · after is a resonator: +2 prepended cut; before 287, after 334, own 312 cells
[final]    34.92s    wire 54 · relax 1: let go of 53, fence 52, 55, 51, 56, 50, 57 · found 316 cells
[final]    34.94s    wire 53 · round 1 backward · normal: found 287 cells
[final]    35.43s    wire 46 · round 1 backward · normal: no way, relaxing · in the way: the neighbours, the crossing rule
[final]    35.44s        lane 46 · after is a resonator: +2 prepended reversed; before 320, after 452, own 403 cells
[final]    35.46s    wire 46 · relax 1: let go of 45, fence 44, 47, 43, f15, 42, 48 · found 431 cells
[final]    35.84s    wire 45 · round 1 backward · normal: no way, relaxing · in the way: the neighbours
[final]    35.84s        lane 45 · before is a resonator: -2 prepended cut; before 428, after 431, own 320 cells
[final]    35.86s    wire 45 · relax 1: let go of 44, fence 43, 46, 42, 47, 41, f15 · found 310 cells
[final]    36.01s    wire 44 · round 1 backward · normal: found 130 cells · no room for a meander: 153 of 290 cells, 106356 placements tried over 109 straight cells less 25 reserved, widest span 87 of the 35 a loop needs — 80188 the two ends do not face each other, 20414 no pair far enough apart for the legs, 3928 no room beside the way for the loop, 1826 a cell of the loop is closed, relaxing · in the way: the neighbours, the feedlines, the crossing rule, the coupler bodies
[final]    36.02s        lane 44 · resonator between two plain wires: both cut to its own span, 441 -> 141 cells; before 21, after 120, own 305 cells
[final]    36.12s    wire 44 · relax 1: let go of 43, fence 42, 45, 41, 46, 40, 47 · found 130 cells · no room for a meander: 153 of 290 cells, 106356 placements tried over 109 straight cells less 25 reserved, widest span 87 of the 35 a loop needs — 80188 the two ends do not face each other, 20414 no pair far enough apart for the legs, 3928 no room beside the way for the loop, 1826 a cell of the loop is closed
[final]    36.13s        lane 44 · resonator between two plain wires: both cut to its own span, 441 -> 141 cells; before 21, after 120, own 305 cells
[final]    36.23s    wire 44 · relax 2: let go of 42, fence 41, 45, 40, 46, 39, 47 · found 130 cells · no room for a meander: 153 of 290 cells, 106356 placements tried over 109 straight cells less 25 reserved, widest span 87 of the 35 a loop needs — 80188 the two ends do not face each other, 20414 no pair far enough apart for the legs, 3928 no room beside the way for the loop, 1826 a cell of the loop is closed
[final]    36.24s        lane 44 · resonator between two plain wires: both cut to its own span, 441 -> 141 cells; before 21, after 120, own 305 cells
[final]    36.34s    wire 44 · relax 3: let go of 41, fence 40, 45, 39, 46, f11, 47 · found 130 cells · no room for a meander: 153 of 290 cells, 106356 placements tried over 109 straight cells less 25 reserved, widest span 87 of the 35 a loop needs — 80188 the two ends do not face each other, 20414 no pair far enough apart for the legs, 3928 no room beside the way for the loop, 1826 a cell of the loop is closed
[final]    36.35s        lane 44 · resonator between two plain wires: both cut to its own span, 441 -> 141 cells; before 21, after 120, own 305 cells
[final]    36.44s    wire 44 · relax 4: let go of 40, fence 39, 45, f11, 46, 38, 47 · found 130 cells · no room for a meander: 153 of 290 cells, 106356 placements tried over 109 straight cells less 25 reserved, widest span 87 of the 35 a loop needs — 80188 the two ends do not face each other, 20414 no pair far enough apart for the legs, 3928 no room beside the way for the loop, 1826 a cell of the loop is closed
[final]    36.45s        lane 44 · resonator between two plain wires: both cut to its own span, 441 -> 141 cells; before 21, after 120, own 305 cells
[final]    36.55s    wire 44 · relax 5: let go of 39, fence f11, 45, 38, 46, 37, 47 · found 130 cells · no room for a meander: 153 of 290 cells, 106356 placements tried over 109 straight cells less 25 reserved, widest span 87 of the 35 a loop needs — 80188 the two ends do not face each other, 20414 no pair far enough apart for the legs, 3928 no room beside the way for the loop, 1826 a cell of the loop is closed
[final]    36.56s        lane 44 · resonator between two plain wires: both cut to its own span, 441 -> 141 cells; before 21, after 120, own 305 cells
[final]    36.66s    wire 44 · relax 6: let go of f11, fence 38, 45, 37, 46, 36, 47 · found 130 cells · no room for a meander: 153 of 290 cells, 106356 placements tried over 109 straight cells less 25 reserved, widest span 87 of the 35 a loop needs — 80188 the two ends do not face each other, 20414 no pair far enough apart for the legs, 3928 no room beside the way for the loop, 1826 a cell of the loop is closed
[final]    36.67s        lane 44 · resonator between two plain wires: both cut to its own span, 441 -> 141 cells; before 21, after 120, own 305 cells
[final]    36.77s    wire 44 · relax 7: let go of 38, fence 37, 45, 36, 46, 35, 47 · found 130 cells · no room for a meander: 153 of 290 cells, 106356 placements tried over 109 straight cells less 25 reserved, widest span 87 of the 35 a loop needs — 80188 the two ends do not face each other, 20414 no pair far enough apart for the legs, 3928 no room beside the way for the loop, 1826 a cell of the loop is closed
[final]    36.78s        lane 44 · resonator between two plain wires: both cut to its own span, 441 -> 141 cells; before 21, after 120, own 305 cells
[final]    36.88s    wire 44 · relax 8: let go of 37, fence 36, 45, 35, 46, f10, 47 · found 130 cells · no room for a meander: 153 of 290 cells, 106356 placements tried over 109 straight cells less 25 reserved, widest span 87 of the 35 a loop needs — 80188 the two ends do not face each other, 20414 no pair far enough apart for the legs, 3928 no room beside the way for the loop, 1826 a cell of the loop is closed
[final]    36.88s    wire 44 · round 1 backward: no way after 8 relaxations; 43, 42, 41, 40, 39, f11, 38, 37 back as they were; keeps a way too short for its meander
[final]    36.95s    wire 32 · round 1 backward · normal: no way, relaxing · in the way: the neighbours
[final]    36.97s    wire 32 · relax 1: let go of 31, fence 30, 33, 29, 34, 28, f10 · found 361 cells
[final]    36.99s    wire 31 · round 1 backward · normal: found 380 cells
[final]    37.10s    wire 26 · round 1 backward · normal: found 130 cells · no room for a meander: 134 of 290 cells, 35282 placements tried over 97 straight cells less 25 reserved, widest span 83 of the 35 a loop needs — 20911 the two ends do not face each other, 11659 no pair far enough apart for the legs, 2052 a cell of the loop is closed, 660 no room beside the way for the loop, relaxing · in the way: the neighbours, the feedlines, the crossing rule, the coupler bodies
[final]    37.11s        lane 26 · resonator between two plain wires: both cut to its own span, 386 -> 229 cells; before 136, after 93, own 130 cells
[final]    37.16s    wire 26 · relax 1: let go of 25, fence 24, 27, 23, 28, f6, 29 · found 130 cells · no room for a meander: 134 of 290 cells, 35282 placements tried over 97 straight cells less 25 reserved, widest span 83 of the 35 a loop needs — 20911 the two ends do not face each other, 11659 no pair far enough apart for the legs, 2052 a cell of the loop is closed, 660 no room beside the way for the loop
[final]    37.17s        lane 26 · resonator between two plain wires: both cut to its own span, 386 -> 229 cells; before 136, after 93, own 130 cells
[final]    37.22s    wire 26 · relax 2: let go of 24, fence 23, 27, f6, 28, 22, 29 · found 130 cells · no room for a meander: 134 of 290 cells, 35282 placements tried over 97 straight cells less 25 reserved, widest span 83 of the 35 a loop needs — 20911 the two ends do not face each other, 11659 no pair far enough apart for the legs, 2052 a cell of the loop is closed, 660 no room beside the way for the loop
[final]    37.23s        lane 26 · resonator between two plain wires: both cut to its own span, 386 -> 229 cells; before 136, after 93, own 130 cells
[final]    37.27s    wire 26 · relax 3: let go of 23, fence f6, 27, 22, 28, 21, 29 · found 130 cells · no room for a meander: 134 of 290 cells, 35282 placements tried over 97 straight cells less 25 reserved, widest span 83 of the 35 a loop needs — 20911 the two ends do not face each other, 11659 no pair far enough apart for the legs, 2052 a cell of the loop is closed, 660 no room beside the way for the loop
[final]    37.28s        lane 26 · resonator between two plain wires: both cut to its own span, 386 -> 229 cells; before 136, after 93, own 130 cells
[final]    37.33s    wire 26 · relax 4: let go of f6, fence 22, 27, 21, 28, f5, 29 · found 130 cells · no room for a meander: 134 of 290 cells, 35282 placements tried over 97 straight cells less 25 reserved, widest span 83 of the 35 a loop needs — 20911 the two ends do not face each other, 11659 no pair far enough apart for the legs, 2052 a cell of the loop is closed, 660 no room beside the way for the loop
[final]    37.34s        lane 26 · resonator between two plain wires: both cut to its own span, 386 -> 229 cells; before 136, after 93, own 130 cells
[final]    37.38s    wire 26 · relax 5: let go of 22, fence 21, 27, f5, 28, 20, 29 · found 130 cells · no room for a meander: 134 of 290 cells, 35282 placements tried over 97 straight cells less 25 reserved, widest span 83 of the 35 a loop needs — 20911 the two ends do not face each other, 11659 no pair far enough apart for the legs, 2052 a cell of the loop is closed, 660 no room beside the way for the loop
[final]    37.39s        lane 26 · resonator between two plain wires: both cut to its own span, 386 -> 229 cells; before 136, after 93, own 130 cells
[final]    37.44s    wire 26 · relax 6: let go of 21, fence f5, 27, 20, 28, 19, 29 · found 130 cells · no room for a meander: 134 of 290 cells, 35282 placements tried over 97 straight cells less 25 reserved, widest span 83 of the 35 a loop needs — 20911 the two ends do not face each other, 11659 no pair far enough apart for the legs, 2052 a cell of the loop is closed, 660 no room beside the way for the loop
[final]    37.45s        lane 26 · resonator between two plain wires: both cut to its own span, 386 -> 229 cells; before 136, after 93, own 130 cells
[final]    37.50s    wire 26 · relax 7: let go of f5, fence 20, 27, 19, 28, 18, 29 · found 130 cells · no room for a meander: 134 of 290 cells, 35282 placements tried over 97 straight cells less 25 reserved, widest span 83 of the 35 a loop needs — 20911 the two ends do not face each other, 11659 no pair far enough apart for the legs, 2052 a cell of the loop is closed, 660 no room beside the way for the loop
[final]    37.51s        lane 26 · resonator between two plain wires: both cut to its own span, 386 -> 229 cells; before 136, after 93, own 130 cells
[final]    37.56s    wire 26 · relax 8: let go of 20, fence 19, 27, 18, 28, 17, 29 · found 130 cells · no room for a meander: 134 of 290 cells, 35282 placements tried over 97 straight cells less 25 reserved, widest span 83 of the 35 a loop needs — 20911 the two ends do not face each other, 11659 no pair far enough apart for the legs, 2052 a cell of the loop is closed, 660 no room beside the way for the loop
[final]    37.56s    wire 26 · round 1 backward: no way after 8 relaxations; 25, 24, 23, f6, 22, 21, f5, 20 back as they were; keeps a way too short for its meander
[final]    38.03s    wire 4 · round 1 backward · normal: no way, relaxing · in the way: the neighbours, the crossing rule
[final]    38.04s        lane 4 · after is a resonator: +2 prepended reversed; before 359, after 462, own 403 cells
[final]    38.07s    wire 4 · relax 1: let go of 3, fence 2, 5, 1, f19, 0, 6 · found 417 cells
[final]    38.10s    wire 3 · round 1 backward · normal: found 364 cells
[final]    38.10s  feedline routing round 1 backward: tried 11, routed 9, unrouted 0, open 0, short 2 | Fails: 2
[final]    38.21s    wire 26 · round 2 forward · normal: found 130 cells · no room for a meander: 134 of 290 cells, 35282 placements tried over 97 straight cells less 25 reserved, widest span 83 of the 35 a loop needs — 20911 the two ends do not face each other, 11659 no pair far enough apart for the legs, 2052 a cell of the loop is closed, 660 no room beside the way for the loop, relaxing · in the way: the neighbours, the feedlines, the crossing rule, the coupler bodies
[final]    38.22s        lane 26 · resonator between two plain wires: both cut to its own span, 386 -> 229 cells; before 136, after 93, own 130 cells
[final]    38.27s    wire 26 · relax 1: let go of 27, fence 28, 25, 29, 24, 30, 23 · found 130 cells · no room for a meander: 134 of 290 cells, 35282 placements tried over 97 straight cells less 25 reserved, widest span 83 of the 35 a loop needs — 20911 the two ends do not face each other, 11659 no pair far enough apart for the legs, 2052 a cell of the loop is closed, 660 no room beside the way for the loop
[final]    38.28s        lane 26 · resonator between two plain wires: both cut to its own span, 386 -> 229 cells; before 136, after 93, own 130 cells
[final]    38.32s    wire 26 · relax 2: let go of 28, fence 29, 25, 30, 24, 31, 23 · found 130 cells · no room for a meander: 134 of 290 cells, 35282 placements tried over 97 straight cells less 25 reserved, widest span 83 of the 35 a loop needs — 20911 the two ends do not face each other, 11659 no pair far enough apart for the legs, 2052 a cell of the loop is closed, 660 no room beside the way for the loop
[final]    38.33s        lane 26 · resonator between two plain wires: both cut to its own span, 386 -> 229 cells; before 136, after 93, own 130 cells
[final]    38.38s    wire 26 · relax 3: let go of 29, fence 30, 25, 31, 24, 32, 23 · found 130 cells · no room for a meander: 134 of 290 cells, 35282 placements tried over 97 straight cells less 25 reserved, widest span 83 of the 35 a loop needs — 20911 the two ends do not face each other, 11659 no pair far enough apart for the legs, 2052 a cell of the loop is closed, 660 no room beside the way for the loop
[final]    38.39s        lane 26 · resonator between two plain wires: both cut to its own span, 386 -> 229 cells; before 136, after 93, own 130 cells
[final]    38.44s    wire 26 · relax 4: let go of 30, fence 31, 25, 32, 24, 33, 23 · found 130 cells · no room for a meander: 134 of 290 cells, 35282 placements tried over 97 straight cells less 25 reserved, widest span 83 of the 35 a loop needs — 20911 the two ends do not face each other, 11659 no pair far enough apart for the legs, 2052 a cell of the loop is closed, 660 no room beside the way for the loop
[final]    38.45s        lane 26 · resonator between two plain wires: both cut to its own span, 386 -> 229 cells; before 136, after 93, own 130 cells
[final]    38.49s    wire 26 · relax 5: let go of 31, fence 32, 25, 33, 24, 34, 23 · found 130 cells · no room for a meander: 134 of 290 cells, 35282 placements tried over 97 straight cells less 25 reserved, widest span 83 of the 35 a loop needs — 20911 the two ends do not face each other, 11659 no pair far enough apart for the legs, 2052 a cell of the loop is closed, 660 no room beside the way for the loop
[final]    38.50s        lane 26 · resonator between two plain wires: both cut to its own span, 386 -> 229 cells; before 136, after 93, own 130 cells
[final]    38.55s    wire 26 · relax 6: let go of 32, fence 33, 25, 34, 24, f10, 23 · found 130 cells · no room for a meander: 134 of 290 cells, 35282 placements tried over 97 straight cells less 25 reserved, widest span 83 of the 35 a loop needs — 20911 the two ends do not face each other, 11659 no pair far enough apart for the legs, 2052 a cell of the loop is closed, 660 no room beside the way for the loop
[final]    38.56s        lane 26 · resonator between two plain wires: both cut to its own span, 386 -> 229 cells; before 136, after 93, own 130 cells
[final]    38.61s    wire 26 · relax 7: let go of 33, fence 34, 25, f10, 24, 35, 23 · found 130 cells · no room for a meander: 134 of 290 cells, 35282 placements tried over 97 straight cells less 25 reserved, widest span 83 of the 35 a loop needs — 20911 the two ends do not face each other, 11659 no pair far enough apart for the legs, 2052 a cell of the loop is closed, 660 no room beside the way for the loop
[final]    38.62s        lane 26 · resonator between two plain wires: both cut to its own span, 386 -> 229 cells; before 136, after 93, own 130 cells
[final]    38.66s    wire 26 · relax 8: let go of 34, fence f10, 25, 35, 24, 36, 23 · found 130 cells · no room for a meander: 134 of 290 cells, 35282 placements tried over 97 straight cells less 25 reserved, widest span 83 of the 35 a loop needs — 20911 the two ends do not face each other, 11659 no pair far enough apart for the legs, 2052 a cell of the loop is closed, 660 no room beside the way for the loop
[final]    38.66s    wire 26 · round 2 forward: no way after 8 relaxations; 27, 28, 29, 30, 31, 32, 33, 34 back as they were; keeps a way too short for its meander
[final]    38.83s    wire 44 · round 2 forward · normal: found 130 cells · no room for a meander: 153 of 290 cells, 106356 placements tried over 109 straight cells less 25 reserved, widest span 87 of the 35 a loop needs — 80188 the two ends do not face each other, 20414 no pair far enough apart for the legs, 3928 no room beside the way for the loop, 1826 a cell of the loop is closed, relaxing · in the way: the neighbours, the feedlines, the crossing rule, the coupler bodies
[final]    38.84s        lane 44 · resonator between two plain wires: both cut to its own span, 441 -> 141 cells; before 21, after 120, own 130 cells
[final]    38.94s    wire 44 · relax 1: let go of 45, fence 46, 43, 47, 42, f15, 41 · found 303 cells · meander: 153 → 289 cells for 290
[final]    39.78s    wire 45 · round 2 forward · normal: no way, relaxing · in the way: the neighbours
[final]    39.78s        lane 45 · before is a resonator: -2 prepended cut; before 426, after 431, own 310 cells
[final]    39.81s    wire 45 · relax 1: let go of 46, fence 47, 44, f15, 43, 48, 42 · found 311 cells
[final]    40.68s    wire 46 · round 2 forward · normal: no way, relaxing · in the way: the neighbours, the crossing rule
[final]    40.69s        lane 46 · after is a resonator: +2 prepended reversed; before 311, after 452, own 431 cells
[final]    40.70s    wire 46 · relax 1: let go of 47, fence f15, 45, 48, 44, 49, 43 · no way
[final]    40.71s        lane 46 · after is a resonator: +2 prepended reversed; before 311, after 452, own 431 cells
[final]    40.75s    wire 46 · relax 2: let go of f15, fence 48, 45, 49, 44, 50, 43 · no way
[final]    40.76s        lane 46 · after is a resonator: +2 prepended reversed; before 311, after 452, own 431 cells
[final]    40.80s    wire 46 · round 2 forward · relax 3: found 446 cells that do not cross its bridge f14 — refused as no way
[final]    40.80s    wire 46 · relax 3: let go of 48, fence 49, 45, 50, 44, 51, 43 · no way
[final]    40.81s        lane 46 · after is a resonator: +2 prepended reversed; before 311, after 452, own 431 cells
[final]    40.87s    wire 46 · round 2 forward · relax 4: found 446 cells that do not cross its bridge f14 — refused as no way
[final]    40.87s    wire 46 · relax 4: let go of 49, fence 50, 45, 51, 44, 52, 43 · no way
[final]    40.88s        lane 46 · after is a resonator: +2 prepended reversed; before 311, after 452, own 431 cells
[final]    40.94s    wire 46 · round 2 forward · relax 5: found 446 cells that do not cross its bridge f14 — refused as no way
[final]    40.94s    wire 46 · relax 5: let go of 50, fence 51, 45, 52, 44, 53, 43 · no way
[final]    40.95s        lane 46 · after is a resonator: +2 prepended reversed; before 311, after 452, own 431 cells
[final]    41.00s    wire 46 · round 2 forward · relax 6: found 446 cells that do not cross its bridge f14 — refused as no way
[final]    41.00s    wire 46 · relax 6: let go of 51, fence 52, 45, 53, 44, 54, 43 · no way
[final]    41.01s        lane 46 · after is a resonator: +2 prepended reversed; before 311, after 452, own 431 cells
[final]    41.07s    wire 46 · round 2 forward · relax 7: found 446 cells that do not cross its bridge f14 — refused as no way
[final]    41.07s    wire 46 · relax 7: let go of 52, fence 53, 45, 54, 44, 55, 43 · no way
[final]    41.08s        lane 46 · after is a resonator: +2 prepended reversed; before 311, after 452, own 431 cells
[final]    41.14s    wire 46 · round 2 forward · relax 8: found 446 cells that do not cross its bridge f14 — refused as no way
[final]    41.14s    wire 46 · relax 8: let go of 53, fence 54, 45, 55, 44, 56, 43 · no way
[final]    41.14s    wire 46 · round 2 forward: no way after 8 relaxations; 47, f15, 48, 49, 50, 51, 52, 53 back as they were
[final]    41.14s  feedline routing round 2 forward : tried 4, routed 2, unrouted 0, open 1, short 1 | Fails: 2
[final]    41.99s    wire 46 · round 3 backward · normal: no way, relaxing · in the way: the neighbours, the crossing rule
[final]    42.00s        lane 46 · after is a resonator: +2 prepended reversed; before 311, after 452, own 431 cells
[final]    42.02s    wire 46 · relax 1: let go of 45, fence 44, 47, 43, f15, 42, 48 · found 431 cells
[final]    42.84s    wire 45 · round 3 backward · normal: no way, relaxing · in the way: the neighbours
[final]    42.85s        lane 45 · before is a resonator: -2 prepended cut; before 426, after 431, own 311 cells
[final]    42.87s    wire 45 · relax 1: let go of 44, fence 43, 46, 42, 47, 41, f15 · found 310 cells
[final]    43.03s    wire 44 · round 3 backward · normal: found 130 cells · no room for a meander: 153 of 290 cells, 106356 placements tried over 109 straight cells less 25 reserved, widest span 87 of the 35 a loop needs — 80188 the two ends do not face each other, 20414 no pair far enough apart for the legs, 3928 no room beside the way for the loop, 1826 a cell of the loop is closed, relaxing · in the way: the neighbours, the feedlines, the crossing rule, the coupler bodies
[final]    43.04s        lane 44 · resonator between two plain wires: both cut to its own span, 441 -> 141 cells; before 21, after 120, own 303 cells
[final]    43.13s    wire 44 · relax 1: let go of 43, fence 42, 45, 41, 46, 40, 47 · found 130 cells · no room for a meander: 153 of 290 cells, 106356 placements tried over 109 straight cells less 25 reserved, widest span 87 of the 35 a loop needs — 80188 the two ends do not face each other, 20414 no pair far enough apart for the legs, 3928 no room beside the way for the loop, 1826 a cell of the loop is closed
[final]    43.14s        lane 44 · resonator between two plain wires: both cut to its own span, 441 -> 141 cells; before 21, after 120, own 303 cells
[final]    43.24s    wire 44 · relax 2: let go of 42, fence 41, 45, 40, 46, 39, 47 · found 130 cells · no room for a meander: 153 of 290 cells, 106356 placements tried over 109 straight cells less 25 reserved, widest span 87 of the 35 a loop needs — 80188 the two ends do not face each other, 20414 no pair far enough apart for the legs, 3928 no room beside the way for the loop, 1826 a cell of the loop is closed
[final]    43.25s        lane 44 · resonator between two plain wires: both cut to its own span, 441 -> 141 cells; before 21, after 120, own 303 cells
[final]    43.34s    wire 44 · relax 3: let go of 41, fence 40, 45, 39, 46, f11, 47 · found 130 cells · no room for a meander: 153 of 290 cells, 106356 placements tried over 109 straight cells less 25 reserved, widest span 87 of the 35 a loop needs — 80188 the two ends do not face each other, 20414 no pair far enough apart for the legs, 3928 no room beside the way for the loop, 1826 a cell of the loop is closed
[final]    43.35s        lane 44 · resonator between two plain wires: both cut to its own span, 441 -> 141 cells; before 21, after 120, own 303 cells
[final]    43.45s    wire 44 · relax 4: let go of 40, fence 39, 45, f11, 46, 38, 47 · found 130 cells · no room for a meander: 153 of 290 cells, 106356 placements tried over 109 straight cells less 25 reserved, widest span 87 of the 35 a loop needs — 80188 the two ends do not face each other, 20414 no pair far enough apart for the legs, 3928 no room beside the way for the loop, 1826 a cell of the loop is closed
[final]    43.46s        lane 44 · resonator between two plain wires: both cut to its own span, 441 -> 141 cells; before 21, after 120, own 303 cells
[final]    43.56s    wire 44 · relax 5: let go of 39, fence f11, 45, 38, 46, 37, 47 · found 130 cells · no room for a meander: 153 of 290 cells, 106356 placements tried over 109 straight cells less 25 reserved, widest span 87 of the 35 a loop needs — 80188 the two ends do not face each other, 20414 no pair far enough apart for the legs, 3928 no room beside the way for the loop, 1826 a cell of the loop is closed
[final]    43.57s        lane 44 · resonator between two plain wires: both cut to its own span, 441 -> 141 cells; before 21, after 120, own 303 cells
[final]    43.67s    wire 44 · relax 6: let go of f11, fence 38, 45, 37, 46, 36, 47 · found 130 cells · no room for a meander: 153 of 290 cells, 106356 placements tried over 109 straight cells less 25 reserved, widest span 87 of the 35 a loop needs — 80188 the two ends do not face each other, 20414 no pair far enough apart for the legs, 3928 no room beside the way for the loop, 1826 a cell of the loop is closed
[final]    43.68s        lane 44 · resonator between two plain wires: both cut to its own span, 441 -> 141 cells; before 21, after 120, own 303 cells
[final]    43.78s    wire 44 · relax 7: let go of 38, fence 37, 45, 36, 46, 35, 47 · found 130 cells · no room for a meander: 153 of 290 cells, 106356 placements tried over 109 straight cells less 25 reserved, widest span 87 of the 35 a loop needs — 80188 the two ends do not face each other, 20414 no pair far enough apart for the legs, 3928 no room beside the way for the loop, 1826 a cell of the loop is closed
[final]    43.79s        lane 44 · resonator between two plain wires: both cut to its own span, 441 -> 141 cells; before 21, after 120, own 303 cells
[final]    43.88s    wire 44 · relax 8: let go of 37, fence 36, 45, 35, 46, f10, 47 · found 130 cells · no room for a meander: 153 of 290 cells, 106356 placements tried over 109 straight cells less 25 reserved, widest span 87 of the 35 a loop needs — 80188 the two ends do not face each other, 20414 no pair far enough apart for the legs, 3928 no room beside the way for the loop, 1826 a cell of the loop is closed
[final]    43.88s    wire 44 · round 3 backward: no way after 8 relaxations; 43, 42, 41, 40, 39, f11, 38, 37 back as they were; keeps a way too short for its meander
[final]    44.00s    wire 26 · round 3 backward · normal: found 130 cells · no room for a meander: 134 of 290 cells, 35282 placements tried over 97 straight cells less 25 reserved, widest span 83 of the 35 a loop needs — 20911 the two ends do not face each other, 11659 no pair far enough apart for the legs, 2052 a cell of the loop is closed, 660 no room beside the way for the loop, relaxing · in the way: the neighbours, the feedlines, the crossing rule, the coupler bodies
[final]    44.01s        lane 26 · resonator between two plain wires: both cut to its own span, 386 -> 229 cells; before 136, after 93, own 130 cells
[final]    44.06s    wire 26 · relax 1: let go of 25, fence 24, 27, 23, 28, f6, 29 · found 130 cells · no room for a meander: 134 of 290 cells, 35282 placements tried over 97 straight cells less 25 reserved, widest span 83 of the 35 a loop needs — 20911 the two ends do not face each other, 11659 no pair far enough apart for the legs, 2052 a cell of the loop is closed, 660 no room beside the way for the loop
[final]    44.07s        lane 26 · resonator between two plain wires: both cut to its own span, 386 -> 229 cells; before 136, after 93, own 130 cells
[final]    44.12s    wire 26 · relax 2: let go of 24, fence 23, 27, f6, 28, 22, 29 · found 130 cells · no room for a meander: 134 of 290 cells, 35282 placements tried over 97 straight cells less 25 reserved, widest span 83 of the 35 a loop needs — 20911 the two ends do not face each other, 11659 no pair far enough apart for the legs, 2052 a cell of the loop is closed, 660 no room beside the way for the loop
[final]    44.13s        lane 26 · resonator between two plain wires: both cut to its own span, 386 -> 229 cells; before 136, after 93, own 130 cells
[final]    44.17s    wire 26 · relax 3: let go of 23, fence f6, 27, 22, 28, 21, 29 · found 130 cells · no room for a meander: 134 of 290 cells, 35282 placements tried over 97 straight cells less 25 reserved, widest span 83 of the 35 a loop needs — 20911 the two ends do not face each other, 11659 no pair far enough apart for the legs, 2052 a cell of the loop is closed, 660 no room beside the way for the loop
[final]    44.18s        lane 26 · resonator between two plain wires: both cut to its own span, 386 -> 229 cells; before 136, after 93, own 130 cells
[final]    44.23s    wire 26 · relax 4: let go of f6, fence 22, 27, 21, 28, f5, 29 · found 130 cells · no room for a meander: 134 of 290 cells, 35282 placements tried over 97 straight cells less 25 reserved, widest span 83 of the 35 a loop needs — 20911 the two ends do not face each other, 11659 no pair far enough apart for the legs, 2052 a cell of the loop is closed, 660 no room beside the way for the loop
[final]    44.24s        lane 26 · resonator between two plain wires: both cut to its own span, 386 -> 229 cells; before 136, after 93, own 130 cells
[final]    44.29s    wire 26 · relax 5: let go of 22, fence 21, 27, f5, 28, 20, 29 · found 130 cells · no room for a meander: 134 of 290 cells, 35282 placements tried over 97 straight cells less 25 reserved, widest span 83 of the 35 a loop needs — 20911 the two ends do not face each other, 11659 no pair far enough apart for the legs, 2052 a cell of the loop is closed, 660 no room beside the way for the loop
[final]    44.30s        lane 26 · resonator between two plain wires: both cut to its own span, 386 -> 229 cells; before 136, after 93, own 130 cells
[final]    44.34s    wire 26 · relax 6: let go of 21, fence f5, 27, 20, 28, 19, 29 · found 130 cells · no room for a meander: 134 of 290 cells, 35282 placements tried over 97 straight cells less 25 reserved, widest span 83 of the 35 a loop needs — 20911 the two ends do not face each other, 11659 no pair far enough apart for the legs, 2052 a cell of the loop is closed, 660 no room beside the way for the loop
[final]    44.35s        lane 26 · resonator between two plain wires: both cut to its own span, 386 -> 229 cells; before 136, after 93, own 130 cells
[final]    44.40s    wire 26 · relax 7: let go of f5, fence 20, 27, 19, 28, 18, 29 · found 130 cells · no room for a meander: 134 of 290 cells, 35282 placements tried over 97 straight cells less 25 reserved, widest span 83 of the 35 a loop needs — 20911 the two ends do not face each other, 11659 no pair far enough apart for the legs, 2052 a cell of the loop is closed, 660 no room beside the way for the loop
[final]    44.41s        lane 26 · resonator between two plain wires: both cut to its own span, 386 -> 229 cells; before 136, after 93, own 130 cells
[final]    44.46s    wire 26 · relax 8: let go of 20, fence 19, 27, 18, 28, 17, 29 · found 130 cells · no room for a meander: 134 of 290 cells, 35282 placements tried over 97 straight cells less 25 reserved, widest span 83 of the 35 a loop needs — 20911 the two ends do not face each other, 11659 no pair far enough apart for the legs, 2052 a cell of the loop is closed, 660 no room beside the way for the loop
[final]    44.46s    wire 26 · round 3 backward: no way after 8 relaxations; 25, 24, 23, f6, 22, 21, f5, 20 back as they were; keeps a way too short for its meander
[final]    44.46s  feedline routing round 3 backward: tried 4, routed 2, unrouted 0, open 0, short 2 | Fails: 2
[final]    44.57s    wire 26 · round 4 forward · normal: found 130 cells · no room for a meander: 134 of 290 cells, 35282 placements tried over 97 straight cells less 25 reserved, widest span 83 of the 35 a loop needs — 20911 the two ends do not face each other, 11659 no pair far enough apart for the legs, 2052 a cell of the loop is closed, 660 no room beside the way for the loop, relaxing · in the way: the neighbours, the feedlines, the crossing rule, the coupler bodies
[final]    44.58s        lane 26 · resonator between two plain wires: both cut to its own span, 386 -> 229 cells; before 136, after 93, own 130 cells
[final]    44.63s    wire 26 · relax 1: let go of 27, fence 28, 25, 29, 24, 30, 23 · found 130 cells · no room for a meander: 134 of 290 cells, 35282 placements tried over 97 straight cells less 25 reserved, widest span 83 of the 35 a loop needs — 20911 the two ends do not face each other, 11659 no pair far enough apart for the legs, 2052 a cell of the loop is closed, 660 no room beside the way for the loop
[final]    44.64s        lane 26 · resonator between two plain wires: both cut to its own span, 386 -> 229 cells; before 136, after 93, own 130 cells
[final]    44.68s    wire 26 · relax 2: let go of 28, fence 29, 25, 30, 24, 31, 23 · found 130 cells · no room for a meander: 134 of 290 cells, 35282 placements tried over 97 straight cells less 25 reserved, widest span 83 of the 35 a loop needs — 20911 the two ends do not face each other, 11659 no pair far enough apart for the legs, 2052 a cell of the loop is closed, 660 no room beside the way for the loop
[final]    44.69s        lane 26 · resonator between two plain wires: both cut to its own span, 386 -> 229 cells; before 136, after 93, own 130 cells
[final]    44.74s    wire 26 · relax 3: let go of 29, fence 30, 25, 31, 24, 32, 23 · found 130 cells · no room for a meander: 134 of 290 cells, 35282 placements tried over 97 straight cells less 25 reserved, widest span 83 of the 35 a loop needs — 20911 the two ends do not face each other, 11659 no pair far enough apart for the legs, 2052 a cell of the loop is closed, 660 no room beside the way for the loop
[final]    44.75s        lane 26 · resonator between two plain wires: both cut to its own span, 386 -> 229 cells; before 136, after 93, own 130 cells
[final]    44.80s    wire 26 · relax 4: let go of 30, fence 31, 25, 32, 24, 33, 23 · found 130 cells · no room for a meander: 134 of 290 cells, 35282 placements tried over 97 straight cells less 25 reserved, widest span 83 of the 35 a loop needs — 20911 the two ends do not face each other, 11659 no pair far enough apart for the legs, 2052 a cell of the loop is closed, 660 no room beside the way for the loop
[final]    44.81s        lane 26 · resonator between two plain wires: both cut to its own span, 386 -> 229 cells; before 136, after 93, own 130 cells
[final]    44.86s    wire 26 · relax 5: let go of 31, fence 32, 25, 33, 24, 34, 23 · found 130 cells · no room for a meander: 134 of 290 cells, 35282 placements tried over 97 straight cells less 25 reserved, widest span 83 of the 35 a loop needs — 20911 the two ends do not face each other, 11659 no pair far enough apart for the legs, 2052 a cell of the loop is closed, 660 no room beside the way for the loop
[final]    44.87s        lane 26 · resonator between two plain wires: both cut to its own span, 386 -> 229 cells; before 136, after 93, own 130 cells
[final]    44.91s    wire 26 · relax 6: let go of 32, fence 33, 25, 34, 24, f10, 23 · found 130 cells · no room for a meander: 134 of 290 cells, 35282 placements tried over 97 straight cells less 25 reserved, widest span 83 of the 35 a loop needs — 20911 the two ends do not face each other, 11659 no pair far enough apart for the legs, 2052 a cell of the loop is closed, 660 no room beside the way for the loop
[final]    44.92s        lane 26 · resonator between two plain wires: both cut to its own span, 386 -> 229 cells; before 136, after 93, own 130 cells
[final]    44.97s    wire 26 · relax 7: let go of 33, fence 34, 25, f10, 24, 35, 23 · found 130 cells · no room for a meander: 134 of 290 cells, 35282 placements tried over 97 straight cells less 25 reserved, widest span 83 of the 35 a loop needs — 20911 the two ends do not face each other, 11659 no pair far enough apart for the legs, 2052 a cell of the loop is closed, 660 no room beside the way for the loop
[final]    44.98s        lane 26 · resonator between two plain wires: both cut to its own span, 386 -> 229 cells; before 136, after 93, own 130 cells
[final]    45.03s    wire 26 · relax 8: let go of 34, fence f10, 25, 35, 24, 36, 23 · found 130 cells · no room for a meander: 134 of 290 cells, 35282 placements tried over 97 straight cells less 25 reserved, widest span 83 of the 35 a loop needs — 20911 the two ends do not face each other, 11659 no pair far enough apart for the legs, 2052 a cell of the loop is closed, 660 no room beside the way for the loop
[final]    45.03s    wire 26 · round 4 forward: no way after 8 relaxations; 27, 28, 29, 30, 31, 32, 33, 34 back as they were; keeps a way too short for its meander
[final]    45.19s    wire 44 · round 4 forward · normal: found 130 cells · no room for a meander: 153 of 290 cells, 106356 placements tried over 109 straight cells less 25 reserved, widest span 87 of the 35 a loop needs — 80188 the two ends do not face each other, 20414 no pair far enough apart for the legs, 3928 no room beside the way for the loop, 1826 a cell of the loop is closed, relaxing · in the way: the neighbours, the feedlines, the crossing rule, the coupler bodies
[final]    45.20s        lane 44 · resonator between two plain wires: both cut to its own span, 441 -> 141 cells; before 21, after 120, own 130 cells
[final]    45.30s    wire 44 · relax 1: let go of 45, fence 46, 43, 47, 42, f15, 41 · found 303 cells · meander: 153 → 289 cells for 290
[final]    46.13s    wire 45 · round 4 forward · normal: no way, relaxing · in the way: the neighbours
[final]    46.14s        lane 45 · before is a resonator: -2 prepended cut; before 426, after 431, own 310 cells
[final]    46.16s    wire 45 · relax 1: let go of 46, fence 47, 44, f15, 43, 48, 42 · found 311 cells
[final]    47.10s    wire 46 · round 4 forward · normal: no way, relaxing · in the way: the neighbours, the crossing rule
[final]    47.11s        lane 46 · after is a resonator: +2 prepended reversed; before 311, after 452, own 431 cells
[final]    47.12s    wire 46 · relax 1: let go of 47, fence f15, 45, 48, 44, 49, 43 · no way
[final]    47.13s        lane 46 · after is a resonator: +2 prepended reversed; before 311, after 452, own 431 cells
[final]    47.17s    wire 46 · relax 2: let go of f15, fence 48, 45, 49, 44, 50, 43 · no way
[final]    47.17s        lane 46 · after is a resonator: +2 prepended reversed; before 311, after 452, own 431 cells
[final]    47.22s    wire 46 · round 4 forward · relax 3: found 446 cells that do not cross its bridge f14 — refused as no way
[final]    47.22s    wire 46 · relax 3: let go of 48, fence 49, 45, 50, 44, 51, 43 · no way
[final]    47.23s        lane 46 · after is a resonator: +2 prepended reversed; before 311, after 452, own 431 cells
[final]    47.29s    wire 46 · round 4 forward · relax 4: found 446 cells that do not cross its bridge f14 — refused as no way
[final]    47.29s    wire 46 · relax 4: let go of 49, fence 50, 45, 51, 44, 52, 43 · no way
[final]    47.30s        lane 46 · after is a resonator: +2 prepended reversed; before 311, after 452, own 431 cells
[final]    47.36s    wire 46 · round 4 forward · relax 5: found 446 cells that do not cross its bridge f14 — refused as no way
[final]    47.36s    wire 46 · relax 5: let go of 50, fence 51, 45, 52, 44, 53, 43 · no way
[final]    47.37s        lane 46 · after is a resonator: +2 prepended reversed; before 311, after 452, own 431 cells
[final]    47.42s    wire 46 · round 4 forward · relax 6: found 446 cells that do not cross its bridge f14 — refused as no way
[final]    47.42s    wire 46 · relax 6: let go of 51, fence 52, 45, 53, 44, 54, 43 · no way
[final]    47.43s        lane 46 · after is a resonator: +2 prepended reversed; before 311, after 452, own 431 cells
[final]    47.49s    wire 46 · round 4 forward · relax 7: found 446 cells that do not cross its bridge f14 — refused as no way
[final]    47.49s    wire 46 · relax 7: let go of 52, fence 53, 45, 54, 44, 55, 43 · no way
[final]    47.50s        lane 46 · after is a resonator: +2 prepended reversed; before 311, after 452, own 431 cells
[final]    47.56s    wire 46 · round 4 forward · relax 8: found 446 cells that do not cross its bridge f14 — refused as no way
[final]    47.56s    wire 46 · relax 8: let go of 53, fence 54, 45, 55, 44, 56, 43 · no way
[final]    47.56s    wire 46 · round 4 forward: no way after 8 relaxations; 47, f15, 48, 49, 50, 51, 52, 53 back as they were
[final]    47.56s  feedline routing round 4 forward : tried 4, routed 2, unrouted 0, open 1, short 1 | Fails: 2
[final]    48.42s    wire 46 · round 5 backward · normal: no way, relaxing · in the way: the neighbours, the crossing rule
[final]    48.43s        lane 46 · after is a resonator: +2 prepended reversed; before 311, after 452, own 431 cells
[final]    48.45s    wire 46 · relax 1: let go of 45, fence 44, 47, 43, f15, 42, 48 · found 431 cells
[final]    49.31s    wire 45 · round 5 backward · normal: no way, relaxing · in the way: the neighbours
[final]    49.32s        lane 45 · before is a resonator: -2 prepended cut; before 426, after 431, own 311 cells
[final]    49.33s    wire 45 · relax 1: let go of 44, fence 43, 46, 42, 47, 41, f15 · found 310 cells
[final]    49.50s    wire 44 · round 5 backward · normal: found 130 cells · no room for a meander: 153 of 290 cells, 106356 placements tried over 109 straight cells less 25 reserved, widest span 87 of the 35 a loop needs — 80188 the two ends do not face each other, 20414 no pair far enough apart for the legs, 3928 no room beside the way for the loop, 1826 a cell of the loop is closed, relaxing · in the way: the neighbours, the feedlines, the crossing rule, the coupler bodies
[final]    49.51s        lane 44 · resonator between two plain wires: both cut to its own span, 441 -> 141 cells; before 21, after 120, own 303 cells
[final]    49.60s    wire 44 · relax 1: let go of 43, fence 42, 45, 41, 46, 40, 47 · found 130 cells · no room for a meander: 153 of 290 cells, 106356 placements tried over 109 straight cells less 25 reserved, widest span 87 of the 35 a loop needs — 80188 the two ends do not face each other, 20414 no pair far enough apart for the legs, 3928 no room beside the way for the loop, 1826 a cell of the loop is closed
[final]    49.61s        lane 44 · resonator between two plain wires: both cut to its own span, 441 -> 141 cells; before 21, after 120, own 303 cells
[final]    49.71s    wire 44 · relax 2: let go of 42, fence 41, 45, 40, 46, 39, 47 · found 130 cells · no room for a meander: 153 of 290 cells, 106356 placements tried over 109 straight cells less 25 reserved, widest span 87 of the 35 a loop needs — 80188 the two ends do not face each other, 20414 no pair far enough apart for the legs, 3928 no room beside the way for the loop, 1826 a cell of the loop is closed
[final]    49.72s        lane 44 · resonator between two plain wires: both cut to its own span, 441 -> 141 cells; before 21, after 120, own 303 cells
[final]    49.82s    wire 44 · relax 3: let go of 41, fence 40, 45, 39, 46, f11, 47 · found 130 cells · no room for a meander: 153 of 290 cells, 106356 placements tried over 109 straight cells less 25 reserved, widest span 87 of the 35 a loop needs — 80188 the two ends do not face each other, 20414 no pair far enough apart for the legs, 3928 no room beside the way for the loop, 1826 a cell of the loop is closed
[final]    49.83s        lane 44 · resonator between two plain wires: both cut to its own span, 441 -> 141 cells; before 21, after 120, own 303 cells
[final]    49.92s    wire 44 · relax 4: let go of 40, fence 39, 45, f11, 46, 38, 47 · found 130 cells · no room for a meander: 153 of 290 cells, 106356 placements tried over 109 straight cells less 25 reserved, widest span 87 of the 35 a loop needs — 80188 the two ends do not face each other, 20414 no pair far enough apart for the legs, 3928 no room beside the way for the loop, 1826 a cell of the loop is closed
[final]    49.93s        lane 44 · resonator between two plain wires: both cut to its own span, 441 -> 141 cells; before 21, after 120, own 303 cells
[final]    50.03s    wire 44 · relax 5: let go of 39, fence f11, 45, 38, 46, 37, 47 · found 130 cells · no room for a meander: 153 of 290 cells, 106356 placements tried over 109 straight cells less 25 reserved, widest span 87 of the 35 a loop needs — 80188 the two ends do not face each other, 20414 no pair far enough apart for the legs, 3928 no room beside the way for the loop, 1826 a cell of the loop is closed
[final]    50.04s        lane 44 · resonator between two plain wires: both cut to its own span, 441 -> 141 cells; before 21, after 120, own 303 cells
[final]    50.14s    wire 44 · relax 6: let go of f11, fence 38, 45, 37, 46, 36, 47 · found 130 cells · no room for a meander: 153 of 290 cells, 106356 placements tried over 109 straight cells less 25 reserved, widest span 87 of the 35 a loop needs — 80188 the two ends do not face each other, 20414 no pair far enough apart for the legs, 3928 no room beside the way for the loop, 1826 a cell of the loop is closed
[final]    50.15s        lane 44 · resonator between two plain wires: both cut to its own span, 441 -> 141 cells; before 21, after 120, own 303 cells
[final]    50.25s    wire 44 · relax 7: let go of 38, fence 37, 45, 36, 46, 35, 47 · found 130 cells · no room for a meander: 153 of 290 cells, 106356 placements tried over 109 straight cells less 25 reserved, widest span 87 of the 35 a loop needs — 80188 the two ends do not face each other, 20414 no pair far enough apart for the legs, 3928 no room beside the way for the loop, 1826 a cell of the loop is closed
[final]    50.26s        lane 44 · resonator between two plain wires: both cut to its own span, 441 -> 141 cells; before 21, after 120, own 303 cells
[final]    50.36s    wire 44 · relax 8: let go of 37, fence 36, 45, 35, 46, f10, 47 · found 130 cells · no room for a meander: 153 of 290 cells, 106356 placements tried over 109 straight cells less 25 reserved, widest span 87 of the 35 a loop needs — 80188 the two ends do not face each other, 20414 no pair far enough apart for the legs, 3928 no room beside the way for the loop, 1826 a cell of the loop is closed
[final]    50.36s    wire 44 · round 5 backward: no way after 8 relaxations; 43, 42, 41, 40, 39, f11, 38, 37 back as they were; keeps a way too short for its meander
[final]    50.47s    wire 26 · round 5 backward · normal: found 130 cells · no room for a meander: 134 of 290 cells, 35282 placements tried over 97 straight cells less 25 reserved, widest span 83 of the 35 a loop needs — 20911 the two ends do not face each other, 11659 no pair far enough apart for the legs, 2052 a cell of the loop is closed, 660 no room beside the way for the loop, relaxing · in the way: the neighbours, the feedlines, the crossing rule, the coupler bodies
[final]    50.48s        lane 26 · resonator between two plain wires: both cut to its own span, 386 -> 229 cells; before 136, after 93, own 130 cells
[final]    50.53s    wire 26 · relax 1: let go of 25, fence 24, 27, 23, 28, f6, 29 · found 130 cells · no room for a meander: 134 of 290 cells, 35282 placements tried over 97 straight cells less 25 reserved, widest span 83 of the 35 a loop needs — 20911 the two ends do not face each other, 11659 no pair far enough apart for the legs, 2052 a cell of the loop is closed, 660 no room beside the way for the loop
[final]    50.54s        lane 26 · resonator between two plain wires: both cut to its own span, 386 -> 229 cells; before 136, after 93, own 130 cells
[final]    50.59s    wire 26 · relax 2: let go of 24, fence 23, 27, f6, 28, 22, 29 · found 130 cells · no room for a meander: 134 of 290 cells, 35282 placements tried over 97 straight cells less 25 reserved, widest span 83 of the 35 a loop needs — 20911 the two ends do not face each other, 11659 no pair far enough apart for the legs, 2052 a cell of the loop is closed, 660 no room beside the way for the loop
[final]    50.60s        lane 26 · resonator between two plain wires: both cut to its own span, 386 -> 229 cells; before 136, after 93, own 130 cells
[final]    50.64s    wire 26 · relax 3: let go of 23, fence f6, 27, 22, 28, 21, 29 · found 130 cells · no room for a meander: 134 of 290 cells, 35282 placements tried over 97 straight cells less 25 reserved, widest span 83 of the 35 a loop needs — 20911 the two ends do not face each other, 11659 no pair far enough apart for the legs, 2052 a cell of the loop is closed, 660 no room beside the way for the loop
[final]    50.65s        lane 26 · resonator between two plain wires: both cut to its own span, 386 -> 229 cells; before 136, after 93, own 130 cells
[final]    50.70s    wire 26 · relax 4: let go of f6, fence 22, 27, 21, 28, f5, 29 · found 130 cells · no room for a meander: 134 of 290 cells, 35282 placements tried over 97 straight cells less 25 reserved, widest span 83 of the 35 a loop needs — 20911 the two ends do not face each other, 11659 no pair far enough apart for the legs, 2052 a cell of the loop is closed, 660 no room beside the way for the loop
[final]    50.71s        lane 26 · resonator between two plain wires: both cut to its own span, 386 -> 229 cells; before 136, after 93, own 130 cells
[final]    50.76s    wire 26 · relax 5: let go of 22, fence 21, 27, f5, 28, 20, 29 · found 130 cells · no room for a meander: 134 of 290 cells, 35282 placements tried over 97 straight cells less 25 reserved, widest span 83 of the 35 a loop needs — 20911 the two ends do not face each other, 11659 no pair far enough apart for the legs, 2052 a cell of the loop is closed, 660 no room beside the way for the loop
[final]    50.77s        lane 26 · resonator between two plain wires: both cut to its own span, 386 -> 229 cells; before 136, after 93, own 130 cells
[final]    50.81s    wire 26 · relax 6: let go of 21, fence f5, 27, 20, 28, 19, 29 · found 130 cells · no room for a meander: 134 of 290 cells, 35282 placements tried over 97 straight cells less 25 reserved, widest span 83 of the 35 a loop needs — 20911 the two ends do not face each other, 11659 no pair far enough apart for the legs, 2052 a cell of the loop is closed, 660 no room beside the way for the loop
[final]    50.82s        lane 26 · resonator between two plain wires: both cut to its own span, 386 -> 229 cells; before 136, after 93, own 130 cells
[final]    50.88s    wire 26 · relax 7: let go of f5, fence 20, 27, 19, 28, 18, 29 · found 130 cells · no room for a meander: 134 of 290 cells, 35282 placements tried over 97 straight cells less 25 reserved, widest span 83 of the 35 a loop needs — 20911 the two ends do not face each other, 11659 no pair far enough apart for the legs, 2052 a cell of the loop is closed, 660 no room beside the way for the loop
[final]    50.89s        lane 26 · resonator between two plain wires: both cut to its own span, 386 -> 229 cells; before 136, after 93, own 130 cells
[final]    50.93s    wire 26 · relax 8: let go of 20, fence 19, 27, 18, 28, 17, 29 · found 130 cells · no room for a meander: 134 of 290 cells, 35282 placements tried over 97 straight cells less 25 reserved, widest span 83 of the 35 a loop needs — 20911 the two ends do not face each other, 11659 no pair far enough apart for the legs, 2052 a cell of the loop is closed, 660 no room beside the way for the loop
[final]    50.93s    wire 26 · round 5 backward: no way after 8 relaxations; 25, 24, 23, f6, 22, 21, f5, 20 back as they were; keeps a way too short for its meander
[final]    50.93s  feedline routing round 5 backward: tried 4, routed 2, unrouted 0, open 0, short 2 | Fails: 2
[final]    50.93s  feedline routing: 4 rounds without progress, stopping
[final]    50.93s    13 crosses at (1328,562), 10 cells from edge f2, which runs coupler 3 (axial) -> coupler 4 (axial)
[final]    50.94s  feedline routing: 65 of 65 drawn, 0 unrouted, 0 open, 8 short, 0 long, 1 crossing a feedline | Fails: 9
[final]    50.94s  feedline routing: unrouted: - · open: - · short: 1, 11, 26, 30, 39, 40, 44, 47 · long: - · crossing: 13 · meeting itself: -
[final]    50.94s  feedline routing: 26 ways refused for not crossing the wire's bridge (SCPD_BRIDGE_CHECK)
[final]    50.94s  feedline routing round 0 forward : 54 found a way in phase 1, 6 after relaxation, 5 failed: 4, 26, 32, 46, 55, 2 kept a way too short for its meander
[final]    50.94s  feedline routing round 1 backward: 3 found a way in phase 1, 6 after relaxation, 2 failed: 44, 26, 2 kept a way too short for its meander
[final]    50.94s  feedline routing round 2 forward : 0 found a way in phase 1, 2 after relaxation, 2 failed: 26, 46, 1 kept a way too short for its meander
[final]    50.94s  feedline routing round 3 backward: 0 found a way in phase 1, 2 after relaxation, 2 failed: 44, 26, 2 kept a way too short for its meander
[final]    50.94s  feedline routing round 4 forward : 0 found a way in phase 1, 2 after relaxation, 2 failed: 26, 46, 1 kept a way too short for its meander
[final]    50.94s  feedline routing round 5 backward: 0 found a way in phase 1, 2 after relaxation, 2 failed: 44, 26, 2 kept a way too short for its meander
[final]    50.94s  inner routing under the feedlines: 0 of 14 wires start on the way the Detail stage drew
[final]    50.94s  feedline routing settings: a resonator runs the rule's straight again after its lead no (default), fixed places fenced yes (default), crossing rule on (default), the exit heading tested no (default), a way that misses the wire's bridge refused yes (default), lane polygon priced yes (default), the terminal edges' coupler runs guarded yes (default) by 5 cells more (default)
[final]    50.94s  the ring the feedline pass sweeps: i0 i1 i2 i3 i4 i5 i6 i7 i8 i9 i10 i11 i12 i13
[final]    50.94s  inner routing under the feedlines: 14 wires, up to 4 rounds, 8 relaxations each way
[final]    50.95s    wire i0 · round 0 forward · normal: found 158 cells
[final]    50.95s    wire i1 · round 0 forward · normal: found 153 cells
[final]    50.95s    wire i2 · round 0 forward · normal: found 124 cells
[final]    50.96s    wire i3 · round 0 forward · normal: found 67 cells
[final]    50.96s    wire i4 · round 0 forward · normal: found 183 cells
[final]    50.96s    wire i5 · round 0 forward · normal: found 124 cells
[final]    50.97s    wire i6 · round 0 forward · normal: found 138 cells
[final]    50.97s    wire i7 · round 0 forward · normal: found 67 cells
[final]    50.97s    wire i8 · round 0 forward · normal: found 124 cells
[final]    50.97s    wire i9 · round 0 forward · normal: found 120 cells
[final]    50.98s    wire i10 · round 0 forward · normal: found 124 cells
[final]    50.98s    wire i11 · round 0 forward · normal: found 119 cells
[final]    50.98s    wire i12 · round 0 forward · normal: found 160 cells
[final]    50.99s    wire i13 · round 0 forward · normal: found 67 cells
[final]    50.99s  inner routing under the feedlines round 0 forward : tried 14, routed 14, unrouted 0, open 0, short 0 | Fails: 0
[final]    50.99s  inner routing under the feedlines: 14 of 14 drawn, 0 unrouted, 0 open, 0 short, 0 long, 0 crossing a feedline | Fails: 0
[final]    50.99s  inner routing under the feedlines: 0 ways refused for not crossing the wire's bridge (SCPD_BRIDGE_CHECK)
[final]    50.99s  inner routing under the feedlines round 0 forward : 14 found a way in phase 1, 0 after relaxation, 0 failed
[final]    50.99s  targeted repair settings: re-search yes (default), k 2 (default), grow 1 (default), 20s a segment (default), 2 rounds (default), jogs on (default), sees chains yes (default), final sweep off (default), budget 0 legality tests (repair_trials), crossing rule on (default)
[final]    50.99s    13 crosses at (1328,562), 10 cells from edge f2, which runs coupler 3 (axial) -> coupler 4 (axial)
[final]    51.00s    targeted repair: fail 13 (crossing at (1328,562)) blames f2 (chain 0 edge 2)
[final]    51.00s    targeted repair: segment chain 0 waypoints 1..4 (3 edges, interior couplers '11' '15') from fails 13 (crossing at (1328,562))
[final]    51.00s  targeted repair: 1 fail → 1 segment (chains 0), 0 fails with no edge or coupler within reach
[final]    51.00s  targeted repair: the budget of 0 legality tests is spent, 1 segment left unsearched
[final]    51.00s  feedline routing: CHECK feedline crossings — 0 pairs of edges of different chains cross; the check is GREEN
[final]    51.02s  feedline routing: CHECK feedline room — 0 feedline/lead pairs closer than the rule; the check is GREEN
[final]    51.02s  ==> targeted repair: 1 segment built, 0 searched, 0 accepted (0 re-triages); 0 legality tests of 0 (0 refused, 0 the current run), 0 edge searches; unrouted 0 -> 0, open 0 -> 0, crossing 1 -> 1 (bad 1 -> 1), 0.0s
[final]    51.02s  the stage stops after feedlines, as stop_after asks
[final]    51.02s  resonator 1 to Qb15.port0: 2215 units of way + 113 to the port = 2329 units, short of 3000 within 200
[final]    51.02s  resonator 5 to Qb14.port0: 2872 units of way + 113 to the port = 2985 units, meets 3000 within 200
[final]    51.02s  resonator 10 to Coupler13_17.port1: 2624 units of way + 203 to the port = 2826 units, meets 3000 within 200
[final]    51.02s  resonator 11 to Qb17.port0: 2578 units of way + 112 to the port = 2690 units, short of 3000 within 200
[final]    51.02s  resonator 15 to Qb16.port0: 2895 units of way + 112 to the port = 3007 units, meets 3000 within 200
[final]    51.02s  resonator 18 to Qb12.port0: 2858 units of way + 112 to the port = 2971 units, meets 3000 within 200
[final]    51.02s  resonator 20 to Coupler8_12.port1: 2801 units of way + 206 to the port = 3008 units, meets 3000 within 200
[final]    51.02s  resonator 23 to Qb8.port0: 2928 units of way + 113 to the port = 3041 units, meets 3000 within 200
[final]    51.02s  resonator 26 to Qb7.port0: 1334 units of way + 112 to the port = 1446 units, short of 3000 within 200
[final]    51.02s  resonator 30 to Qb3.port0: 2638 units of way + 105 to the port = 2743 units, short of 3000 within 200
[final]    51.02s  resonator 34 to Qb4.port0: 2779 units of way + 111 to the port = 2890 units, meets 3000 within 200
[final]    51.02s  resonator 39 to Coupler1_5.port1: 2455 units of way + 201 to the port = 2656 units, short of 3000 within 200
[final]    51.02s  resonator 40 to Qb1.port0: 2318 units of way + 114 to the port = 2432 units, short of 3000 within 200
[final]    51.02s  resonator 44 to Qb2.port0: 1528 units of way + 110 to the port = 1638 units, short of 3000 within 200
[final]    51.02s  resonator 47 to Qb6.port0: 2694 units of way + 104 to the port = 2797 units, short of 3000 within 200
[final]    51.02s  resonator 52 to Qb10.port0: 2972 units of way + 111 to the port = 3083 units, meets 3000 within 200
[final]    51.02s  resonator 55 to Qb11.port0: 2901 units of way + 104 to the port = 3004 units, meets 3000 within 200
[final]    51.02s  resonators: 17 in all, 1446 to 3083 units, 8 off 3000 by more than 200
[final]    51.02s    13 crosses at (1328,562), 10 cells from edge f2, which runs coupler 3 (axial) -> coupler 4 (axial)
[final]    51.03s  final routing: 92 of 92 drawn, 0 unrouted, 0 open, 8 short, 0 long, 1 crossing a feedline | Fails: 9
[final]    51.03s  final routing: unrouted: - · open: - · short: 1, 11, 26, 30, 39, 40, 44, 47 · long: - · crossing: 13 · meeting itself: -
final     -> 06-final.fb (1086032 bytes)
real 51.31
user 50.26
sys 0.72
### 17q end 14:31:03
